NC_068981.1	3924974	3924981	0.39797264337539673	NC_068981.1	3924748	3924991	LOC106870901	0	-	L-proline trans-4-hydroxylase
NC_068981.1	4646235	4646312	0.9560199975967407	NC_068981.1	4644302	4646718	LOC106875876	0	-	tigger transposable element-derived protein 1-like, transcript variant X3
NC_068981.1	4646235	4646312	0.9560199975967407	NC_068981.1	4644302	4646718	LOC106875876	0	-	tigger transposable element-derived protein 1-like, transcript variant X5
NC_068981.1	4646353	4646384	0.9177535176277161	NC_068981.1	4644302	4646718	LOC106875876	0	-	tigger transposable element-derived protein 1-like, transcript variant X3
NC_068981.1	4646353	4646384	0.9177535176277161	NC_068981.1	4644302	4646718	LOC106875876	0	-	tigger transposable element-derived protein 1-like, transcript variant X5
NC_068981.1	4646604	4646611	0.41314461827278137	NC_068981.1	4644302	4646718	LOC106875876	0	-	tigger transposable element-derived protein 1-like, transcript variant X3
NC_068981.1	4646604	4646611	0.41314461827278137	NC_068981.1	4644302	4646718	LOC106875876	0	-	tigger transposable element-derived protein 1-like, transcript variant X5
NC_068981.1	12598451	12598490	0.8872810006141663	NC_068981.1	12598104	12598863	LOC106870672	0	-	beta-1,3-galactosyltransferase 5, transcript variant X5
NC_068981.1	12598451	12598490	0.8872810006141663	NC_068981.1	12598104	12598863	LOC106870672	0	-	beta-1,3-galactosyltransferase 5, transcript variant X1
NC_068981.1	26238036	26238056	0.4637632369995117	NC_068981.1	26236366	26238400	LOC106876180	0	-	TWiK family of potassium channels protein 18, transcript variant X1
NC_068981.1	26238036	26238056	0.4637632369995117	NC_068981.1	26236366	26238400	LOC106876180	0	-	TWiK family of potassium channels protein 18, transcript variant X10
NC_068981.1	26238036	26238056	0.4637632369995117	NC_068981.1	26236366	26238400	LOC106876180	0	-	TWiK family of potassium channels protein 18, transcript variant X8
NC_068981.1	26238036	26238056	0.4637632369995117	NC_068981.1	26236366	26238400	LOC106876180	0	-	TWiK family of potassium channels protein 18, transcript variant X7
NC_068981.1	26238036	26238056	0.4637632369995117	NC_068981.1	26236366	26238400	LOC106876180	0	-	TWiK family of potassium channels protein 18, transcript variant X3
NC_068981.1	26238036	26238056	0.4637632369995117	NC_068981.1	26236366	26238400	LOC106876180	0	-	TWiK family of potassium channels protein 18, transcript variant X2
NC_068981.1	26238036	26238056	0.4637632369995117	NC_068981.1	26236366	26238400	LOC106876180	0	-	TWiK family of potassium channels protein 18, transcript variant X6
NC_068981.1	33429602	33429616	0.42311081290245056	NC_068981.1	33428432	33430115	LOC106878029	0	-	solute carrier family 66 member 2, transcript variant X7
NC_068981.1	33430830	33430896	0.9353736042976379	NC_068981.1	33430383	33430896	LOC106878029	0	-	solute carrier family 66 member 2, transcript variant X1
NC_068981.1	33430830	33430893	0.9353736042976379	NC_068981.1	33430383	33430893	LOC106878029	0	-	solute carrier family 66 member 2, transcript variant X8
NC_068981.1	33430830	33430896	0.9353736042976379	NC_068981.1	33430383	33431086	LOC106878029	0	-	solute carrier family 66 member 2, transcript variant X9
NC_068981.1	33430830	33430893	0.9353736042976379	NC_068981.1	33430383	33430893	LOC106878029	0	-	solute carrier family 66 member 2, transcript variant X3
NC_068981.1	33430830	33430893	0.9353736042976379	NC_068981.1	33430383	33430893	LOC106878029	0	-	solute carrier family 66 member 2, transcript variant X5
NC_068981.1	33430830	33430896	0.9353736042976379	NC_068981.1	33430383	33430905	LOC106878029	0	-	solute carrier family 66 member 2, transcript variant X10
NC_068981.1	33430830	33430890	0.9353736042976379	NC_068981.1	33430383	33430890	LOC106878029	0	-	solute carrier family 66 member 2, transcript variant X4
NC_068981.1	59152244	59152262	0.3934893012046814	NC_068981.1	59151959	59153916	LOC106877850	0	-	FMRFamide receptor, transcript variant X2
NC_068981.1	59152244	59152262	0.3934893012046814	NC_068981.1	59151959	59153916	LOC106877850	0	-	FMRFamide receptor, transcript variant X3
NC_068981.1	59152244	59152262	0.3934893012046814	NC_068981.1	59151959	59153916	LOC106877850	0	-	FMRFamide receptor, transcript variant X1
NC_068981.1	78832939	78832944	0.30642184615135193	NC_068981.1	78832781	78833196	LOC106883562	0	-	chromodomain Y-like protein 2, transcript variant X1
NC_068981.1	98293411	98293430	0.3943670392036438	NC_068981.1	98293247	98293452	LOC106882607	0	-	signal peptide peptidase-like 3
NC_068981.1	98650218	98650240	0.800283670425415	NC_068981.1	98650097	98650539	LOC106876178	0	-	DNA repair protein RAD50, transcript variant X2
NC_068981.1	98650218	98650240	0.800283670425415	NC_068981.1	98650075	98650539	LOC106876178	0	-	DNA repair protein RAD50, transcript variant X5
NC_068981.1	98650269	98650285	0.8690367937088013	NC_068981.1	98650097	98650539	LOC106876178	0	-	DNA repair protein RAD50, transcript variant X2
NC_068981.1	98650269	98650285	0.8690367937088013	NC_068981.1	98650075	98650539	LOC106876178	0	-	DNA repair protein RAD50, transcript variant X5
NC_068981.1	98650333	98650351	0.8871791362762451	NC_068981.1	98650097	98650539	LOC106876178	0	-	DNA repair protein RAD50, transcript variant X2
NC_068981.1	98650333	98650351	0.8871791362762451	NC_068981.1	98650075	98650539	LOC106876178	0	-	DNA repair protein RAD50, transcript variant X5
NC_068981.1	102207387	102207403	0.6920775175094604	NC_068981.1	102206813	102208727	LOC106874363	0	-	uncharacterized LOC106874363, transcript variant X4
NC_068981.1	102207426	102207444	0.648124635219574	NC_068981.1	102206813	102208727	LOC106874363	0	-	uncharacterized LOC106874363, transcript variant X4
NC_068981.1	108273898	108273913	0.4972047209739685	NC_068981.1	108273194	108274132	LOC106881157	0	-	uncharacterized LOC106881157, transcript variant X3
NC_068981.1	108533527	108533584	0.9422887563705444	NC_068981.1	108533429	108533684	LOC106883614	0	-	sodium-dependent neutral amino acid transporter B(0)AT3, transcript variant X4
NC_068981.1	114003900	114003907	0.43961167335510254	NC_068981.1	114003692	114004273	LOC106881736	0	-	G-protein coupled receptor 83, transcript variant X1
NC_068981.1	118402583	118402636	0.7392698526382446	NC_068981.1	118401591	118402899	LOC106879694	0	-	neuronal acetylcholine receptor subunit alpha-10, transcript variant X1
NC_068981.1	118402583	118402636	0.7392698526382446	NC_068981.1	118401591	118402896	LOC106879694	0	-	neuronal acetylcholine receptor subunit alpha-10, transcript variant X8
NC_068981.1	149348291	149348322	0.7510475516319275	NC_068981.1	149347960	149348594	LOC106875923	0	-	dopamine beta-hydroxylase
NC_068981.1	149348551	149348556	0.37609484791755676	NC_068981.1	149347960	149348594	LOC106875923	0	-	dopamine beta-hydroxylase
NC_068981.1	150598130	150598148	0.561145544052124	NC_068981.1	150594392	150605775	LOC106879466	0	-	uncharacterized LOC106879466, transcript variant X3
NC_068981.1	150598130	150598148	0.561145544052124	NC_068981.1	150594392	150605775	LOC106879466	0	-	uncharacterized LOC106879466, transcript variant X5
NC_068981.1	150598130	150598148	0.561145544052124	NC_068981.1	150594392	150605775	LOC106879466	0	-	uncharacterized LOC106879466, transcript variant X15
NC_068981.1	150598130	150598148	0.561145544052124	NC_068981.1	150594392	150605775	LOC106879466	0	-	uncharacterized LOC106879466, transcript variant X4
NC_068981.1	150598130	150598148	0.561145544052124	NC_068981.1	150594392	150605775	LOC106879466	0	-	uncharacterized LOC106879466, transcript variant X13
NC_068981.1	150598130	150598148	0.561145544052124	NC_068981.1	150594392	150605775	LOC106879466	0	-	uncharacterized LOC106879466, transcript variant X11
NC_068981.1	150598130	150598148	0.561145544052124	NC_068981.1	150594392	150605775	LOC106879466	0	-	uncharacterized LOC106879466, transcript variant X8
NC_068981.1	150598130	150598148	0.561145544052124	NC_068981.1	150594392	150605775	LOC106879466	0	-	uncharacterized LOC106879466, transcript variant X12
NC_068981.1	150598130	150598148	0.561145544052124	NC_068981.1	150594392	150605775	LOC106879466	0	-	uncharacterized LOC106879466, transcript variant X14
NC_068981.1	150598130	150598148	0.561145544052124	NC_068981.1	150594392	150605775	LOC106879466	0	-	uncharacterized LOC106879466, transcript variant X10
NC_068981.1	150598130	150598148	0.561145544052124	NC_068981.1	150594392	150605775	LOC106879466	0	-	uncharacterized LOC106879466, transcript variant X1
NC_068981.1	150598130	150598148	0.561145544052124	NC_068981.1	150594392	150605775	LOC106879466	0	-	uncharacterized LOC106879466, transcript variant X7
NC_068981.1	150598130	150598148	0.561145544052124	NC_068981.1	150594392	150605775	LOC106879466	0	-	uncharacterized LOC106879466, transcript variant X2
NC_068981.1	150598130	150598148	0.561145544052124	NC_068981.1	150594392	150605775	LOC106879466	0	-	uncharacterized LOC106879466, transcript variant X9
NC_068981.1	150598130	150598148	0.561145544052124	NC_068981.1	150594392	150605775	LOC106879466	0	-	uncharacterized LOC106879466, transcript variant X6
NC_068981.1	150598170	150598182	0.37535592913627625	NC_068981.1	150594392	150605775	LOC106879466	0	-	uncharacterized LOC106879466, transcript variant X3
NC_068981.1	150598170	150598182	0.37535592913627625	NC_068981.1	150594392	150605775	LOC106879466	0	-	uncharacterized LOC106879466, transcript variant X5
NC_068981.1	150598170	150598182	0.37535592913627625	NC_068981.1	150594392	150605775	LOC106879466	0	-	uncharacterized LOC106879466, transcript variant X15
NC_068981.1	150598170	150598182	0.37535592913627625	NC_068981.1	150594392	150605775	LOC106879466	0	-	uncharacterized LOC106879466, transcript variant X4
NC_068981.1	150598170	150598182	0.37535592913627625	NC_068981.1	150594392	150605775	LOC106879466	0	-	uncharacterized LOC106879466, transcript variant X13
NC_068981.1	150598170	150598182	0.37535592913627625	NC_068981.1	150594392	150605775	LOC106879466	0	-	uncharacterized LOC106879466, transcript variant X11
NC_068981.1	150598170	150598182	0.37535592913627625	NC_068981.1	150594392	150605775	LOC106879466	0	-	uncharacterized LOC106879466, transcript variant X8
NC_068981.1	150598170	150598182	0.37535592913627625	NC_068981.1	150594392	150605775	LOC106879466	0	-	uncharacterized LOC106879466, transcript variant X12
NC_068981.1	150598170	150598182	0.37535592913627625	NC_068981.1	150594392	150605775	LOC106879466	0	-	uncharacterized LOC106879466, transcript variant X14
NC_068981.1	150598170	150598182	0.37535592913627625	NC_068981.1	150594392	150605775	LOC106879466	0	-	uncharacterized LOC106879466, transcript variant X10
NC_068981.1	150598170	150598182	0.37535592913627625	NC_068981.1	150594392	150605775	LOC106879466	0	-	uncharacterized LOC106879466, transcript variant X1
NC_068981.1	150598170	150598182	0.37535592913627625	NC_068981.1	150594392	150605775	LOC106879466	0	-	uncharacterized LOC106879466, transcript variant X7
NC_068981.1	150598170	150598182	0.37535592913627625	NC_068981.1	150594392	150605775	LOC106879466	0	-	uncharacterized LOC106879466, transcript variant X2
NC_068981.1	150598170	150598182	0.37535592913627625	NC_068981.1	150594392	150605775	LOC106879466	0	-	uncharacterized LOC106879466, transcript variant X9
NC_068981.1	150598170	150598182	0.37535592913627625	NC_068981.1	150594392	150605775	LOC106879466	0	-	uncharacterized LOC106879466, transcript variant X6
NC_068981.1	158881327	158881346	0.6248395442962646	NC_068981.1	158880149	158881556	LOC106882875	0	-	transmembrane protein 104, transcript variant X4
NC_068981.1	159433507	159433523	0.5325594544410706	NC_068981.1	159432574	159433620	LOC106884427	0	-	uncharacterized protein DDB_G0283357, transcript variant X1
NC_068981.1	159433533	159433548	0.5573015809059143	NC_068981.1	159432574	159433620	LOC106884427	0	-	uncharacterized protein DDB_G0283357, transcript variant X1
NC_068981.1	159777858	159777865	0.9097282886505127	NC_068981.1	159777693	159777865	LOC106884425	0	-	protein transport protein Sec24A, transcript variant X1
NC_068981.1	159777858	159777863	0.9097282886505127	NC_068981.1	159777693	159777863	LOC106884425	0	-	protein transport protein Sec24A, transcript variant X4
NC_068981.1	160496991	160497008	0.5429022312164307	NC_068981.1	160496688	160497070	LOC106884421	0	-	uncharacterized LOC106884421, transcript variant X4
NC_068981.1	173570870	173570877	0.33604696393013	NC_068981.1	173570535	173571031	LOC106867662	0	-	TBC1 domain family member 16, transcript variant X2
NC_068981.1	173930150	173930175	0.8767848014831543	NC_068981.1	173930057	173930194	LOC106867653	0	-	uncharacterized LOC106867653, transcript variant X3
NC_068981.1	173930150	173930175	0.8767848014831543	NC_068981.1	173930076	173930194	LOC106867653	0	-	uncharacterized LOC106867653, transcript variant X4
NC_068981.1	173930150	173930175	0.8767848014831543	NC_068981.1	173930072	173930193	LOC106867653	0	-	uncharacterized LOC106867653, transcript variant X1
NC_068981.1	173930150	173930175	0.8767848014831543	NC_068981.1	173930072	173930194	LOC106867653	0	-	uncharacterized LOC106867653, transcript variant X2
NC_068981.1	179053462	179053468	0.36590325832366943	NC_068981.1	179053272	179053476	LOC106868400	0	-	von Hippel-Lindau disease tumor suppressor
NC_068981.1	179053469	179053476	0.34974294900894165	NC_068981.1	179053272	179053476	LOC106868400	0	-	von Hippel-Lindau disease tumor suppressor
NC_068981.1	184023572	184023580	0.5063260197639465	NC_068981.1	184022541	184023580	LOC106879325	0	-	kinesin-like protein KIF22, transcript variant X1
NC_068981.1	184023572	184023581	0.5063260197639465	NC_068981.1	184022541	184023581	LOC106879325	0	-	kinesin-like protein KIF22, transcript variant X2
NC_068981.1	194220593	194220606	0.43530258536338806	NC_068981.1	194220386	194221047	LOC106869904	0	-	E3 ubiquitin-protein ligase RNF12-B, transcript variant X2
NC_068981.1	194220593	194220606	0.43530258536338806	NC_068981.1	194220386	194221030	LOC106869904	0	-	E3 ubiquitin-protein ligase RNF12-B, transcript variant X4
NC_068981.1	194220629	194220644	0.5572043657302856	NC_068981.1	194220386	194221047	LOC106869904	0	-	E3 ubiquitin-protein ligase RNF12-B, transcript variant X2
NC_068981.1	194220629	194220644	0.5572043657302856	NC_068981.1	194220386	194221030	LOC106869904	0	-	E3 ubiquitin-protein ligase RNF12-B, transcript variant X4
NC_068981.1	194220705	194220729	0.6263635754585266	NC_068981.1	194220386	194221047	LOC106869904	0	-	E3 ubiquitin-protein ligase RNF12-B, transcript variant X2
NC_068981.1	194220705	194220729	0.6263635754585266	NC_068981.1	194220386	194221030	LOC106869904	0	-	E3 ubiquitin-protein ligase RNF12-B, transcript variant X4
NC_068982.1	41891441	41891457	0.41516998410224915	NC_068982.1	41891142	41891489	LOC106880541	0	-	uncharacterized LOC106880541, transcript variant X3
NC_068982.1	48810068	48810085	0.42332765460014343	NC_068982.1	48809607	48810788	LOC106871625	0	-	mucin-5AC, transcript variant X2
NC_068982.1	48810068	48810085	0.42332765460014343	NC_068982.1	48809607	48810788	LOC106871625	0	-	mucin-5AC, transcript variant X1
NC_068982.1	78371670	78371686	0.8112418055534363	NC_068982.1	78371579	78371686	LOC106868412	0	-	uncharacterized LOC106868412, transcript variant X5
NC_068982.1	84851458	84851461	0.8502418994903564	NC_068982.1	84850823	84851461	LOC106870969	0	-	diacylglycerol kinase epsilon, transcript variant X3
NC_068982.1	90689947	90689969	0.8674869537353516	NC_068982.1	90689234	90690115	LOC106874430	0	-	uncharacterized LOC106874430, transcript variant X2
NC_068982.1	90689947	90689969	0.8674869537353516	NC_068982.1	90689234	90690114	LOC106874430	0	-	uncharacterized LOC106874430, transcript variant X3
NC_068982.1	90689947	90689969	0.8674869537353516	NC_068982.1	90689234	90690115	LOC106874430	0	-	uncharacterized LOC106874430, transcript variant X1
NC_068982.1	90689989	90690017	0.8046246767044067	NC_068982.1	90689234	90690115	LOC106874430	0	-	uncharacterized LOC106874430, transcript variant X2
NC_068982.1	90689989	90690017	0.8046246767044067	NC_068982.1	90689234	90690114	LOC106874430	0	-	uncharacterized LOC106874430, transcript variant X3
NC_068982.1	90689989	90690017	0.8046246767044067	NC_068982.1	90689234	90690115	LOC106874430	0	-	uncharacterized LOC106874430, transcript variant X1
NC_068982.1	92656686	92656702	0.8008518815040588	NC_068982.1	92656678	92656944	LOC106883999	0	-	uncharacterized LOC106883999, transcript variant X5
NC_068982.1	92976589	92976596	0.2992784082889557	NC_068982.1	92976380	92976600	LOC106874266	0	-	pyrokinin-1 receptor
NC_068982.1	98721893	98721899	0.6172754168510437	NC_068982.1	98720710	98721899	LOC128247071	0	-	uncharacterized LOC128247071
NC_068982.1	100493889	100493891	0.37358030676841736	NC_068982.1	100493889	100494064	LOC106871624	0	-	myb-like protein A, transcript variant X14
NC_068982.1	100493889	100493891	0.37358030676841736	NC_068982.1	100493889	100494064	LOC106871624	0	-	myb-like protein A, transcript variant X1
NC_068982.1	100493889	100493891	0.37358030676841736	NC_068982.1	100493889	100494064	LOC106871624	0	-	myb-like protein A, transcript variant X15
NC_068982.1	100493889	100493891	0.37358030676841736	NC_068982.1	100493889	100494064	LOC106871624	0	-	myb-like protein A, transcript variant X13
NC_068982.1	100493889	100493891	0.37358030676841736	NC_068982.1	100493889	100494064	LOC106871624	0	-	myb-like protein A, transcript variant X4
NC_068982.1	104966012	104966025	0.4639100432395935	NC_068982.1	104965905	104966443	LOC106882524	0	-	leucine zipper putative tumor suppressor 2 homolog, transcript variant X2
NC_068982.1	104966036	104966042	0.3695342242717743	NC_068982.1	104965905	104966443	LOC106882524	0	-	leucine zipper putative tumor suppressor 2 homolog, transcript variant X2
NC_068982.1	110845673	110845679	0.2881706655025482	NC_068982.1	110845236	110846092	LOC106884307	0	-	LIM/homeobox protein Lhx3
NC_068982.1	110845963	110845980	0.6627032160758972	NC_068982.1	110845236	110846092	LOC106884307	0	-	LIM/homeobox protein Lhx3
NC_068982.1	115224538	115224544	0.44521966576576233	NC_068982.1	115224243	115225239	LOC106881128	0	-	sentrin-specific protease 6, transcript variant X8
NC_068982.1	120651069	120651105	0.6107995510101318	NC_068982.1	120650510	120651643	LOC106875300	0	-	probable serine/threonine-protein kinase tsuA
NC_068982.1	120651158	120651182	0.7282918095588684	NC_068982.1	120650510	120651643	LOC106875300	0	-	probable serine/threonine-protein kinase tsuA
NC_068982.1	120651184	120651199	0.4912791848182678	NC_068982.1	120650510	120651643	LOC106875300	0	-	probable serine/threonine-protein kinase tsuA
NC_068982.1	120651202	120651232	0.4139200448989868	NC_068982.1	120650510	120651643	LOC106875300	0	-	probable serine/threonine-protein kinase tsuA
NC_068982.1	124448960	124448967	0.9021618366241455	NC_068982.1	124448692	124448967	LOC106871002	0	-	uncharacterized LOC106871002, transcript variant X2
NC_068982.1	124880554	124880568	0.3170188367366791	NC_068982.1	124880229	124880976	LOC106867206	0	-	uncharacterized LOC106867206, transcript variant X1
NC_068982.1	124880554	124880568	0.3170188367366791	NC_068982.1	124880229	124880976	LOC106867206	0	-	uncharacterized LOC106867206, transcript variant X2
NC_068982.1	124880629	124880651	0.4552086889743805	NC_068982.1	124880229	124880976	LOC106867206	0	-	uncharacterized LOC106867206, transcript variant X1
NC_068982.1	124880629	124880651	0.4552086889743805	NC_068982.1	124880229	124880976	LOC106867206	0	-	uncharacterized LOC106867206, transcript variant X2
NC_068982.1	124880696	124880726	0.4630369544029236	NC_068982.1	124880229	124880976	LOC106867206	0	-	uncharacterized LOC106867206, transcript variant X1
NC_068982.1	124880696	124880726	0.4630369544029236	NC_068982.1	124880229	124880976	LOC106867206	0	-	uncharacterized LOC106867206, transcript variant X2
NC_068982.1	126446424	126446447	0.47880882024765015	NC_068982.1	126446126	126447042	LOC106871219	0	-	cysteine/serine-rich nuclear protein 3, transcript variant X2
NC_068982.1	126446424	126446447	0.47880882024765015	NC_068982.1	126446126	126447042	LOC106871219	0	-	cysteine/serine-rich nuclear protein 3, transcript variant X1
NC_068982.1	126446456	126446478	0.523303210735321	NC_068982.1	126446126	126447042	LOC106871219	0	-	cysteine/serine-rich nuclear protein 3, transcript variant X2
NC_068982.1	126446456	126446478	0.523303210735321	NC_068982.1	126446126	126447042	LOC106871219	0	-	cysteine/serine-rich nuclear protein 3, transcript variant X1
NC_068982.1	134140784	134140800	0.3542816638946533	NC_068982.1	134137136	134143346	LOC106877276	0	-	tyrosine-protein phosphatase 10D, transcript variant X8
NC_068982.1	134140866	134140877	0.36973392963409424	NC_068982.1	134137136	134143346	LOC106877276	0	-	tyrosine-protein phosphatase 10D, transcript variant X8
NC_068982.1	144527887	144527908	0.6590486168861389	NC_068982.1	144527713	144528519	LOC106875150	0	-	FERM domain-containing protein 4A, transcript variant X7
NC_068982.1	144527917	144527952	0.6193145513534546	NC_068982.1	144527713	144528519	LOC106875150	0	-	FERM domain-containing protein 4A, transcript variant X7
NC_068982.1	144528012	144528021	0.3431779444217682	NC_068982.1	144527713	144528519	LOC106875150	0	-	FERM domain-containing protein 4A, transcript variant X7
NC_068982.1	144687390	144687396	0.7349727153778076	NC_068982.1	144687248	144687396	LOC106879211	0	-	hepatocyte growth factor receptor, transcript variant X4
NC_068982.1	144792258	144792264	0.3072190582752228	NC_068982.1	144792163	144792477	LOC106879211	0	-	hepatocyte growth factor receptor, transcript variant X3
NC_068982.1	144792289	144792320	0.5009890198707581	NC_068982.1	144792163	144792477	LOC106879211	0	-	hepatocyte growth factor receptor, transcript variant X3
NC_068982.1	150748172	150748177	0.2934628129005432	NC_068982.1	150745395	150752993	LOC106874334	0	-	major facilitator superfamily domain-containing protein 12, transcript variant X2
NC_068982.1	175815732	175815741	0.36318182945251465	NC_068982.1	175815629	175815821	LOC106882686	0	-	vitamin D3 receptor, transcript variant X12
NC_068982.1	175815732	175815741	0.36318182945251465	NC_068982.1	175815629	175815821	LOC106882686	0	-	vitamin D3 receptor, transcript variant X7
NC_068982.1	185643936	185643943	0.3967556655406952	NC_068982.1	185643765	185644133	LOC106872597	0	-	adenylate kinase, transcript variant X2
NC_068982.1	186281613	186281631	0.6454858183860779	NC_068982.1	186281559	186281829	LOC106873290	0	-	calcium-responsive transcription factor, transcript variant X1
NC_068982.1	186281707	186281745	0.7390446662902832	NC_068982.1	186281559	186281829	LOC106873290	0	-	calcium-responsive transcription factor, transcript variant X1
NC_068982.1	186281759	186281785	0.6659159064292908	NC_068982.1	186281559	186281829	LOC106873290	0	-	calcium-responsive transcription factor, transcript variant X1
NC_068982.1	186281800	186281822	0.6243726015090942	NC_068982.1	186281559	186281829	LOC106873290	0	-	calcium-responsive transcription factor, transcript variant X1
NC_068982.1	187560865	187560875	0.30932220816612244	NC_068982.1	187560806	187561016	LOC106872930	0	-	arylsulfatase B
NC_068983.1	238307	238319	0.639087438583374	NC_068983.1	238140	238319	LOC106884460	0	-	obg-like ATPase 1, transcript variant X1
NC_068983.1	238307	238322	0.639087438583374	NC_068983.1	238219	238322	LOC106884460	0	-	obg-like ATPase 1, transcript variant X2
NC_068983.1	3733417	3733436	0.5896783471107483	NC_068983.1	3733233	3733466	LOC106875518	0	-	uncharacterized protein RP688, transcript variant X3
NC_068983.1	3733417	3733436	0.5896783471107483	NC_068983.1	3733233	3733476	LOC106875518	0	-	uncharacterized protein RP688, transcript variant X2
NC_068983.1	3733417	3733436	0.5896783471107483	NC_068983.1	3733233	3733467	LOC106875518	0	-	uncharacterized protein RP688, transcript variant X4
NC_068983.1	3733417	3733436	0.5896783471107483	NC_068983.1	3733233	3733476	LOC106875518	0	-	uncharacterized protein RP688, transcript variant X1
NC_068983.1	3750654	3750673	0.8880289793014526	NC_068983.1	3750028	3750887	LOC106883960	0	-	uncharacterized LOC106883960
NC_068983.1	3750840	3750858	0.7827165722846985	NC_068983.1	3750028	3750887	LOC106883960	0	-	uncharacterized LOC106883960
NC_068983.1	4933583	4933625	0.9220744371414185	NC_068983.1	4933020	4935066	LOC106879756	0	-	cytosolic carboxypeptidase 1
NC_068983.1	4933633	4933683	0.7366458177566528	NC_068983.1	4933020	4935066	LOC106879756	0	-	cytosolic carboxypeptidase 1
NC_068983.1	4933888	4933898	0.39669176936149597	NC_068983.1	4933020	4935066	LOC106879756	0	-	cytosolic carboxypeptidase 1
NC_068983.1	4934101	4934123	0.4501394033432007	NC_068983.1	4933020	4935066	LOC106879756	0	-	cytosolic carboxypeptidase 1
NC_068983.1	4934169	4934178	0.3413330614566803	NC_068983.1	4933020	4935066	LOC106879756	0	-	cytosolic carboxypeptidase 1
NC_068983.1	4934183	4934193	0.3311370015144348	NC_068983.1	4933020	4935066	LOC106879756	0	-	cytosolic carboxypeptidase 1
NC_068983.1	4934259	4934298	0.5526938438415527	NC_068983.1	4933020	4935066	LOC106879756	0	-	cytosolic carboxypeptidase 1
NC_068983.1	16391627	16391644	0.6852598786354065	NC_068983.1	16391369	16392109	LOC106874382	0	-	zinc finger protein 236, transcript variant X2
NC_068983.1	16391627	16391644	0.6852598786354065	NC_068983.1	16391478	16392109	LOC106874382	0	-	zinc finger protein 236, transcript variant X4
NC_068983.1	16391728	16391751	0.515324592590332	NC_068983.1	16391369	16392109	LOC106874382	0	-	zinc finger protein 236, transcript variant X2
NC_068983.1	16391728	16391751	0.515324592590332	NC_068983.1	16391478	16392109	LOC106874382	0	-	zinc finger protein 236, transcript variant X4
NC_068983.1	16391760	16391795	0.5121530294418335	NC_068983.1	16391369	16392109	LOC106874382	0	-	zinc finger protein 236, transcript variant X2
NC_068983.1	16391760	16391795	0.5121530294418335	NC_068983.1	16391478	16392109	LOC106874382	0	-	zinc finger protein 236, transcript variant X4
NC_068983.1	16391829	16391834	0.4425939619541168	NC_068983.1	16391369	16392109	LOC106874382	0	-	zinc finger protein 236, transcript variant X2
NC_068983.1	16391829	16391834	0.4425939619541168	NC_068983.1	16391478	16392109	LOC106874382	0	-	zinc finger protein 236, transcript variant X4
NC_068983.1	16391911	16391924	0.34092581272125244	NC_068983.1	16391369	16392109	LOC106874382	0	-	zinc finger protein 236, transcript variant X2
NC_068983.1	16391911	16391924	0.34092581272125244	NC_068983.1	16391478	16392109	LOC106874382	0	-	zinc finger protein 236, transcript variant X4
NC_068983.1	16391932	16391948	0.37112534046173096	NC_068983.1	16391369	16392109	LOC106874382	0	-	zinc finger protein 236, transcript variant X2
NC_068983.1	16391932	16391948	0.37112534046173096	NC_068983.1	16391478	16392109	LOC106874382	0	-	zinc finger protein 236, transcript variant X4
NC_068983.1	16391962	16391973	0.37071311473846436	NC_068983.1	16391369	16392109	LOC106874382	0	-	zinc finger protein 236, transcript variant X2
NC_068983.1	16391962	16391973	0.37071311473846436	NC_068983.1	16391478	16392109	LOC106874382	0	-	zinc finger protein 236, transcript variant X4
NC_068983.1	29786278	29786283	0.39747411012649536	NC_068983.1	29785608	29786419	LOC106876733	0	-	solute carrier family 12 member 3, transcript variant X1
NC_068983.1	53807977	53807982	0.30214035511016846	NC_068983.1	53807201	53808205	LOC106880479	0	-	sodium-coupled monocarboxylate transporter 1, transcript variant X2
NC_068983.1	53807977	53807982	0.30214035511016846	NC_068983.1	53807201	53808203	LOC106880479	0	-	sodium-coupled monocarboxylate transporter 1, transcript variant X1
NC_068983.1	53807977	53807982	0.30214035511016846	NC_068983.1	53807201	53808187	LOC106880479	0	-	sodium-coupled monocarboxylate transporter 1, transcript variant X4
NC_068983.1	53807989	53808004	0.3532768785953522	NC_068983.1	53807201	53808205	LOC106880479	0	-	sodium-coupled monocarboxylate transporter 1, transcript variant X2
NC_068983.1	53807989	53808004	0.3532768785953522	NC_068983.1	53807201	53808203	LOC106880479	0	-	sodium-coupled monocarboxylate transporter 1, transcript variant X1
NC_068983.1	53807989	53808004	0.3532768785953522	NC_068983.1	53807201	53808187	LOC106880479	0	-	sodium-coupled monocarboxylate transporter 1, transcript variant X4
NC_068983.1	53808017	53808022	0.299659788608551	NC_068983.1	53807201	53808205	LOC106880479	0	-	sodium-coupled monocarboxylate transporter 1, transcript variant X2
NC_068983.1	53808017	53808022	0.299659788608551	NC_068983.1	53807201	53808203	LOC106880479	0	-	sodium-coupled monocarboxylate transporter 1, transcript variant X1
NC_068983.1	53808017	53808022	0.299659788608551	NC_068983.1	53807201	53808187	LOC106880479	0	-	sodium-coupled monocarboxylate transporter 1, transcript variant X4
NC_068983.1	63430960	63430990	0.3666866421699524	NC_068983.1	63429735	63431554	LOC106880771	0	-	meiosis 1 arrest protein-like, transcript variant X1
NC_068983.1	63431123	63431139	0.42593908309936523	NC_068983.1	63429735	63431554	LOC106880771	0	-	meiosis 1 arrest protein-like, transcript variant X1
NC_068983.1	72625256	72625277	0.8228890299797058	NC_068983.1	72625000	72626260	LOC106875473	0	-	tubby-related protein 4, transcript variant X4
NC_068983.1	81219920	81219928	0.3630900979042053	NC_068983.1	81219690	81220386	LOC106881143	0	-	zinc finger protein rotund, transcript variant X16
NC_068983.1	81219920	81219928	0.3630900979042053	NC_068983.1	81219690	81220385	LOC106881143	0	-	zinc finger protein rotund, transcript variant X12
NC_068983.1	81219920	81219928	0.3630900979042053	NC_068983.1	81219690	81220384	LOC106881143	0	-	zinc finger protein rotund, transcript variant X14
NC_068983.1	99097451	99097474	0.6555274724960327	NC_068983.1	99097135	99097534	LOC106877405	0	-	uncharacterized LOC106877405, transcript variant X1
NC_068983.1	99097451	99097474	0.6555274724960327	NC_068983.1	99097135	99097535	LOC106877405	0	-	uncharacterized LOC106877405, transcript variant X2
NC_068983.1	99097492	99097516	0.6738842129707336	NC_068983.1	99097135	99097534	LOC106877405	0	-	uncharacterized LOC106877405, transcript variant X1
NC_068983.1	99097492	99097516	0.6738842129707336	NC_068983.1	99097135	99097535	LOC106877405	0	-	uncharacterized LOC106877405, transcript variant X2
NC_068983.1	99097518	99097534	0.7448834776878357	NC_068983.1	99097135	99097534	LOC106877405	0	-	uncharacterized LOC106877405, transcript variant X1
NC_068983.1	99097518	99097535	0.7448834776878357	NC_068983.1	99097135	99097535	LOC106877405	0	-	uncharacterized LOC106877405, transcript variant X2
NC_068983.1	100590931	100590935	0.3750559985637665	NC_068983.1	100590856	100590935	LOC106882638	0	-	uncharacterized LOC106882638, transcript variant X4
NC_068983.1	100590931	100590943	0.3750559985637665	NC_068983.1	100590856	100590943	LOC106882638	0	-	uncharacterized LOC106882638, transcript variant X6
NC_068983.1	100590931	100590943	0.3750559985637665	NC_068983.1	100590856	100590959	LOC106882638	0	-	uncharacterized LOC106882638, transcript variant X2
NC_068983.1	105972704	105972708	0.8441784381866455	NC_068983.1	105972435	105972708	LOC106883652	0	-	ras-related protein Rab-1D, transcript variant X3
NC_068983.1	108264014	108264053	0.37025898694992065	NC_068983.1	108263433	108264741	LOC106874729	0	-	uncharacterized LOC106874729, transcript variant X6
NC_068983.1	108264114	108264119	0.3605002760887146	NC_068983.1	108263433	108264741	LOC106874729	0	-	uncharacterized LOC106874729, transcript variant X6
NC_068983.1	113901440	113901490	0.25799039006233215	NC_068983.1	113901437	113901490	LOC106868457	0	-	hydroxyacyl-coenzyme A dehydrogenase, mitochondrial
NC_068983.1	115316563	115316591	0.6731692552566528	NC_068983.1	115315882	115317240	LOC106877711	0	-	growth hormone secretagogue receptor type 1
NC_068983.1	115316707	115316734	0.7535168528556824	NC_068983.1	115315882	115317240	LOC106877711	0	-	growth hormone secretagogue receptor type 1
NC_068983.1	116199295	116199306	0.31005051732063293	NC_068983.1	116199024	116199396	LOC106870185	0	-	glycosylphosphatidylinositol anchor attachment 1 protein, transcript variant X4
NC_068983.1	119506861	119506881	0.4966960549354553	NC_068983.1	119505927	119507049	LOC106876649	0	-	coiled-coil domain-containing protein 60, transcript variant X1
NC_068983.1	119507232	119507242	0.4962824881076813	NC_068983.1	119507105	119507326	LOC106876649	0	-	coiled-coil domain-containing protein 60, transcript variant X2
NC_068983.1	121897986	121898005	0.29993459582328796	NC_068983.1	121897366	121898114	LOC106870146	0	-	uncharacterized LOC106870146, transcript variant X1
NC_068983.1	121898024	121898029	0.2979530692100525	NC_068983.1	121897366	121898114	LOC106870146	0	-	uncharacterized LOC106870146, transcript variant X1
NC_068983.1	121898104	121898109	0.27950596809387207	NC_068983.1	121897366	121898114	LOC106870146	0	-	uncharacterized LOC106870146, transcript variant X1
NC_068983.1	136896299	136896315	0.6345709562301636	NC_068983.1	136895984	136897038	LOC106872363	0	-	serine-rich adhesin for platelets, transcript variant X2
NC_068983.1	145566167	145566183	0.8871752619743347	NC_068983.1	145565898	145566183	LOC106869130	0	-	uncharacterized LOC106869130
NC_068983.1	149314356	149314373	0.3490552604198456	NC_068983.1	149314044	149314538	LOC106876670	0	-	uncharacterized LOC106876670
NC_068983.1	162547185	162547198	0.3778071105480194	NC_068983.1	162547130	162547347	LOC106867191	0	-	programmed cell death protein 2-like, transcript variant X2
NC_068983.1	166514275	166514318	0.4822671711444855	NC_068983.1	166513958	166515343	LOC106867341	0	-	rho GTPase-activating protein 39, transcript variant X8
NC_068984.1	6760900	6760933	0.7008453607559204	NC_068984.1	6760042	6761130	LOC106868713	0	-	uncharacterized LOC106868713
NC_068984.1	15254873	15254890	0.8528488278388977	NC_068984.1	15254793	15254970	LOC106877210	0	-	DNA-binding protein P3A2, transcript variant X2
NC_068984.1	15254873	15254890	0.8528488278388977	NC_068984.1	15254793	15254970	LOC106877210	0	-	DNA-binding protein P3A2, transcript variant X4
NC_068984.1	24471746	24471778	0.5263015627861023	NC_068984.1	24470998	24471823	LOC106883075	0	-	uncharacterized LOC106883075, transcript variant X1
NC_068984.1	38890062	38890078	0.929893970489502	NC_068984.1	38890047	38890399	LOC106881147	0	-	mpv17-like protein 2, transcript variant X4
NC_068984.1	41344909	41344924	0.39352330565452576	NC_068984.1	41344870	41345011	LOC106881780	0	-	speckle-type POZ protein, transcript variant X1
NC_068984.1	41882103	41882137	0.8248814940452576	NC_068984.1	41881869	41882153	LOC106881728	0	-	solute carrier organic anion transporter family member 2A1, transcript variant X2
NC_068984.1	41882103	41882137	0.8248814940452576	NC_068984.1	41881869	41882153	LOC106881728	0	-	solute carrier organic anion transporter family member 2A1, transcript variant X1
NC_068984.1	41882103	41882137	0.8248814940452576	NC_068984.1	41881869	41882151	LOC106881728	0	-	solute carrier organic anion transporter family member 2A1, transcript variant X4
NC_068984.1	41882138	41882150	0.5000184178352356	NC_068984.1	41881869	41882153	LOC106881728	0	-	solute carrier organic anion transporter family member 2A1, transcript variant X2
NC_068984.1	41882138	41882150	0.5000184178352356	NC_068984.1	41881869	41882153	LOC106881728	0	-	solute carrier organic anion transporter family member 2A1, transcript variant X1
NC_068984.1	41882138	41882150	0.5000184178352356	NC_068984.1	41881869	41882151	LOC106881728	0	-	solute carrier organic anion transporter family member 2A1, transcript variant X4
NC_068984.1	56379336	56379342	0.41111281514167786	NC_068984.1	56379281	56379411	LOC106882066	0	-	tRNA (guanine(26)-N(2))-dimethyltransferase, transcript variant X2
NC_068984.1	56379336	56379342	0.41111281514167786	NC_068984.1	56379281	56379392	LOC106882066	0	-	tRNA (guanine(26)-N(2))-dimethyltransferase, transcript variant X1
NC_068984.1	59339280	59339285	0.3814855217933655	NC_068984.1	59338593	59340464	LOC106881800	0	-	uncharacterized LOC106881800, transcript variant X1
NC_068984.1	59339280	59339285	0.3814855217933655	NC_068984.1	59338675	59340465	LOC106881800	0	-	uncharacterized LOC106881800, transcript variant X2
NC_068984.1	59339286	59339293	0.334068238735199	NC_068984.1	59338593	59340464	LOC106881800	0	-	uncharacterized LOC106881800, transcript variant X1
NC_068984.1	59339286	59339293	0.334068238735199	NC_068984.1	59338675	59340465	LOC106881800	0	-	uncharacterized LOC106881800, transcript variant X2
NC_068984.1	59340448	59340454	0.28231897950172424	NC_068984.1	59338593	59340464	LOC106881800	0	-	uncharacterized LOC106881800, transcript variant X1
NC_068984.1	59340448	59340454	0.28231897950172424	NC_068984.1	59338675	59340465	LOC106881800	0	-	uncharacterized LOC106881800, transcript variant X2
NC_068984.1	83127195	83127293	0.8163254261016846	NC_068984.1	83126522	83128350	LOC128247600	0	-	uncharacterized LOC128247600, transcript variant X1
NC_068984.1	84299624	84299664	0.8954849243164062	NC_068984.1	84299456	84300995	LOC106870722	0	-	zinc finger protein GLIS3
NC_068984.1	88615546	88615551	0.37568575143814087	NC_068984.1	88615278	88615679	LOC106869442	0	-	metalloreductase STEAP2, transcript variant X1
NC_068984.1	95183691	95183708	0.41218939423561096	NC_068984.1	95180070	95186572	LOC106880552	0	-	uncharacterized LOC106880552, transcript variant X3
NC_068984.1	118455311	118455317	0.36572715640068054	NC_068984.1	118455287	118455412	LOC106868833	0	-	anaphase-promoting complex subunit 10, transcript variant X2
NC_068984.1	118455318	118455324	0.36674824357032776	NC_068984.1	118455287	118455412	LOC106868833	0	-	anaphase-promoting complex subunit 10, transcript variant X2
NC_068984.1	126407640	126407681	0.9560419321060181	NC_068984.1	126407397	126408235	LOC106879667	0	-	leucine-rich repeat neuronal protein 1, transcript variant X1
NC_068984.1	129561009	129561033	0.8736772537231445	NC_068984.1	129560235	129561301	LOC128247635	0	-	zinc finger protein 271-like
NC_068984.1	129578784	129578789	0.40241163969039917	NC_068984.1	129578272	129579721	LOC106872441	0	-	zinc finger protein 721
NC_068984.1	141088530	141088546	0.6557356715202332	NC_068984.1	141088391	141088667	LOC106882280	0	-	solute carrier family 22 member 27, transcript variant X2
NC_068984.1	141088530	141088546	0.6557356715202332	NC_068984.1	141088391	141088671	LOC106882280	0	-	solute carrier family 22 member 27, transcript variant X1
NC_068984.1	141680131	141680146	0.4292246699333191	NC_068984.1	141679943	141680325	LOC106872024	0	-	mucin-17, transcript variant X7
NC_068984.1	141680149	141680164	0.41514840722084045	NC_068984.1	141679943	141680325	LOC106872024	0	-	mucin-17, transcript variant X7
NC_068984.1	141680220	141680225	0.3097609579563141	NC_068984.1	141679943	141680325	LOC106872024	0	-	mucin-17, transcript variant X7
NC_068984.1	141680229	141680234	0.32639721035957336	NC_068984.1	141679943	141680325	LOC106872024	0	-	mucin-17, transcript variant X7
NC_068984.1	141680308	141680325	0.3811860978603363	NC_068984.1	141679943	141680325	LOC106872024	0	-	mucin-17, transcript variant X7
NC_068984.1	141743811	141743826	0.640584409236908	NC_068984.1	141743644	141744607	LOC106872024	0	-	mucin-17, transcript variant X6
NC_068984.1	141743811	141743826	0.640584409236908	NC_068984.1	141743644	141744607	LOC106872024	0	-	mucin-17, transcript variant X8
NC_068984.1	141743811	141743826	0.640584409236908	NC_068984.1	141743644	141744609	LOC106872024	0	-	mucin-17, transcript variant X1
NC_068984.1	141743811	141743826	0.640584409236908	NC_068984.1	141743644	141744607	LOC106872024	0	-	mucin-17, transcript variant X9
NC_068985.1	3340373	3340425	0.6828562021255493	NC_068985.1	3340349	3340425	LOC106867827	0	-	zinc finger protein OZF, transcript variant X3
NC_068985.1	16912192	16912213	0.45955970883369446	NC_068985.1	16912155	16912963	LOC106868377	0	-	uncharacterized LOC106868377, transcript variant X1
NC_068985.1	27150921	27150934	0.37534379959106445	NC_068985.1	27150873	27154086	LOC106873196	0	-	dual specificity tyrosine-phosphorylation-regulated kinase 1A
NC_068985.1	29896043	29896055	0.3559170067310333	NC_068985.1	29895499	29896141	LOC106868717	0	-	plexin-A1, transcript variant X4
NC_068985.1	29896043	29896055	0.3559170067310333	NC_068985.1	29895499	29896142	LOC106868717	0	-	plexin-A1, transcript variant X1
NC_068985.1	39860567	39860590	0.5386489629745483	NC_068985.1	39860347	39860705	LOC106879856	0	-	transmembrane protein 180, transcript variant X4
NC_068985.1	39860591	39860662	0.7507545351982117	NC_068985.1	39860347	39860705	LOC106879856	0	-	transmembrane protein 180, transcript variant X4
NC_068985.1	51391818	51391827	0.4512031376361847	NC_068985.1	51391700	51392070	LOC106879154	0	-	myb-like protein U, transcript variant X1
NC_068985.1	51391818	51391827	0.4512031376361847	NC_068985.1	51391700	51392077	LOC106879154	0	-	myb-like protein U, transcript variant X4
NC_068985.1	51391818	51391827	0.4512031376361847	NC_068985.1	51391700	51392064	LOC106879154	0	-	myb-like protein U, transcript variant X3
NC_068985.1	66022660	66022676	0.43199265003204346	NC_068985.1	66022379	66022882	LOC106872171	0	-	uncharacterized LOC106872171, transcript variant X1
NC_068985.1	66022660	66022676	0.43199265003204346	NC_068985.1	66022379	66022882	LOC106872171	0	-	uncharacterized LOC106872171, transcript variant X4
NC_068985.1	72533949	72533979	0.5935893654823303	NC_068985.1	72531345	72535282	LOC106876217	0	-	uncharacterized LOC106876217, transcript variant X2
NC_068985.1	72533949	72533979	0.5935893654823303	NC_068985.1	72531345	72535282	LOC106876217	0	-	uncharacterized LOC106876217, transcript variant X3
NC_068985.1	72533949	72533979	0.5935893654823303	NC_068985.1	72531345	72535282	LOC106876217	0	-	uncharacterized LOC106876217, transcript variant X1
NC_068985.1	72533949	72533979	0.5935893654823303	NC_068985.1	72531345	72535282	LOC106876217	0	-	uncharacterized LOC106876217, transcript variant X4
NC_068985.1	72534037	72534048	0.5837030410766602	NC_068985.1	72531345	72535282	LOC106876217	0	-	uncharacterized LOC106876217, transcript variant X2
NC_068985.1	72534037	72534048	0.5837030410766602	NC_068985.1	72531345	72535282	LOC106876217	0	-	uncharacterized LOC106876217, transcript variant X3
NC_068985.1	72534037	72534048	0.5837030410766602	NC_068985.1	72531345	72535282	LOC106876217	0	-	uncharacterized LOC106876217, transcript variant X1
NC_068985.1	72534037	72534048	0.5837030410766602	NC_068985.1	72531345	72535282	LOC106876217	0	-	uncharacterized LOC106876217, transcript variant X4
NC_068985.1	74109657	74109662	0.32238346338272095	NC_068985.1	74109480	74109827	LOC106869260	0	-	sex peptide receptor, transcript variant X2
NC_068985.1	74109657	74109662	0.32238346338272095	NC_068985.1	74109480	74109827	LOC106869260	0	-	sex peptide receptor, transcript variant X1
NC_068985.1	74109657	74109662	0.32238346338272095	NC_068985.1	74109480	74109827	LOC106869260	0	-	sex peptide receptor, transcript variant X4
NC_068985.1	74109779	74109799	0.5085152983665466	NC_068985.1	74109480	74109827	LOC106869260	0	-	sex peptide receptor, transcript variant X2
NC_068985.1	74109779	74109799	0.5085152983665466	NC_068985.1	74109480	74109827	LOC106869260	0	-	sex peptide receptor, transcript variant X1
NC_068985.1	74109779	74109799	0.5085152983665466	NC_068985.1	74109480	74109827	LOC106869260	0	-	sex peptide receptor, transcript variant X4
NC_068985.1	82339926	82339953	0.6206714510917664	NC_068985.1	82339077	82340192	LOC106881595	0	-	myoneurin, transcript variant X5
NC_068985.1	96648102	96648109	0.4298887252807617	NC_068985.1	96647161	96648456	LOC106878581	0	-	protein C-ets-1, transcript variant X2
NC_068985.1	96648102	96648109	0.4298887252807617	NC_068985.1	96647161	96648447	LOC106878581	0	-	protein C-ets-1, transcript variant X1
NC_068985.1	96648102	96648109	0.4298887252807617	NC_068985.1	96647161	96648477	LOC106878581	0	-	protein C-ets-1, transcript variant X3
NC_068985.1	103490522	103490541	0.317501962184906	NC_068985.1	103490413	103490555	LOC106876423	0	-	putative acyl-CoA synthetase YngI
NC_068985.1	103556372	103556385	0.3481455147266388	NC_068985.1	103556251	103556505	LOC106876422	0	-	uncharacterized LOC106876422
NC_068985.1	105859651	105859669	0.6026743650436401	NC_068985.1	105859101	105859989	LOC106881110	0	-	uncharacterized LOC106881110, transcript variant X5
NC_068986.1	108325	108365	0.914319634437561	NC_068986.1	108088	108600	LOC106877595	0	-	protein ANKUB1, transcript variant X1
NC_068986.1	108376	108396	0.8767178654670715	NC_068986.1	108088	108600	LOC106877595	0	-	protein ANKUB1, transcript variant X1
NC_068986.1	866565	866583	0.8920119404792786	NC_068986.1	865799	866626	LOC106873603	0	-	protein phosphatase 1B, transcript variant X1
NC_068986.1	866565	866583	0.8920119404792786	NC_068986.1	866155	866633	LOC106873603	0	-	protein phosphatase 1B, transcript variant X5
NC_068986.1	866565	866583	0.8920119404792786	NC_068986.1	865799	866628	LOC106873603	0	-	protein phosphatase 1B, transcript variant X6
NC_068986.1	866565	866583	0.8920119404792786	NC_068986.1	866155	866626	LOC106873603	0	-	protein phosphatase 1B, transcript variant X3
NC_068986.1	866565	866583	0.8920119404792786	NC_068986.1	865799	866632	LOC106873603	0	-	protein phosphatase 1B, transcript variant X4
NC_068986.1	2246253	2246258	0.4769043028354645	NC_068986.1	2245492	2246582	LOC106867233	0	-	PAS domain-containing protein cky-1
NC_068986.1	3183359	3183370	0.4033484160900116	NC_068986.1	3183281	3183731	LOC106875299	0	-	N-chimaerin, transcript variant X2
NC_068986.1	3183375	3183380	0.2673943042755127	NC_068986.1	3183281	3183731	LOC106875299	0	-	N-chimaerin, transcript variant X2
NC_068986.1	3183473	3183487	0.3571419417858124	NC_068986.1	3183281	3183731	LOC106875299	0	-	N-chimaerin, transcript variant X2
NC_068986.1	6552637	6552650	0.32939597964286804	NC_068986.1	6552523	6553097	LOC106867448	0	-	uncharacterized LOC106867448
NC_068986.1	26677388	26677396	0.41531461477279663	NC_068986.1	26676434	26678271	LOC106880735	0	-	forkhead box protein J1-B, transcript variant X2
NC_068986.1	37264997	37265005	0.4023815989494324	NC_068986.1	37264749	37265350	LOC106867500	0	-	semaphorin-5A, transcript variant X1
NC_068986.1	37264997	37265005	0.4023815989494324	NC_068986.1	37264749	37265347	LOC106867500	0	-	semaphorin-5A, transcript variant X2
NC_068986.1	45417266	45417292	0.7009731531143188	NC_068986.1	45417078	45417426	LOC106882562	0	-	unconventional myosin-Ic, transcript variant X3
NC_068986.1	45417266	45417292	0.7009731531143188	NC_068986.1	45417078	45417428	LOC106882562	0	-	unconventional myosin-Ic, transcript variant X1
NC_068986.1	45417347	45417352	0.30115413665771484	NC_068986.1	45417078	45417426	LOC106882562	0	-	unconventional myosin-Ic, transcript variant X3
NC_068986.1	45417347	45417352	0.30115413665771484	NC_068986.1	45417078	45417428	LOC106882562	0	-	unconventional myosin-Ic, transcript variant X1
NC_068986.1	61448371	61448380	0.427063912153244	NC_068986.1	61448047	61448717	LOC106873629	0	-	jmjC domain-containing protein 8, transcript variant X6
NC_068986.1	61448443	61448464	0.5786479711532593	NC_068986.1	61448047	61448717	LOC106873629	0	-	jmjC domain-containing protein 8, transcript variant X6
NC_068986.1	64043419	64043434	0.5583562850952148	NC_068986.1	64042869	64043449	LOC106867597	0	-	BTB/POZ domain-containing protein KCTD21-like, transcript variant X2
NC_068986.1	64043419	64043434	0.5583562850952148	NC_068986.1	64042869	64043449	LOC106867597	0	-	BTB/POZ domain-containing protein KCTD21-like, transcript variant X1
NC_068986.1	83025386	83025406	0.4527011513710022	NC_068986.1	83024474	83025838	LOC106871466	0	-	putative zinc finger protein 702, transcript variant X2
NC_068986.1	83025453	83025474	0.5454351305961609	NC_068986.1	83024474	83025838	LOC106871466	0	-	putative zinc finger protein 702, transcript variant X2
NC_068986.1	83025500	83025521	0.5652777552604675	NC_068986.1	83024474	83025838	LOC106871466	0	-	putative zinc finger protein 702, transcript variant X2
NC_068986.1	91240031	91240057	0.8481019139289856	NC_068986.1	91239590	91240339	LOC106869802	0	-	uncharacterized LOC106869802, transcript variant X2
NC_068986.1	91240031	91240057	0.8481019139289856	NC_068986.1	91239590	91240340	LOC106869802	0	-	uncharacterized LOC106869802, transcript variant X3
NC_068986.1	91240031	91240057	0.8481019139289856	NC_068986.1	91239590	91240339	LOC106869802	0	-	uncharacterized LOC106869802, transcript variant X4
NC_068986.1	91240031	91240057	0.8481019139289856	NC_068986.1	91239590	91240340	LOC106869802	0	-	uncharacterized LOC106869802, transcript variant X1
NC_068986.1	91240075	91240097	0.9126279354095459	NC_068986.1	91239590	91240339	LOC106869802	0	-	uncharacterized LOC106869802, transcript variant X2
NC_068986.1	91240075	91240097	0.9126279354095459	NC_068986.1	91239590	91240340	LOC106869802	0	-	uncharacterized LOC106869802, transcript variant X3
NC_068986.1	91240075	91240097	0.9126279354095459	NC_068986.1	91239590	91240339	LOC106869802	0	-	uncharacterized LOC106869802, transcript variant X4
NC_068986.1	91240075	91240097	0.9126279354095459	NC_068986.1	91239590	91240340	LOC106869802	0	-	uncharacterized LOC106869802, transcript variant X1
NC_068986.1	91907195	91907235	0.7026267051696777	NC_068986.1	91907024	91907381	LOC106873676	0	-	tubulin polyglutamylase TTLL5, transcript variant X1
NC_068986.1	91907195	91907235	0.7026267051696777	NC_068986.1	91907024	91907381	LOC106873676	0	-	tubulin polyglutamylase TTLL5, transcript variant X2
NC_068986.1	96772353	96772364	0.4699678421020508	NC_068986.1	96771513	96772478	LOC106879975	0	-	zinc finger protein 708-like, transcript variant X2
NC_068986.1	96772353	96772364	0.4699678421020508	NC_068986.1	96771468	96772478	LOC106879975	0	-	zinc finger protein 708-like, transcript variant X1
NC_068986.1	96772353	96772364	0.4699678421020508	NC_068986.1	96771666	96772478	LOC106879975	0	-	zinc finger protein 708-like, transcript variant X3
NC_068986.1	107621640	107621675	0.4073742628097534	NC_068986.1	107621345	107621782	LOC106873642	0	-	ras-related protein Rap-2a, transcript variant X2
NC_068986.1	107621640	107621675	0.4073742628097534	NC_068986.1	107621345	107621782	LOC106873642	0	-	ras-related protein Rap-2a, transcript variant X6
NC_068986.1	107621640	107621675	0.4073742628097534	NC_068986.1	107621345	107621782	LOC106873642	0	-	ras-related protein Rap-2a, transcript variant X9
NC_068986.1	107621640	107621675	0.4073742628097534	NC_068986.1	107621345	107621782	LOC106873642	0	-	ras-related protein Rap-2a, transcript variant X1
NC_068986.1	107621640	107621675	0.4073742628097534	NC_068986.1	107621345	107621782	LOC106873642	0	-	ras-related protein Rap-2a, transcript variant X4
NC_068986.1	107621640	107621675	0.4073742628097534	NC_068986.1	107621345	107621782	LOC106873642	0	-	ras-related protein Rap-2a, transcript variant X3
NC_068986.1	107912736	107912786	0.2563241422176361	NC_068986.1	107912619	107912786	LOC106867977	0	-	zinc finger protein 879
NC_068986.1	107964809	107964815	0.6314616799354553	NC_068986.1	107964197	107964815	LOC106867981	0	-	zinc finger protein 721
NC_068986.1	115004709	115004718	0.31164324283599854	NC_068986.1	115004343	115004887	LOC106872068	0	-	aromatic-L-amino-acid decarboxylase
NC_068987.1	5203600	5203605	0.3325134217739105	NC_068987.1	5203430	5203685	LOC106881920	0	-	uncharacterized LOC106881920
NC_068987.1	7662666	7662694	0.6619383096694946	NC_068987.1	7662556	7662851	LOC106880312	0	-	uncharacterized protein C12orf29 homolog, transcript variant X2
NC_068987.1	7662666	7662694	0.6619383096694946	NC_068987.1	7662556	7662847	LOC106880312	0	-	uncharacterized protein C12orf29 homolog, transcript variant X1
NC_068987.1	7662722	7662749	0.890967607498169	NC_068987.1	7662556	7662851	LOC106880312	0	-	uncharacterized protein C12orf29 homolog, transcript variant X2
NC_068987.1	7662722	7662749	0.890967607498169	NC_068987.1	7662556	7662847	LOC106880312	0	-	uncharacterized protein C12orf29 homolog, transcript variant X1
NC_068987.1	7662790	7662811	0.8046717643737793	NC_068987.1	7662556	7662851	LOC106880312	0	-	uncharacterized protein C12orf29 homolog, transcript variant X2
NC_068987.1	7662790	7662811	0.8046717643737793	NC_068987.1	7662556	7662847	LOC106880312	0	-	uncharacterized protein C12orf29 homolog, transcript variant X1
NC_068987.1	7701200	7701217	0.36588144302368164	NC_068987.1	7701059	7701268	LOC106880315	0	-	polyglutamylase complex subunit TTLL1, transcript variant X1
NC_068987.1	7701200	7701217	0.36588144302368164	NC_068987.1	7701059	7701268	LOC106880315	0	-	polyglutamylase complex subunit TTLL1, transcript variant X4
NC_068987.1	7701200	7701217	0.36588144302368164	NC_068987.1	7701059	7701245	LOC106880315	0	-	polyglutamylase complex subunit TTLL1, transcript variant X3
NC_068987.1	7701259	7701268	0.4550663232803345	NC_068987.1	7701059	7701268	LOC106880315	0	-	polyglutamylase complex subunit TTLL1, transcript variant X1
NC_068987.1	7701259	7701268	0.4550663232803345	NC_068987.1	7701059	7701268	LOC106880315	0	-	polyglutamylase complex subunit TTLL1, transcript variant X4
NC_068987.1	19052570	19052585	0.806753933429718	NC_068987.1	19051946	19053430	LOC106881355	0	-	zinc finger protein 271, transcript variant X3
NC_068987.1	19052570	19052585	0.806753933429718	NC_068987.1	19051946	19053537	LOC106881355	0	-	zinc finger protein 271, transcript variant X2
NC_068987.1	19073334	19073355	0.7565358281135559	NC_068987.1	19073060	19074562	LOC106881353	0	-	zinc finger protein 678
NC_068987.1	24110765	24110770	0.35147613286972046	NC_068987.1	24110368	24111470	LOC128248340	0	-	zinc finger protein 239-like, transcript variant X2
NC_068987.1	24110765	24110770	0.35147613286972046	NC_068987.1	24110229	24111470	LOC128248340	0	-	zinc finger protein 239-like, transcript variant X1
NC_068987.1	24213575	24213600	0.8676490783691406	NC_068987.1	24213568	24213635	LOC106881338	0	-	zinc finger protein 239-like, transcript variant X3
NC_068987.1	24450195	24450203	0.3326670825481415	NC_068987.1	24449346	24450311	LOC106872828	0	-	zinc finger protein 665, transcript variant X1
NC_068987.1	30686398	30686403	0.4669727683067322	NC_068987.1	30686255	30686403	LOC106880808	0	-	cGMP-dependent protein kinase 1, transcript variant X2
NC_068987.1	34953702	34953709	0.37551531195640564	NC_068987.1	34952946	34954067	LOC106868402	0	-	beta-1,3-galactosyltransferase 1, transcript variant X4
NC_068987.1	34990816	34990833	0.6027390956878662	NC_068987.1	34990207	34991084	LOC106868402	0	-	beta-1,3-galactosyltransferase 1, transcript variant X3
NC_068987.1	34990816	34990833	0.6027390956878662	NC_068987.1	34990207	34991084	LOC106868402	0	-	beta-1,3-galactosyltransferase 1, transcript variant X1
NC_068987.1	34990816	34990833	0.6027390956878662	NC_068987.1	34990207	34991084	LOC106868402	0	-	beta-1,3-galactosyltransferase 1, transcript variant X2
NC_068987.1	35072515	35072535	0.7360985279083252	NC_068987.1	35072438	35072535	LOC106868402	0	-	beta-1,3-galactosyltransferase 1, transcript variant X3
NC_068987.1	44873612	44873619	0.4240962862968445	NC_068987.1	44873189	44873764	LOC106881270	0	-	E3 ubiquitin-protein ligase RNF181
NC_068987.1	44873628	44873636	0.33446818590164185	NC_068987.1	44873189	44873764	LOC106881270	0	-	E3 ubiquitin-protein ligase RNF181
NC_068987.1	47616164	47616170	0.30672213435173035	NC_068987.1	47615636	47617823	LOC106883384	0	-	AP-1 complex subunit sigma-2, transcript variant X7
NC_068987.1	56657096	56657128	0.46974390745162964	NC_068987.1	56656644	56658209	LOC106875820	0	-	heat shock protein beta-1, transcript variant X2
NC_068987.1	56657096	56657128	0.46974390745162964	NC_068987.1	56656644	56658184	LOC106875820	0	-	heat shock protein beta-1, transcript variant X1
NC_068987.1	56657096	56657128	0.46974390745162964	NC_068987.1	56656644	56658184	LOC106875820	0	-	heat shock protein beta-1, transcript variant X3
NC_068987.1	62771376	62771414	0.9359508156776428	NC_068987.1	62771282	62771414	LOC106879167	0	-	zinc finger protein 271, transcript variant X3
NC_068988.1	15023013	15023027	0.8286274075508118	NC_068988.1	15022947	15023049	LOC106868639	0	-	translation initiation factor eIF-2B subunit beta, transcript variant X1
NC_068988.1	50598200	50598205	0.28094926476478577	NC_068988.1	50597860	50598249	LOC106880565	0	-	myosin regulatory light polypeptide 9
NC_068988.1	50598210	50598218	0.4688339829444885	NC_068988.1	50597860	50598249	LOC106880565	0	-	myosin regulatory light polypeptide 9
NC_068988.1	59491616	59491641	0.6194539070129395	NC_068988.1	59491445	59491821	LOC106870912	0	-	orexin receptor type 2
NC_068988.1	59491690	59491718	0.42301443219184875	NC_068988.1	59491445	59491821	LOC106870912	0	-	orexin receptor type 2
NC_068988.1	73872309	73872328	0.5503048896789551	NC_068988.1	73871466	73872509	LOC128248588	0	-	zinc finger protein 665-like, transcript variant X1
NC_068988.1	74246494	74246509	0.32864922285079956	NC_068988.1	74246494	74252344	LOC128248589	0	-	zinc finger protein 253-like, transcript variant X3
NC_068988.1	74251682	74251696	0.4171721637248993	NC_068988.1	74246494	74252344	LOC128248589	0	-	zinc finger protein 253-like, transcript variant X3
NC_068988.1	85620714	85620740	0.520536482334137	NC_068988.1	85620404	85622228	LOC106880044	0	-	potassium voltage-gated channel subfamily A member 1, transcript variant X2
NC_068988.1	85620751	85620769	0.5491490960121155	NC_068988.1	85620404	85622228	LOC106880044	0	-	potassium voltage-gated channel subfamily A member 1, transcript variant X2
NC_068988.1	85621561	85621594	0.6352197527885437	NC_068988.1	85620404	85622228	LOC106880044	0	-	potassium voltage-gated channel subfamily A member 1, transcript variant X2
NC_068988.1	85621776	85621798	0.8573909401893616	NC_068988.1	85620404	85622228	LOC106880044	0	-	potassium voltage-gated channel subfamily A member 1, transcript variant X2
NC_068988.1	85621827	85621852	0.8491391539573669	NC_068988.1	85620404	85622228	LOC106880044	0	-	potassium voltage-gated channel subfamily A member 1, transcript variant X2
NC_068988.1	85621863	85621892	0.8345955610275269	NC_068988.1	85620404	85622228	LOC106880044	0	-	potassium voltage-gated channel subfamily A member 1, transcript variant X2
NC_068988.1	91298720	91298760	0.2588734030723572	NC_068988.1	91297857	91298760	LOC106874585	0	-	uncharacterized LOC106874585, transcript variant X2
NC_068988.1	91352240	91352246	0.2757061719894409	NC_068988.1	91351738	91352476	LOC106874585	0	-	uncharacterized LOC106874585, transcript variant X1
NC_068988.1	91352413	91352432	0.7425510287284851	NC_068988.1	91351738	91352476	LOC106874585	0	-	uncharacterized LOC106874585, transcript variant X1
NC_068988.1	91925976	91925983	0.3157637417316437	NC_068988.1	91925968	91928570	LOC106874579	0	-	single-stranded DNA-binding protein 3, transcript variant X4
NC_068988.1	91925976	91925983	0.3157637417316437	NC_068988.1	91925968	91928570	LOC106874579	0	-	single-stranded DNA-binding protein 3, transcript variant X2
NC_068988.1	91925976	91925983	0.3157637417316437	NC_068988.1	91925968	91928570	LOC106874579	0	-	single-stranded DNA-binding protein 3, transcript variant X3
NC_068989.1	5578166	5578175	0.43336018919944763	NC_068989.1	5577447	5579562	LOC106878115	0	-	partner of bursicon-like
NC_068989.1	22996048	22996073	0.2598930597305298	NC_068989.1	22995929	22996073	LOC106878206	0	-	uncharacterized protein KIAA0825, transcript variant X2
NC_068989.1	30739104	30739167	0.2584829032421112	NC_068989.1	30739102	30739167	LOC106875847	0	-	coiled-coil domain-containing protein AGAP005037, transcript variant X5
NC_068989.1	31552097	31552118	0.39503416419029236	NC_068989.1	31551880	31553989	LOC106872513	0	-	golgin subfamily A member 4
NC_068989.1	34747826	34747841	0.6160132884979248	NC_068989.1	34747781	34748019	LOC106874296	0	-	protein asteroid homolog 1, transcript variant X1
NC_068989.1	42220632	42220681	0.9565106630325317	NC_068989.1	42219434	42225312	LOC128248721	0	-	centrosome and spindle pole-associated protein 1-like, transcript variant X2
NC_068989.1	45961676	45961683	0.32883018255233765	NC_068989.1	45961529	45961962	LOC128248758	0	-	voltage-dependent calcium channel gamma-5 subunit-like
NC_068989.1	54064083	54064099	0.35565030574798584	NC_068989.1	54062678	54064220	LOC106868077	0	-	pituitary homeobox x, transcript variant X3
NC_068989.1	55509884	55509901	0.6736123561859131	NC_068989.1	55509689	55510104	LOC106867580	0	-	probable serine/threonine-protein kinase nek3, transcript variant X6
NC_068989.1	55509991	55510009	0.7579137682914734	NC_068989.1	55509689	55510104	LOC106867580	0	-	probable serine/threonine-protein kinase nek3, transcript variant X6
NC_068989.1	55510019	55510035	0.7014594078063965	NC_068989.1	55509689	55510104	LOC106867580	0	-	probable serine/threonine-protein kinase nek3, transcript variant X6
NC_068989.1	55510043	55510059	0.7636443376541138	NC_068989.1	55509689	55510104	LOC106867580	0	-	probable serine/threonine-protein kinase nek3, transcript variant X6
NC_068989.1	55510095	55510101	0.3584151566028595	NC_068989.1	55509689	55510104	LOC106867580	0	-	probable serine/threonine-protein kinase nek3, transcript variant X6
NC_068989.1	55512504	55512528	0.7093750834465027	NC_068989.1	55512310	55513834	LOC106867580	0	-	probable serine/threonine-protein kinase nek3, transcript variant X2
NC_068989.1	55512553	55512583	0.6664887070655823	NC_068989.1	55512310	55513834	LOC106867580	0	-	probable serine/threonine-protein kinase nek3, transcript variant X2
NC_068989.1	55512736	55512753	0.5105199217796326	NC_068989.1	55512310	55513834	LOC106867580	0	-	probable serine/threonine-protein kinase nek3, transcript variant X2
NC_068989.1	55513049	55513071	0.7305572628974915	NC_068989.1	55512310	55513834	LOC106867580	0	-	probable serine/threonine-protein kinase nek3, transcript variant X2
NC_068989.1	55513692	55513708	0.3877827525138855	NC_068989.1	55512310	55513834	LOC106867580	0	-	probable serine/threonine-protein kinase nek3, transcript variant X2
NC_068989.1	55513709	55513714	0.3021196126937866	NC_068989.1	55512310	55513834	LOC106867580	0	-	probable serine/threonine-protein kinase nek3, transcript variant X2
NC_068989.1	55513740	55513759	0.35532546043395996	NC_068989.1	55512310	55513834	LOC106867580	0	-	probable serine/threonine-protein kinase nek3, transcript variant X2
NC_068989.1	58048484	58048520	0.43971097469329834	NC_068989.1	58048150	58048745	LOC106877246	0	-	uncharacterized LOC106877246
NC_068989.1	58048595	58048604	0.45739254355430603	NC_068989.1	58048150	58048745	LOC106877246	0	-	uncharacterized LOC106877246
NC_068989.1	58048614	58048630	0.41660594940185547	NC_068989.1	58048150	58048745	LOC106877246	0	-	uncharacterized LOC106877246
NC_068989.1	58048677	58048690	0.4001524746417999	NC_068989.1	58048150	58048745	LOC106877246	0	-	uncharacterized LOC106877246
NC_068989.1	58048709	58048745	0.3984043002128601	NC_068989.1	58048150	58048745	LOC106877246	0	-	uncharacterized LOC106877246
NC_068989.1	59806192	59806198	0.30703505873680115	NC_068989.1	59805752	59806204	LOC106871044	0	-	cytochrome c, transcript variant X2
NC_068989.1	59853287	59853305	0.6350700855255127	NC_068989.1	59853210	59853367	LOC106871039	0	-	cytochrome c
NC_068989.1	65145991	65145994	0.359384685754776	NC_068989.1	65145873	65145994	LOC106879147	0	-	potassium voltage-gated channel subfamily H member 7, transcript variant X6
NC_068989.1	67609038	67609047	0.5756913423538208	NC_068989.1	67608738	67609047	LOC106871747	0	-	uncharacterized LOC106871747, transcript variant X2
NC_068989.1	73960207	73960222	0.518020510673523	NC_068989.1	73959805	73960406	LOC106875983	0	-	uncharacterized LOC106875983, transcript variant X1
NC_068989.1	73960207	73960222	0.518020510673523	NC_068989.1	73959805	73960406	LOC106875983	0	-	uncharacterized LOC106875983, transcript variant X4
NC_068989.1	73960207	73960222	0.518020510673523	NC_068989.1	73959805	73960408	LOC106875983	0	-	uncharacterized LOC106875983, transcript variant X3
NC_068989.1	73960207	73960222	0.518020510673523	NC_068989.1	73959805	73960406	LOC106875983	0	-	uncharacterized LOC106875983, transcript variant X2
NC_068989.1	73960245	73960268	0.8766048550605774	NC_068989.1	73959805	73960406	LOC106875983	0	-	uncharacterized LOC106875983, transcript variant X1
NC_068989.1	73960245	73960268	0.8766048550605774	NC_068989.1	73959805	73960406	LOC106875983	0	-	uncharacterized LOC106875983, transcript variant X4
NC_068989.1	73960245	73960268	0.8766048550605774	NC_068989.1	73959805	73960408	LOC106875983	0	-	uncharacterized LOC106875983, transcript variant X3
NC_068989.1	73960245	73960268	0.8766048550605774	NC_068989.1	73959805	73960406	LOC106875983	0	-	uncharacterized LOC106875983, transcript variant X2
NC_068989.1	73960340	73960394	0.8698444366455078	NC_068989.1	73959805	73960406	LOC106875983	0	-	uncharacterized LOC106875983, transcript variant X1
NC_068989.1	73960340	73960394	0.8698444366455078	NC_068989.1	73959805	73960406	LOC106875983	0	-	uncharacterized LOC106875983, transcript variant X4
NC_068989.1	73960340	73960394	0.8698444366455078	NC_068989.1	73959805	73960408	LOC106875983	0	-	uncharacterized LOC106875983, transcript variant X3
NC_068989.1	73960340	73960394	0.8698444366455078	NC_068989.1	73959805	73960406	LOC106875983	0	-	uncharacterized LOC106875983, transcript variant X2
NC_068989.1	77603169	77603176	0.3482149839401245	NC_068989.1	77603169	77603268	LOC106878079	0	-	5-hydroxytryptamine receptor 2C, transcript variant X1
NC_068989.1	77603169	77603176	0.3482149839401245	NC_068989.1	77603169	77603268	LOC106878079	0	-	5-hydroxytryptamine receptor 2C, transcript variant X2
NC_068989.1	80311682	80311701	0.809650719165802	NC_068989.1	80311169	80311849	LOC106872195	0	-	gonadotropin-releasing hormone receptor, transcript variant X1
NC_068989.1	80311682	80311701	0.809650719165802	NC_068989.1	80311169	80311849	LOC106872195	0	-	gonadotropin-releasing hormone receptor, transcript variant X2
NC_068989.1	80962959	80962975	0.49988189339637756	NC_068989.1	80962836	80963192	LOC106867264	0	-	uncharacterized LOC106867264, transcript variant X1
NC_068989.1	80962959	80962975	0.49988189339637756	NC_068989.1	80962836	80963192	LOC106867264	0	-	uncharacterized LOC106867264, transcript variant X5
NC_068989.1	88398298	88398339	0.6640930771827698	NC_068989.1	88398142	88398580	LOC106869835	0	-	serine/threonine-protein kinase tousled-like 2, transcript variant X9
NC_068989.1	88398298	88398339	0.6640930771827698	NC_068989.1	88398142	88398580	LOC106869835	0	-	serine/threonine-protein kinase tousled-like 2, transcript variant X7
NC_068989.1	88398298	88398339	0.6640930771827698	NC_068989.1	88398142	88398580	LOC106869835	0	-	serine/threonine-protein kinase tousled-like 2, transcript variant X14
NC_068989.1	88398298	88398339	0.6640930771827698	NC_068989.1	88398142	88398581	LOC106869835	0	-	serine/threonine-protein kinase tousled-like 2, transcript variant X3
NC_068989.1	88398450	88398477	0.8584071397781372	NC_068989.1	88398142	88398580	LOC106869835	0	-	serine/threonine-protein kinase tousled-like 2, transcript variant X9
NC_068989.1	88398450	88398477	0.8584071397781372	NC_068989.1	88398142	88398580	LOC106869835	0	-	serine/threonine-protein kinase tousled-like 2, transcript variant X7
NC_068989.1	88398450	88398477	0.8584071397781372	NC_068989.1	88398142	88398580	LOC106869835	0	-	serine/threonine-protein kinase tousled-like 2, transcript variant X14
NC_068989.1	88398450	88398477	0.8584071397781372	NC_068989.1	88398142	88398581	LOC106869835	0	-	serine/threonine-protein kinase tousled-like 2, transcript variant X3
NC_068989.1	88398482	88398501	0.8026818633079529	NC_068989.1	88398142	88398580	LOC106869835	0	-	serine/threonine-protein kinase tousled-like 2, transcript variant X9
NC_068989.1	88398482	88398501	0.8026818633079529	NC_068989.1	88398142	88398580	LOC106869835	0	-	serine/threonine-protein kinase tousled-like 2, transcript variant X7
NC_068989.1	88398482	88398501	0.8026818633079529	NC_068989.1	88398142	88398580	LOC106869835	0	-	serine/threonine-protein kinase tousled-like 2, transcript variant X14
NC_068989.1	88398482	88398501	0.8026818633079529	NC_068989.1	88398142	88398581	LOC106869835	0	-	serine/threonine-protein kinase tousled-like 2, transcript variant X3
NC_068989.1	88398508	88398533	0.7243116497993469	NC_068989.1	88398142	88398580	LOC106869835	0	-	serine/threonine-protein kinase tousled-like 2, transcript variant X9
NC_068989.1	88398508	88398533	0.7243116497993469	NC_068989.1	88398142	88398580	LOC106869835	0	-	serine/threonine-protein kinase tousled-like 2, transcript variant X7
NC_068989.1	88398508	88398533	0.7243116497993469	NC_068989.1	88398142	88398580	LOC106869835	0	-	serine/threonine-protein kinase tousled-like 2, transcript variant X14
NC_068989.1	88398508	88398533	0.7243116497993469	NC_068989.1	88398142	88398581	LOC106869835	0	-	serine/threonine-protein kinase tousled-like 2, transcript variant X3
NC_068989.1	89646575	89646580	0.4348914325237274	NC_068989.1	89646575	89647418	LOC106877657	0	-	protein inturned, transcript variant X3
NC_068989.1	90919507	90919527	0.536212682723999	NC_068989.1	90919269	90919886	LOC106868310	0	-	protein PFC0760c, transcript variant X1
NC_068989.1	90919507	90919527	0.536212682723999	NC_068989.1	90919269	90919886	LOC106868310	0	-	protein PFC0760c, transcript variant X2
NC_068990.1	17276767	17276772	0.546796441078186	NC_068990.1	17276659	17276772	LOC106883983	0	-	D-3-phosphoglycerate dehydrogenase, transcript variant X2
NC_068990.1	17276767	17276771	0.546796441078186	NC_068990.1	17276269	17276771	LOC106883983	0	-	D-3-phosphoglycerate dehydrogenase, transcript variant X1
NC_068990.1	54106160	54106180	0.2575352191925049	NC_068990.1	54106066	54106180	LOC106877129	0	-	LYR motif-containing protein 1, transcript variant X4
NC_068990.1	54106160	54106174	0.2575352191925049	NC_068990.1	54105647	54106174	LOC106877129	0	-	LYR motif-containing protein 1, transcript variant X2
NC_068990.1	62093935	62093949	0.8303874135017395	NC_068990.1	62093519	62094434	LOC106884059	0	-	zinc finger protein 836, transcript variant X1
NC_068990.1	62093935	62093949	0.8303874135017395	NC_068990.1	62093519	62094438	LOC106884059	0	-	zinc finger protein 836, transcript variant X4
NC_068990.1	63659680	63659698	0.6934263706207275	NC_068990.1	63659095	63659726	LOC106877715	0	-	uncharacterized LOC106877715, transcript variant X5
NC_068990.1	63659680	63659698	0.6934263706207275	NC_068990.1	63659095	63659725	LOC106877715	0	-	uncharacterized LOC106877715, transcript variant X1
NC_068990.1	65000458	65000463	0.2774234712123871	NC_068990.1	64996108	65000629	LOC106879762	0	-	malignant fibrous histiocytoma-amplified sequence 1 homolog, transcript variant X2
NC_068990.1	65000458	65000463	0.2774234712123871	NC_068990.1	64996108	65000629	LOC106879762	0	-	malignant fibrous histiocytoma-amplified sequence 1 homolog, transcript variant X1
NC_068990.1	70972131	70972138	0.8833861947059631	NC_068990.1	70971261	70972138	LOC106882425	0	-	oxysterol-binding protein-related protein 6, transcript variant X6
NC_068990.1	70972131	70972137	0.8833861947059631	NC_068990.1	70971261	70972137	LOC106882425	0	-	oxysterol-binding protein-related protein 6, transcript variant X2
NC_068990.1	70972131	70972137	0.8833861947059631	NC_068990.1	70971261	70972137	LOC106882425	0	-	oxysterol-binding protein-related protein 6, transcript variant X1
NC_068990.1	70972131	70972140	0.8833861947059631	NC_068990.1	70971261	70972140	LOC106882425	0	-	oxysterol-binding protein-related protein 6, transcript variant X10
NC_068990.1	70972131	70972136	0.8833861947059631	NC_068990.1	70971261	70972136	LOC106882425	0	-	oxysterol-binding protein-related protein 6, transcript variant X3
NC_068990.1	70972131	70972139	0.8833861947059631	NC_068990.1	70971261	70972139	LOC106882425	0	-	oxysterol-binding protein-related protein 6, transcript variant X9
NC_068990.1	70972131	70972137	0.8833861947059631	NC_068990.1	70971261	70972137	LOC106882425	0	-	oxysterol-binding protein-related protein 6, transcript variant X4
NC_068990.1	70972131	70972136	0.8833861947059631	NC_068990.1	70971261	70972136	LOC106882425	0	-	oxysterol-binding protein-related protein 6, transcript variant X5
NC_068990.1	72625170	72625191	0.34955891966819763	NC_068990.1	72625170	72626039	LOC106880698	0	-	zinc finger protein 629, transcript variant X8
NC_068990.1	72625170	72625191	0.34955891966819763	NC_068990.1	72625170	72626039	LOC106880698	0	-	zinc finger protein 629, transcript variant X3
NC_068990.1	72625170	72625191	0.34955891966819763	NC_068990.1	72625170	72626039	LOC106880698	0	-	zinc finger protein 629, transcript variant X9
NC_068990.1	72625170	72625191	0.34955891966819763	NC_068990.1	72625170	72626039	LOC106880698	0	-	zinc finger protein 629, transcript variant X2
NC_068990.1	72625170	72625191	0.34955891966819763	NC_068990.1	72625170	72626039	LOC106880698	0	-	zinc finger protein 629, transcript variant X4
NC_068990.1	72625170	72625191	0.34955891966819763	NC_068990.1	72625170	72626039	LOC106880698	0	-	zinc finger protein 629, transcript variant X5
NC_068990.1	72625170	72625191	0.34955891966819763	NC_068990.1	72625170	72626039	LOC106880698	0	-	zinc finger protein 629, transcript variant X7
NC_068990.1	72625170	72625191	0.34955891966819763	NC_068990.1	72625170	72626039	LOC106880698	0	-	zinc finger protein 629, transcript variant X6
NC_068990.1	72625170	72625191	0.34955891966819763	NC_068990.1	72625170	72626039	LOC106880698	0	-	zinc finger protein 629, transcript variant X1
NC_068990.1	78653889	78653901	0.3931858539581299	NC_068990.1	78653671	78654360	LOC106869538	0	-	tyrosine-protein phosphatase non-receptor type 4, transcript variant X6
NC_068990.1	78654002	78654021	0.6918139457702637	NC_068990.1	78653671	78654360	LOC106869538	0	-	tyrosine-protein phosphatase non-receptor type 4, transcript variant X6
NC_068990.1	87533072	87533095	0.7220999002456665	NC_068990.1	87532906	87533283	LOC106869943	0	-	QRFP-like peptide receptor, transcript variant X3
NC_068990.1	87533072	87533095	0.7220999002456665	NC_068990.1	87531877	87533283	LOC106869943	0	-	QRFP-like peptide receptor, transcript variant X1
NC_068990.1	87533117	87533163	0.37111979722976685	NC_068990.1	87532906	87533283	LOC106869943	0	-	QRFP-like peptide receptor, transcript variant X3
NC_068990.1	87533117	87533163	0.37111979722976685	NC_068990.1	87531877	87533283	LOC106869943	0	-	QRFP-like peptide receptor, transcript variant X1
NC_068990.1	87533168	87533177	0.28454890847206116	NC_068990.1	87532906	87533283	LOC106869943	0	-	QRFP-like peptide receptor, transcript variant X3
NC_068990.1	87533168	87533177	0.28454890847206116	NC_068990.1	87531877	87533283	LOC106869943	0	-	QRFP-like peptide receptor, transcript variant X1
NC_068990.1	89935716	89935736	0.8793596029281616	NC_068990.1	89935277	89936053	LOC106869417	0	-	transmembrane protein 68, transcript variant X2
NC_068991.1	81348	81369	0.8285072445869446	NC_068991.1	81348	81372	LOC106881196	0	-	uncharacterized LOC106881196, transcript variant X3
NC_068991.1	3586125	3586141	0.5539267659187317	NC_068991.1	3585858	3586488	LOC106872108	0	-	cell division control protein 42 homolog
NC_068991.1	3586239	3586249	0.39707663655281067	NC_068991.1	3585858	3586488	LOC106872108	0	-	cell division control protein 42 homolog
NC_068991.1	3586250	3586267	0.3644293248653412	NC_068991.1	3585858	3586488	LOC106872108	0	-	cell division control protein 42 homolog
NC_068991.1	24462440	24462466	0.4454610049724579	NC_068991.1	24461980	24463955	LOC106877480	0	-	cadherin EGF LAG seven-pass G-type receptor 2, transcript variant X2
NC_068991.1	24462551	24462593	0.7209193110466003	NC_068991.1	24461980	24463955	LOC106877480	0	-	cadherin EGF LAG seven-pass G-type receptor 2, transcript variant X2
NC_068991.1	24889423	24889445	0.7286482453346252	NC_068991.1	24888126	24889657	LOC106880015	0	-	zinc finger protein 410, transcript variant X3
NC_068991.1	25722837	25722854	0.6721416711807251	NC_068991.1	25722561	25722958	LOC106869641	0	-	gonadotropin-releasing hormone II receptor, transcript variant X7
NC_068991.1	25722837	25722854	0.6721416711807251	NC_068991.1	25722561	25722958	LOC106869641	0	-	gonadotropin-releasing hormone II receptor, transcript variant X8
NC_068991.1	25722837	25722854	0.6721416711807251	NC_068991.1	25722561	25722958	LOC106869641	0	-	gonadotropin-releasing hormone II receptor, transcript variant X5
NC_068991.1	25722837	25722854	0.6721416711807251	NC_068991.1	25722561	25722958	LOC106869641	0	-	gonadotropin-releasing hormone II receptor, transcript variant X2
NC_068991.1	25722837	25722854	0.6721416711807251	NC_068991.1	25722561	25722958	LOC106869641	0	-	gonadotropin-releasing hormone II receptor, transcript variant X1
NC_068991.1	25722837	25722854	0.6721416711807251	NC_068991.1	25722561	25722958	LOC106869641	0	-	gonadotropin-releasing hormone II receptor, transcript variant X6
NC_068991.1	25722927	25722958	0.738572359085083	NC_068991.1	25722561	25722958	LOC106869641	0	-	gonadotropin-releasing hormone II receptor, transcript variant X7
NC_068991.1	25722927	25722958	0.738572359085083	NC_068991.1	25722561	25722958	LOC106869641	0	-	gonadotropin-releasing hormone II receptor, transcript variant X8
NC_068991.1	25722927	25722958	0.738572359085083	NC_068991.1	25722561	25722958	LOC106869641	0	-	gonadotropin-releasing hormone II receptor, transcript variant X5
NC_068991.1	25722927	25722958	0.738572359085083	NC_068991.1	25722561	25722958	LOC106869641	0	-	gonadotropin-releasing hormone II receptor, transcript variant X2
NC_068991.1	25722927	25722958	0.738572359085083	NC_068991.1	25722561	25722958	LOC106869641	0	-	gonadotropin-releasing hormone II receptor, transcript variant X1
NC_068991.1	25722927	25722958	0.738572359085083	NC_068991.1	25722561	25722958	LOC106869641	0	-	gonadotropin-releasing hormone II receptor, transcript variant X6
NC_068991.1	37014492	37014509	0.5421481132507324	NC_068991.1	37013210	37014929	LOC106869955	0	-	formin-2, transcript variant X2
NC_068991.1	50654424	50654449	0.8520607948303223	NC_068991.1	50652528	50654504	LOC106873924	0	-	mitochondrial ribonuclease P catalytic subunit, transcript variant X2
NC_068991.1	50654482	50654496	0.9105863571166992	NC_068991.1	50652528	50654504	LOC106873924	0	-	mitochondrial ribonuclease P catalytic subunit, transcript variant X2
NC_068991.1	50655499	50655513	0.4500525891780853	NC_068991.1	50655343	50656362	LOC106873924	0	-	mitochondrial ribonuclease P catalytic subunit, transcript variant X1
NC_068991.1	60150501	60150631	0.8813852667808533	NC_068991.1	60150362	60154001	LOC106869681	0	-	alpha-2Da adrenergic receptor, transcript variant X1
NC_068991.1	60153890	60153895	0.46392735838890076	NC_068991.1	60150362	60154001	LOC106869681	0	-	alpha-2Da adrenergic receptor, transcript variant X1
NC_068991.1	60153896	60153903	0.3806364834308624	NC_068991.1	60150362	60154001	LOC106869681	0	-	alpha-2Da adrenergic receptor, transcript variant X1
NC_068991.1	60154118	60154123	0.8812830448150635	NC_068991.1	60154008	60154123	LOC106869681	0	-	alpha-2Da adrenergic receptor, transcript variant X2
NC_068991.1	60184971	60185035	0.8852939605712891	NC_068991.1	60184831	60189088	LOC106869683	0	-	G-protein coupled receptor 22, transcript variant X2
NC_068991.1	60187497	60187532	0.6897632479667664	NC_068991.1	60184831	60189088	LOC106869683	0	-	G-protein coupled receptor 22, transcript variant X2
NC_068991.1	66769912	66769923	0.4465119540691376	NC_068991.1	66769857	66770506	LOC106869289	0	-	uncharacterized LOC106869289
NC_068991.1	71990206	71990226	0.7184486389160156	NC_068991.1	71990022	71990412	LOC106875113	0	-	uncharacterized LOC106875113, transcript variant X1
NC_068991.1	71990206	71990226	0.7184486389160156	NC_068991.1	71990022	71990412	LOC106875113	0	-	uncharacterized LOC106875113, transcript variant X2
NC_068992.1	8568294	8568313	0.42175665497779846	NC_068992.1	8567977	8568338	LOC106880181	0	-	delta-1-pyrroline-5-carboxylate dehydrogenase, mitochondrial, transcript variant X4
NC_068992.1	8568294	8568313	0.42175665497779846	NC_068992.1	8567977	8568338	LOC106880181	0	-	delta-1-pyrroline-5-carboxylate dehydrogenase, mitochondrial, transcript variant X3
NC_068992.1	8568314	8568334	0.5011962652206421	NC_068992.1	8567977	8568338	LOC106880181	0	-	delta-1-pyrroline-5-carboxylate dehydrogenase, mitochondrial, transcript variant X4
NC_068992.1	8568314	8568334	0.5011962652206421	NC_068992.1	8567977	8568338	LOC106880181	0	-	delta-1-pyrroline-5-carboxylate dehydrogenase, mitochondrial, transcript variant X3
NC_068992.1	8912781	8912833	0.42186176776885986	NC_068992.1	8910760	8912922	LOC106876773	0	-	sorting nexin-27, transcript variant X1
NC_068992.1	8912781	8912833	0.42186176776885986	NC_068992.1	8910760	8912922	LOC106876773	0	-	sorting nexin-27, transcript variant X2
NC_068992.1	9401116	9401151	0.7622886896133423	NC_068992.1	9399704	9402876	LOC128249191	0	-	neuropeptide FF receptor 1-like, transcript variant X1
NC_068992.1	9402144	9402176	0.6312913298606873	NC_068992.1	9399704	9402876	LOC128249191	0	-	neuropeptide FF receptor 1-like, transcript variant X1
NC_068992.1	9402519	9402526	0.4172397255897522	NC_068992.1	9399704	9402876	LOC128249191	0	-	neuropeptide FF receptor 1-like, transcript variant X1
NC_068992.1	30848392	30848397	0.4766623079776764	NC_068992.1	30847954	30849332	LOC106869914	0	-	protogenin A, transcript variant X6
NC_068992.1	30848392	30848397	0.4766623079776764	NC_068992.1	30847954	30849332	LOC106869914	0	-	protogenin A, transcript variant X2
NC_068992.1	30848392	30848397	0.4766623079776764	NC_068992.1	30847954	30849332	LOC106869914	0	-	protogenin A, transcript variant X4
NC_068992.1	30848392	30848397	0.4766623079776764	NC_068992.1	30847954	30849332	LOC106869914	0	-	protogenin A, transcript variant X3
NC_068992.1	30848392	30848397	0.4766623079776764	NC_068992.1	30847954	30849332	LOC106869914	0	-	protogenin A, transcript variant X1
NC_068992.1	30848392	30848397	0.4766623079776764	NC_068992.1	30847954	30849332	LOC106869914	0	-	protogenin A, transcript variant X5
NC_068992.1	30848599	30848607	0.38254252076148987	NC_068992.1	30847954	30849332	LOC106869914	0	-	protogenin A, transcript variant X6
NC_068992.1	30848599	30848607	0.38254252076148987	NC_068992.1	30847954	30849332	LOC106869914	0	-	protogenin A, transcript variant X2
NC_068992.1	30848599	30848607	0.38254252076148987	NC_068992.1	30847954	30849332	LOC106869914	0	-	protogenin A, transcript variant X4
NC_068992.1	30848599	30848607	0.38254252076148987	NC_068992.1	30847954	30849332	LOC106869914	0	-	protogenin A, transcript variant X3
NC_068992.1	30848599	30848607	0.38254252076148987	NC_068992.1	30847954	30849332	LOC106869914	0	-	protogenin A, transcript variant X1
NC_068992.1	30848599	30848607	0.38254252076148987	NC_068992.1	30847954	30849332	LOC106869914	0	-	protogenin A, transcript variant X5
NC_068992.1	30848654	30848659	0.3414309620857239	NC_068992.1	30847954	30849332	LOC106869914	0	-	protogenin A, transcript variant X6
NC_068992.1	30848654	30848659	0.3414309620857239	NC_068992.1	30847954	30849332	LOC106869914	0	-	protogenin A, transcript variant X2
NC_068992.1	30848654	30848659	0.3414309620857239	NC_068992.1	30847954	30849332	LOC106869914	0	-	protogenin A, transcript variant X4
NC_068992.1	30848654	30848659	0.3414309620857239	NC_068992.1	30847954	30849332	LOC106869914	0	-	protogenin A, transcript variant X3
NC_068992.1	30848654	30848659	0.3414309620857239	NC_068992.1	30847954	30849332	LOC106869914	0	-	protogenin A, transcript variant X1
NC_068992.1	30848654	30848659	0.3414309620857239	NC_068992.1	30847954	30849332	LOC106869914	0	-	protogenin A, transcript variant X5
NC_068992.1	30849142	30849147	0.3875539004802704	NC_068992.1	30847954	30849332	LOC106869914	0	-	protogenin A, transcript variant X6
NC_068992.1	30849142	30849147	0.3875539004802704	NC_068992.1	30847954	30849332	LOC106869914	0	-	protogenin A, transcript variant X2
NC_068992.1	30849142	30849147	0.3875539004802704	NC_068992.1	30847954	30849332	LOC106869914	0	-	protogenin A, transcript variant X4
NC_068992.1	30849142	30849147	0.3875539004802704	NC_068992.1	30847954	30849332	LOC106869914	0	-	protogenin A, transcript variant X3
NC_068992.1	30849142	30849147	0.3875539004802704	NC_068992.1	30847954	30849332	LOC106869914	0	-	protogenin A, transcript variant X1
NC_068992.1	30849142	30849147	0.3875539004802704	NC_068992.1	30847954	30849332	LOC106869914	0	-	protogenin A, transcript variant X5
NC_068992.1	39356559	39356564	0.31436172127723694	NC_068992.1	39356246	39356783	LOC106877775	0	-	SKI family transcriptional corepressor 1 homolog-B, transcript variant X4
NC_068992.1	42305009	42305023	0.4046362340450287	NC_068992.1	42304812	42305050	LOC106883812	0	-	neuropeptide FF receptor 2, transcript variant X1
NC_068992.1	49339439	49339454	0.5050445199012756	NC_068992.1	49339336	49340043	LOC106871223	0	-	protein LZIC
NC_068992.1	56004704	56004720	0.4304543733596802	NC_068992.1	56004647	56004772	LOC106870124	0	-	spermidine synthase
NC_068992.1	58822555	58822568	0.614616334438324	NC_068992.1	58822375	58822615	LOC106874495	0	-	uncharacterized LOC106874495, transcript variant X7
NC_068992.1	58822555	58822568	0.614616334438324	NC_068992.1	58822375	58822615	LOC106874495	0	-	uncharacterized LOC106874495, transcript variant X3
NC_068992.1	58850593	58850599	0.3391176760196686	NC_068992.1	58850479	58850993	LOC106874495	0	-	uncharacterized LOC106874495, transcript variant X8
NC_068992.1	58850593	58850599	0.3391176760196686	NC_068992.1	58850479	58850993	LOC106874495	0	-	uncharacterized LOC106874495, transcript variant X2
NC_068992.1	58850593	58850599	0.3391176760196686	NC_068992.1	58850479	58850993	LOC106874495	0	-	uncharacterized LOC106874495, transcript variant X7
NC_068992.1	58850600	58850609	0.31402388215065	NC_068992.1	58850479	58850993	LOC106874495	0	-	uncharacterized LOC106874495, transcript variant X8
NC_068992.1	58850600	58850609	0.31402388215065	NC_068992.1	58850479	58850993	LOC106874495	0	-	uncharacterized LOC106874495, transcript variant X2
NC_068992.1	58850600	58850609	0.31402388215065	NC_068992.1	58850479	58850993	LOC106874495	0	-	uncharacterized LOC106874495, transcript variant X7
NC_068992.1	61668961	61668967	0.26860591769218445	NC_068992.1	61666534	61669014	LOC106878318	0	-	SPRY domain-containing SOCS box protein 1, transcript variant X1
NC_068992.1	61668961	61668967	0.26860591769218445	NC_068992.1	61666534	61669014	LOC106878318	0	-	SPRY domain-containing SOCS box protein 1, transcript variant X2
NC_068993.1	663727	663782	0.9482101202011108	NC_068993.1	663431	664028	LOC106871442	0	-	elongation of very long chain fatty acids protein AAEL008004, transcript variant X2
NC_068993.1	663727	663782	0.9482101202011108	NC_068993.1	663431	664028	LOC106871442	0	-	elongation of very long chain fatty acids protein AAEL008004, transcript variant X3
NC_068993.1	34325350	34325366	0.6319922208786011	NC_068993.1	34325044	34326911	LOC106868722	0	-	GATA zinc finger domain-containing protein 14, transcript variant X2
NC_068993.1	54280271	54280293	0.7498114109039307	NC_068993.1	54280130	54280503	LOC106867548	0	-	transcriptional regulator ATRX, transcript variant X1
NC_068993.1	54280271	54280293	0.7498114109039307	NC_068993.1	54280130	54280503	LOC106867548	0	-	transcriptional regulator ATRX, transcript variant X2
NC_068993.1	55190023	55190040	0.9030775427818298	NC_068993.1	55189891	55190121	LOC106881559	0	-	cyclin-I, transcript variant X1
NC_068993.1	59020356	59020403	0.6918221116065979	NC_068993.1	59020312	59020713	LOC106876692	0	-	dnaJ homolog subfamily C member 22, transcript variant X2
NC_068993.1	59020356	59020403	0.6918221116065979	NC_068993.1	59020305	59020713	LOC106876692	0	-	dnaJ homolog subfamily C member 22, transcript variant X1
NC_068993.1	59020567	59020637	0.5125258564949036	NC_068993.1	59020312	59020713	LOC106876692	0	-	dnaJ homolog subfamily C member 22, transcript variant X2
NC_068993.1	59020567	59020637	0.5125258564949036	NC_068993.1	59020305	59020713	LOC106876692	0	-	dnaJ homolog subfamily C member 22, transcript variant X1
NC_068993.1	59020664	59020696	0.4386364817619324	NC_068993.1	59020312	59020713	LOC106876692	0	-	dnaJ homolog subfamily C member 22, transcript variant X2
NC_068993.1	59020664	59020696	0.4386364817619324	NC_068993.1	59020305	59020713	LOC106876692	0	-	dnaJ homolog subfamily C member 22, transcript variant X1
NC_068993.1	59463534	59463547	0.7062139511108398	NC_068993.1	59463514	59463791	LOC106867224	0	-	zinc finger protein 271
NC_068993.1	59520833	59520839	0.39428794384002686	NC_068993.1	59520582	59521067	LOC128249305	0	-	zinc finger protein 271-like, transcript variant X1
NC_068993.1	59520983	59520992	0.7037718296051025	NC_068993.1	59520582	59521067	LOC128249305	0	-	zinc finger protein 271-like, transcript variant X1
NC_068993.1	61503766	61503780	0.51649010181427	NC_068993.1	61503615	61504070	LOC106884296	0	-	protein POLR1D, transcript variant X2
NC_068993.1	62733594	62733614	0.49632421135902405	NC_068993.1	62733397	62733702	LOC106884332	0	-	glycine receptor subunit alpha-2, transcript variant X1
NC_068993.1	62733633	62733663	0.4174378216266632	NC_068993.1	62733397	62733702	LOC106884332	0	-	glycine receptor subunit alpha-2, transcript variant X1
NC_068993.1	62733666	62733691	0.39461058378219604	NC_068993.1	62733397	62733702	LOC106884332	0	-	glycine receptor subunit alpha-2, transcript variant X1
NC_068994.1	1073525	1073532	0.3583833575248718	NC_068994.1	1073308	1073694	LOC106872617	0	-	protocadherin beta-15, transcript variant X6
NC_068994.1	1073525	1073532	0.3583833575248718	NC_068994.1	1073308	1073690	LOC106872617	0	-	protocadherin beta-15, transcript variant X3
NC_068994.1	1073525	1073532	0.3583833575248718	NC_068994.1	1073308	1073690	LOC106872617	0	-	protocadherin beta-15, transcript variant X4
NC_068994.1	1073525	1073532	0.3583833575248718	NC_068994.1	1073308	1073689	LOC106872617	0	-	protocadherin beta-15, transcript variant X1
NC_068994.1	1073551	1073577	0.5544768571853638	NC_068994.1	1073308	1073694	LOC106872617	0	-	protocadherin beta-15, transcript variant X6
NC_068994.1	1073551	1073577	0.5544768571853638	NC_068994.1	1073308	1073690	LOC106872617	0	-	protocadherin beta-15, transcript variant X3
NC_068994.1	1073551	1073577	0.5544768571853638	NC_068994.1	1073308	1073690	LOC106872617	0	-	protocadherin beta-15, transcript variant X4
NC_068994.1	1073551	1073577	0.5544768571853638	NC_068994.1	1073308	1073689	LOC106872617	0	-	protocadherin beta-15, transcript variant X1
NC_068994.1	1472673	1472718	0.5423628687858582	NC_068994.1	1472174	1472825	LOC106873244	0	-	protocadherin gamma-A11, transcript variant X1
NC_068994.1	1472673	1472718	0.5423628687858582	NC_068994.1	1472174	1472825	LOC106873244	0	-	protocadherin gamma-A11, transcript variant X3
NC_068994.1	1472673	1472718	0.5423628687858582	NC_068994.1	1472174	1472825	LOC106873244	0	-	protocadherin gamma-A11, transcript variant X4
NC_068994.1	1472725	1472764	0.49609026312828064	NC_068994.1	1472174	1472825	LOC106873244	0	-	protocadherin gamma-A11, transcript variant X1
NC_068994.1	1472725	1472764	0.49609026312828064	NC_068994.1	1472174	1472825	LOC106873244	0	-	protocadherin gamma-A11, transcript variant X3
NC_068994.1	1472725	1472764	0.49609026312828064	NC_068994.1	1472174	1472825	LOC106873244	0	-	protocadherin gamma-A11, transcript variant X4
NC_068994.1	1546164	1546191	0.4068317413330078	NC_068994.1	1545635	1547260	LOC106873243	0	-	putative protocadherin beta-18, transcript variant X7
NC_068994.1	1877867	1877890	0.4762669801712036	NC_068994.1	1877692	1878436	LOC106875822	0	-	protocadherin gamma-A9, transcript variant X1
NC_068994.1	1878028	1878038	0.3891505300998688	NC_068994.1	1877692	1878436	LOC106875822	0	-	protocadherin gamma-A9, transcript variant X1
NC_068994.1	1981315	1981334	0.7629185914993286	NC_068994.1	1981036	1982694	LOC106873949	0	-	protocadherin beta-15, transcript variant X1
NC_068994.1	1981339	1981354	0.5144250988960266	NC_068994.1	1981036	1982694	LOC106873949	0	-	protocadherin beta-15, transcript variant X1
NC_068994.1	1981361	1981376	0.7102968692779541	NC_068994.1	1981036	1982694	LOC106873949	0	-	protocadherin beta-15, transcript variant X1
NC_068994.1	1981407	1981426	0.8278883695602417	NC_068994.1	1981036	1982694	LOC106873949	0	-	protocadherin beta-15, transcript variant X1
NC_068994.1	1981474	1981492	0.7981381416320801	NC_068994.1	1981036	1982694	LOC106873949	0	-	protocadherin beta-15, transcript variant X1
NC_068994.1	1981568	1981589	0.7460237145423889	NC_068994.1	1981036	1982694	LOC106873949	0	-	protocadherin beta-15, transcript variant X1
NC_068994.1	1981595	1981612	0.7625225186347961	NC_068994.1	1981036	1982694	LOC106873949	0	-	protocadherin beta-15, transcript variant X1
NC_068994.1	1981620	1981635	0.7166678309440613	NC_068994.1	1981036	1982694	LOC106873949	0	-	protocadherin beta-15, transcript variant X1
NC_068994.1	2148733	2148746	0.7572388052940369	NC_068994.1	2148679	2149422	LOC106873951	0	-	protocadherin 18, transcript variant X2
NC_068994.1	2207079	2207123	0.5985515713691711	NC_068994.1	2206586	2207157	LOC106873951	0	-	protocadherin 18, transcript variant X2
NC_068994.1	2207079	2207123	0.5985515713691711	NC_068994.1	2206586	2207156	LOC106873951	0	-	protocadherin 18, transcript variant X4
NC_068994.1	2207079	2207123	0.5985515713691711	NC_068994.1	2206586	2207157	LOC106873951	0	-	protocadherin 18, transcript variant X1
NC_068994.1	2541849	2541858	0.2789176404476166	NC_068994.1	2541643	2542053	LOC106883413	0	-	protocadherin gamma-A4
NC_068994.1	2541859	2541864	0.35348033905029297	NC_068994.1	2541643	2542053	LOC106883413	0	-	protocadherin gamma-A4
NC_068994.1	3448041	3448059	0.5768995881080627	NC_068994.1	3447847	3448388	LOC106870051	0	-	zinc finger protein OZF, transcript variant X1
NC_068994.1	3609707	3609714	0.9037910103797913	NC_068994.1	3609279	3609714	LOC106870052	0	-	zinc finger protein 721
NC_068994.1	3739272	3739285	0.3793344497680664	NC_068994.1	3739187	3739425	LOC106870078	0	-	zinc finger protein 431, transcript variant X1
NC_068994.1	3910684	3910702	0.5403731465339661	NC_068994.1	3910605	3911001	LOC106870069	0	-	zinc finger protein 658B, transcript variant X2
NC_068994.1	3910684	3910702	0.5403731465339661	NC_068994.1	3910605	3911000	LOC106870069	0	-	zinc finger protein 658B, transcript variant X1
NC_068994.1	4785346	4785365	0.6238161325454712	NC_068994.1	4785151	4785541	LOC106870063	0	-	zinc finger protein ZFP2, transcript variant X9
NC_068994.1	4785346	4785365	0.6238161325454712	NC_068994.1	4785151	4785541	LOC106870063	0	-	zinc finger protein ZFP2, transcript variant X8
NC_068994.1	4785346	4785365	0.6238161325454712	NC_068994.1	4785151	4785541	LOC106870063	0	-	zinc finger protein ZFP2, transcript variant X7
NC_068994.1	4785346	4785365	0.6238161325454712	NC_068994.1	4785151	4785538	LOC106870063	0	-	zinc finger protein ZFP2, transcript variant X1
NC_068994.1	4786387	4786398	0.3454481363296509	NC_068994.1	4786243	4786639	LOC106870063	0	-	zinc finger protein ZFP2, transcript variant X4
NC_068994.1	5220486	5220516	0.6190254092216492	NC_068994.1	5220397	5220550	LOC106868335	0	-	uncharacterized LOC106868335, transcript variant X1
NC_068994.1	5628266	5628294	0.7966794967651367	NC_068994.1	5628224	5629088	LOC106876630	0	-	growth hormone secretagogue receptor type 1
NC_068994.1	5628309	5628325	0.6468485593795776	NC_068994.1	5628224	5629088	LOC106876630	0	-	growth hormone secretagogue receptor type 1
NC_068994.1	12045377	12045417	0.8561352491378784	NC_068994.1	12045095	12045558	LOC106874968	0	-	mucin-5AC
NC_068994.1	12045520	12045558	0.7621947526931763	NC_068994.1	12045095	12045558	LOC106874968	0	-	mucin-5AC
NC_068994.1	14883968	14884004	0.2558295428752899	NC_068994.1	14883804	14884004	LOC106875029	0	-	lysine-specific demethylase 3A, transcript variant X3
NC_068994.1	21209207	21209223	0.86867356300354	NC_068994.1	21208965	21209550	LOC106876127	0	-	transmembrane protein 230, transcript variant X3
NC_068994.1	21210971	21210986	0.8854973316192627	NC_068994.1	21209567	21211593	LOC106876127	0	-	transmembrane protein 230, transcript variant X2
NC_068994.1	21210971	21210986	0.8854973316192627	NC_068994.1	21209861	21211593	LOC106876127	0	-	transmembrane protein 230, transcript variant X4
NC_068994.1	21210971	21210986	0.8854973316192627	NC_068994.1	21209675	21211593	LOC106876127	0	-	transmembrane protein 230, transcript variant X1
NC_068994.1	21211249	21211265	0.48393797874450684	NC_068994.1	21209567	21211593	LOC106876127	0	-	transmembrane protein 230, transcript variant X2
NC_068994.1	21211249	21211265	0.48393797874450684	NC_068994.1	21209861	21211593	LOC106876127	0	-	transmembrane protein 230, transcript variant X4
NC_068994.1	21211249	21211265	0.48393797874450684	NC_068994.1	21209675	21211593	LOC106876127	0	-	transmembrane protein 230, transcript variant X1
NC_068994.1	21211289	21211305	0.7555053234100342	NC_068994.1	21209567	21211593	LOC106876127	0	-	transmembrane protein 230, transcript variant X2
NC_068994.1	21211289	21211305	0.7555053234100342	NC_068994.1	21209861	21211593	LOC106876127	0	-	transmembrane protein 230, transcript variant X4
NC_068994.1	21211289	21211305	0.7555053234100342	NC_068994.1	21209675	21211593	LOC106876127	0	-	transmembrane protein 230, transcript variant X1
NC_068994.1	21860915	21860930	0.8296262621879578	NC_068994.1	21860452	21860974	LOC106876579	0	-	zinc finger protein Xfin, transcript variant X2
NC_068994.1	22427136	22427139	0.7327818274497986	NC_068994.1	22426857	22427139	LOC106884031	0	-	mRNA-decapping enzyme 1A, transcript variant X5
NC_068994.1	22930027	22930068	0.4675024449825287	NC_068994.1	22929924	22930102	LOC106884033	0	-	zinc finger protein 436, transcript variant X2
NC_068994.1	31453955	31453972	0.4465135633945465	NC_068994.1	31453700	31454039	LOC106874051	0	-	gastrula zinc finger protein XlCGF49.1, transcript variant X2
NC_068994.1	31453955	31453972	0.4465135633945465	NC_068994.1	31453700	31454039	LOC106874051	0	-	gastrula zinc finger protein XlCGF49.1, transcript variant X1
NC_068994.1	33325967	33325977	0.361838161945343	NC_068994.1	33325823	33326222	LOC106869384	0	-	protocadherin-17, transcript variant X1
NC_068994.1	33325982	33326014	0.8691554665565491	NC_068994.1	33325823	33326222	LOC106869384	0	-	protocadherin-17, transcript variant X1
NC_068994.1	33326035	33326067	0.791431188583374	NC_068994.1	33325823	33326222	LOC106869384	0	-	protocadherin-17, transcript variant X1
NC_068994.1	33326166	33326205	0.8611820936203003	NC_068994.1	33325823	33326222	LOC106869384	0	-	protocadherin-17, transcript variant X1
NC_068994.1	33683555	33683562	0.4301578998565674	NC_068994.1	33682876	33683625	LOC106875084	0	-	protocadherin gamma-A4, transcript variant X1
NC_068994.1	33683555	33683562	0.4301578998565674	NC_068994.1	33682876	33683627	LOC106875084	0	-	protocadherin gamma-A4, transcript variant X2
NC_068994.1	33683555	33683562	0.4301578998565674	NC_068994.1	33682876	33683627	LOC106875084	0	-	protocadherin gamma-A4, transcript variant X3
NC_068994.1	33683588	33683603	0.3130069077014923	NC_068994.1	33682876	33683625	LOC106875084	0	-	protocadherin gamma-A4, transcript variant X1
NC_068994.1	33683588	33683603	0.3130069077014923	NC_068994.1	33682876	33683627	LOC106875084	0	-	protocadherin gamma-A4, transcript variant X2
NC_068994.1	33683588	33683603	0.3130069077014923	NC_068994.1	33682876	33683627	LOC106875084	0	-	protocadherin gamma-A4, transcript variant X3
NC_068994.1	33683612	33683617	0.34376344084739685	NC_068994.1	33682876	33683625	LOC106875084	0	-	protocadherin gamma-A4, transcript variant X1
NC_068994.1	33683612	33683617	0.34376344084739685	NC_068994.1	33682876	33683627	LOC106875084	0	-	protocadherin gamma-A4, transcript variant X2
NC_068994.1	33683612	33683617	0.34376344084739685	NC_068994.1	33682876	33683627	LOC106875084	0	-	protocadherin gamma-A4, transcript variant X3
NC_068994.1	35696302	35696309	0.3846922218799591	NC_068994.1	35695740	35696314	LOC106881593	0	-	protocadherin beta-15, transcript variant X4
NC_068994.1	35862422	35862466	0.7362342476844788	NC_068994.1	35862010	35862468	LOC106868934	0	-	protocadherin beta-15, transcript variant X2
NC_068994.1	36405172	36405240	0.6028012037277222	NC_068994.1	36405110	36405342	LOC106871760	0	-	protocadherin beta-12, transcript variant X3
NC_068994.1	37874763	37874772	0.3706941604614258	NC_068994.1	37874335	37874819	LOC106875856	0	-	protocadherin-18, transcript variant X2
NC_068994.1	37874763	37874772	0.3706941604614258	NC_068994.1	37874335	37874819	LOC106875856	0	-	protocadherin-18, transcript variant X3
NC_068994.1	37874763	37874772	0.3706941604614258	NC_068994.1	37874335	37874818	LOC106875856	0	-	protocadherin-18, transcript variant X1
NC_068994.1	38572304	38572323	0.37929651141166687	NC_068994.1	38572077	38572636	LOC106872387	0	-	putative protocadherin beta-18
NC_068994.1	38572338	38572344	0.2777763307094574	NC_068994.1	38572077	38572636	LOC106872387	0	-	putative protocadherin beta-18
NC_068994.1	38881807	38881813	0.2912936806678772	NC_068994.1	38880333	38882434	LOC106872388	0	-	protocadherin-18, transcript variant X1
NC_068994.1	39161164	39161184	0.5192605257034302	NC_068994.1	39158840	39169264	LOC106872385	0	-	protocadherin beta-15, transcript variant X1
NC_068994.1	40929827	40929845	0.651513397693634	NC_068994.1	40929253	40930432	LOC106872390	0	-	putative protocadherin beta-18, transcript variant X3
NC_068994.1	40929827	40929845	0.651513397693634	NC_068994.1	40929253	40930432	LOC106872390	0	-	putative protocadherin beta-18, transcript variant X2
NC_068994.1	40929827	40929845	0.651513397693634	NC_068994.1	40929253	40930432	LOC106872390	0	-	putative protocadherin beta-18, transcript variant X1
NC_068994.1	42162241	42162246	0.33963167667388916	NC_068994.1	42161688	42162331	LOC106882960	0	-	protocadherin beta-6, transcript variant X1
NC_068994.1	42162241	42162246	0.33963167667388916	NC_068994.1	42161688	42162329	LOC106882960	0	-	protocadherin beta-6, transcript variant X3
NC_068994.1	42162241	42162246	0.33963167667388916	NC_068994.1	42161688	42162330	LOC106882960	0	-	protocadherin beta-6, transcript variant X2
NC_068994.1	42861928	42861945	0.425528347492218	NC_068994.1	42861304	42862631	LOC106879393	0	-	protocadherin gamma-A4, transcript variant X8
NC_068994.1	42861928	42861945	0.425528347492218	NC_068994.1	42861304	42862631	LOC106879393	0	-	protocadherin gamma-A4, transcript variant X6
NC_068994.1	42861928	42861945	0.425528347492218	NC_068994.1	42861304	42862631	LOC106879393	0	-	protocadherin gamma-A4, transcript variant X7
NC_068994.1	42861928	42861945	0.425528347492218	NC_068994.1	42861304	42862631	LOC106879393	0	-	protocadherin gamma-A4, transcript variant X5
NC_068994.1	42861928	42861945	0.425528347492218	NC_068994.1	42861304	42862632	LOC106879393	0	-	protocadherin gamma-A4, transcript variant X4
NC_068994.1	42861928	42861945	0.425528347492218	NC_068994.1	42861304	42862631	LOC106879393	0	-	protocadherin gamma-A4, transcript variant X1
NC_068994.1	42861978	42862017	0.3680347502231598	NC_068994.1	42861304	42862631	LOC106879393	0	-	protocadherin gamma-A4, transcript variant X8
NC_068994.1	42861978	42862017	0.3680347502231598	NC_068994.1	42861304	42862631	LOC106879393	0	-	protocadherin gamma-A4, transcript variant X6
NC_068994.1	42861978	42862017	0.3680347502231598	NC_068994.1	42861304	42862631	LOC106879393	0	-	protocadherin gamma-A4, transcript variant X7
NC_068994.1	42861978	42862017	0.3680347502231598	NC_068994.1	42861304	42862631	LOC106879393	0	-	protocadherin gamma-A4, transcript variant X5
NC_068994.1	42861978	42862017	0.3680347502231598	NC_068994.1	42861304	42862632	LOC106879393	0	-	protocadherin gamma-A4, transcript variant X4
NC_068994.1	42861978	42862017	0.3680347502231598	NC_068994.1	42861304	42862631	LOC106879393	0	-	protocadherin gamma-A4, transcript variant X1
NC_068994.1	42862160	42862204	0.5807707905769348	NC_068994.1	42861304	42862631	LOC106879393	0	-	protocadherin gamma-A4, transcript variant X8
NC_068994.1	42862160	42862204	0.5807707905769348	NC_068994.1	42861304	42862631	LOC106879393	0	-	protocadherin gamma-A4, transcript variant X6
NC_068994.1	42862160	42862204	0.5807707905769348	NC_068994.1	42861304	42862631	LOC106879393	0	-	protocadherin gamma-A4, transcript variant X7
NC_068994.1	42862160	42862204	0.5807707905769348	NC_068994.1	42861304	42862631	LOC106879393	0	-	protocadherin gamma-A4, transcript variant X5
NC_068994.1	42862160	42862204	0.5807707905769348	NC_068994.1	42861304	42862632	LOC106879393	0	-	protocadherin gamma-A4, transcript variant X4
NC_068994.1	42862160	42862204	0.5807707905769348	NC_068994.1	42861304	42862631	LOC106879393	0	-	protocadherin gamma-A4, transcript variant X1
NC_068994.1	42862437	42862443	0.3558272421360016	NC_068994.1	42861304	42862631	LOC106879393	0	-	protocadherin gamma-A4, transcript variant X8
NC_068994.1	42862437	42862443	0.3558272421360016	NC_068994.1	42861304	42862631	LOC106879393	0	-	protocadherin gamma-A4, transcript variant X6
NC_068994.1	42862437	42862443	0.3558272421360016	NC_068994.1	42861304	42862631	LOC106879393	0	-	protocadherin gamma-A4, transcript variant X7
NC_068994.1	42862437	42862443	0.3558272421360016	NC_068994.1	42861304	42862631	LOC106879393	0	-	protocadherin gamma-A4, transcript variant X5
NC_068994.1	42862437	42862443	0.3558272421360016	NC_068994.1	42861304	42862632	LOC106879393	0	-	protocadherin gamma-A4, transcript variant X4
NC_068994.1	42862437	42862443	0.3558272421360016	NC_068994.1	42861304	42862631	LOC106879393	0	-	protocadherin gamma-A4, transcript variant X1
NC_068994.1	43276469	43276477	0.27660131454467773	NC_068994.1	43275547	43277211	LOC106879397	0	-	protocadherin alpha-3, transcript variant X1
NC_068994.1	43276469	43276477	0.27660131454467773	NC_068994.1	43275547	43277204	LOC106879397	0	-	protocadherin alpha-3, transcript variant X4
NC_068994.1	43276481	43276499	0.3094092011451721	NC_068994.1	43275547	43277211	LOC106879397	0	-	protocadherin alpha-3, transcript variant X1
NC_068994.1	43276481	43276499	0.3094092011451721	NC_068994.1	43275547	43277204	LOC106879397	0	-	protocadherin alpha-3, transcript variant X4
NC_068994.1	43276809	43276833	0.6794021725654602	NC_068994.1	43275547	43277211	LOC106879397	0	-	protocadherin alpha-3, transcript variant X1
NC_068994.1	43276809	43276833	0.6794021725654602	NC_068994.1	43275547	43277204	LOC106879397	0	-	protocadherin alpha-3, transcript variant X4
NC_068994.1	43276889	43276907	0.5103346705436707	NC_068994.1	43275547	43277211	LOC106879397	0	-	protocadherin alpha-3, transcript variant X1
NC_068994.1	43276889	43276907	0.5103346705436707	NC_068994.1	43275547	43277204	LOC106879397	0	-	protocadherin alpha-3, transcript variant X4
NC_068994.1	43276918	43276958	0.536046028137207	NC_068994.1	43275547	43277211	LOC106879397	0	-	protocadherin alpha-3, transcript variant X1
NC_068994.1	43276918	43276958	0.536046028137207	NC_068994.1	43275547	43277204	LOC106879397	0	-	protocadherin alpha-3, transcript variant X4
NC_068994.1	43744067	43744082	0.8668110966682434	NC_068994.1	43743770	43744262	LOC106878225	0	-	putative protocadherin beta-18, transcript variant X1
NC_068994.1	44453999	44454006	0.3139180541038513	NC_068994.1	44453724	44454698	LOC106872895	0	-	protocadherin beta-15, transcript variant X8
NC_068994.1	44453999	44454006	0.3139180541038513	NC_068994.1	44453702	44454697	LOC106872895	0	-	protocadherin beta-15, transcript variant X4
NC_068994.1	44453999	44454006	0.3139180541038513	NC_068994.1	44453724	44454697	LOC106872895	0	-	protocadherin beta-15, transcript variant X7
NC_068994.1	44453999	44454006	0.3139180541038513	NC_068994.1	44453724	44454697	LOC106872895	0	-	protocadherin beta-15, transcript variant X2
NC_068994.1	44453999	44454006	0.3139180541038513	NC_068994.1	44453724	44454697	LOC106872895	0	-	protocadherin beta-15, transcript variant X1
NC_068994.1	44453999	44454006	0.3139180541038513	NC_068994.1	44453724	44454697	LOC106872895	0	-	protocadherin beta-15, transcript variant X6
NC_068994.1	44454156	44454184	0.5175749063491821	NC_068994.1	44453724	44454698	LOC106872895	0	-	protocadherin beta-15, transcript variant X8
NC_068994.1	44454156	44454184	0.5175749063491821	NC_068994.1	44453702	44454697	LOC106872895	0	-	protocadherin beta-15, transcript variant X4
NC_068994.1	44454156	44454184	0.5175749063491821	NC_068994.1	44453724	44454697	LOC106872895	0	-	protocadherin beta-15, transcript variant X7
NC_068994.1	44454156	44454184	0.5175749063491821	NC_068994.1	44453724	44454697	LOC106872895	0	-	protocadherin beta-15, transcript variant X2
NC_068994.1	44454156	44454184	0.5175749063491821	NC_068994.1	44453724	44454697	LOC106872895	0	-	protocadherin beta-15, transcript variant X1
NC_068994.1	44454156	44454184	0.5175749063491821	NC_068994.1	44453724	44454697	LOC106872895	0	-	protocadherin beta-15, transcript variant X6
NC_068994.1	44690858	44690863	0.34011584520339966	NC_068994.1	44690767	44691136	LOC106872898	0	-	zinc finger protein 883
NC_068994.1	46222310	46222315	0.33931630849838257	NC_068994.1	46222139	46222335	LOC106870531	0	-	BTB/POZ domain-containing protein KCTD7
NC_068994.1	46222320	46222328	0.4011516571044922	NC_068994.1	46222139	46222335	LOC106870531	0	-	BTB/POZ domain-containing protein KCTD7
NC_068994.1	46909137	46909152	0.41989263892173767	NC_068994.1	46908091	46909234	LOC106876377	0	-	PR domain zinc finger protein 10
NC_068994.1	47553068	47553091	0.6864597797393799	NC_068994.1	47552161	47553872	LOC106876384	0	-	orexin/Hypocretin receptor type 1
NC_068994.1	47553106	47553130	0.5820237994194031	NC_068994.1	47552161	47553872	LOC106876384	0	-	orexin/Hypocretin receptor type 1
NC_068994.1	48055100	48055117	0.7622485756874084	NC_068994.1	48054973	48055117	LOC106876386	0	-	serine/arginine-rich splicing factor 6, transcript variant X3
NC_068994.1	48055100	48055114	0.7622485756874084	NC_068994.1	48054973	48055114	LOC106876386	0	-	serine/arginine-rich splicing factor 6, transcript variant X2
NC_068994.1	48055100	48055114	0.7622485756874084	NC_068994.1	48054973	48055114	LOC106876386	0	-	serine/arginine-rich splicing factor 6, transcript variant X1
NC_068994.1	57640618	57640642	0.4791131913661957	NC_068994.1	57640518	57640697	LOC106868608	0	-	potassium voltage-gated channel protein Shaw, transcript variant X2
NC_068994.1	59047902	59047922	0.4598664343357086	NC_068994.1	59047576	59048135	LOC106875546	0	-	DNA-binding protein Ikaros, transcript variant X2
NC_068994.1	59047902	59047922	0.4598664343357086	NC_068994.1	59047576	59048135	LOC106875546	0	-	DNA-binding protein Ikaros, transcript variant X1
NC_068994.1	59047902	59047922	0.4598664343357086	NC_068994.1	59047576	59048135	LOC106875546	0	-	DNA-binding protein Ikaros, transcript variant X3
NC_068994.1	59047902	59047922	0.4598664343357086	NC_068994.1	59047576	59048135	LOC106875546	0	-	DNA-binding protein Ikaros, transcript variant X4
NC_068994.1	59410807	59410825	0.785733163356781	NC_068994.1	59410671	59410829	LOC106878013	0	-	hexokinase-2, transcript variant X2
NC_068994.1	59957850	59957885	0.445015549659729	NC_068994.1	59957592	59958461	LOC106882916	0	-	regulator of G-protein signaling 12, transcript variant X1
NC_068994.1	59957850	59957885	0.445015549659729	NC_068994.1	59957592	59958466	LOC106882916	0	-	regulator of G-protein signaling 12, transcript variant X8
NC_068995.1	13171063	13171077	0.6343145370483398	NC_068995.1	13170972	13171087	LOC106875852	0	-	scm-like with four MBT domains protein 1, transcript variant X1
NC_068995.1	13171063	13171077	0.6343145370483398	NC_068995.1	13170972	13171086	LOC106875852	0	-	scm-like with four MBT domains protein 1, transcript variant X3
NC_068995.1	13171063	13171077	0.6343145370483398	NC_068995.1	13170972	13171086	LOC106875852	0	-	scm-like with four MBT domains protein 1, transcript variant X4
NC_068995.1	14417507	14417532	0.9076510071754456	NC_068995.1	14417500	14417634	LOC106873619	0	-	pseudouridylate synthase 7 homolog, transcript variant X2
NC_068995.1	29518042	29518064	0.6488121151924133	NC_068995.1	29517879	29534815	LOC106870248	0	-	zinc finger protein 474, transcript variant X3
NC_068995.1	29518042	29518064	0.6488121151924133	NC_068995.1	29517879	29534815	LOC106870248	0	-	zinc finger protein 474, transcript variant X7
NC_068995.1	29518042	29518064	0.6488121151924133	NC_068995.1	29517879	29534815	LOC106870248	0	-	zinc finger protein 474, transcript variant X4
NC_068995.1	29518042	29518064	0.6488121151924133	NC_068995.1	29517879	29534815	LOC106870248	0	-	zinc finger protein 474, transcript variant X6
NC_068995.1	29518042	29518064	0.6488121151924133	NC_068995.1	29517879	29534815	LOC106870248	0	-	zinc finger protein 474, transcript variant X5
NC_068995.1	29518042	29518064	0.6488121151924133	NC_068995.1	29517879	29534815	LOC106870248	0	-	zinc finger protein 474, transcript variant X8
NC_068995.1	29518042	29518064	0.6488121151924133	NC_068995.1	29517879	29534815	LOC106870248	0	-	zinc finger protein 474, transcript variant X1
NC_068995.1	29518274	29518352	0.8408373594284058	NC_068995.1	29517879	29534815	LOC106870248	0	-	zinc finger protein 474, transcript variant X3
NC_068995.1	29518274	29518352	0.8408373594284058	NC_068995.1	29517879	29534815	LOC106870248	0	-	zinc finger protein 474, transcript variant X7
NC_068995.1	29518274	29518352	0.8408373594284058	NC_068995.1	29517879	29534815	LOC106870248	0	-	zinc finger protein 474, transcript variant X4
NC_068995.1	29518274	29518352	0.8408373594284058	NC_068995.1	29517879	29534815	LOC106870248	0	-	zinc finger protein 474, transcript variant X6
NC_068995.1	29518274	29518352	0.8408373594284058	NC_068995.1	29517879	29534815	LOC106870248	0	-	zinc finger protein 474, transcript variant X5
NC_068995.1	29518274	29518352	0.8408373594284058	NC_068995.1	29517879	29534815	LOC106870248	0	-	zinc finger protein 474, transcript variant X8
NC_068995.1	29518274	29518352	0.8408373594284058	NC_068995.1	29517879	29534815	LOC106870248	0	-	zinc finger protein 474, transcript variant X1
NC_068995.1	29518601	29518615	0.577743411064148	NC_068995.1	29517879	29534815	LOC106870248	0	-	zinc finger protein 474, transcript variant X3
NC_068995.1	29518601	29518615	0.577743411064148	NC_068995.1	29517879	29534815	LOC106870248	0	-	zinc finger protein 474, transcript variant X7
NC_068995.1	29518601	29518615	0.577743411064148	NC_068995.1	29517879	29534815	LOC106870248	0	-	zinc finger protein 474, transcript variant X4
NC_068995.1	29518601	29518615	0.577743411064148	NC_068995.1	29517879	29534815	LOC106870248	0	-	zinc finger protein 474, transcript variant X6
NC_068995.1	29518601	29518615	0.577743411064148	NC_068995.1	29517879	29534815	LOC106870248	0	-	zinc finger protein 474, transcript variant X5
NC_068995.1	29518601	29518615	0.577743411064148	NC_068995.1	29517879	29534815	LOC106870248	0	-	zinc finger protein 474, transcript variant X8
NC_068995.1	29518601	29518615	0.577743411064148	NC_068995.1	29517879	29534815	LOC106870248	0	-	zinc finger protein 474, transcript variant X1
NC_068995.1	29519833	29519839	0.37338733673095703	NC_068995.1	29517879	29534815	LOC106870248	0	-	zinc finger protein 474, transcript variant X3
NC_068995.1	29519833	29519839	0.37338733673095703	NC_068995.1	29517879	29534815	LOC106870248	0	-	zinc finger protein 474, transcript variant X7
NC_068995.1	29519833	29519839	0.37338733673095703	NC_068995.1	29517879	29534815	LOC106870248	0	-	zinc finger protein 474, transcript variant X4
NC_068995.1	29519833	29519839	0.37338733673095703	NC_068995.1	29517879	29534815	LOC106870248	0	-	zinc finger protein 474, transcript variant X6
NC_068995.1	29519833	29519839	0.37338733673095703	NC_068995.1	29517879	29534815	LOC106870248	0	-	zinc finger protein 474, transcript variant X5
NC_068995.1	29519833	29519839	0.37338733673095703	NC_068995.1	29517879	29534815	LOC106870248	0	-	zinc finger protein 474, transcript variant X8
NC_068995.1	29519833	29519839	0.37338733673095703	NC_068995.1	29517879	29534815	LOC106870248	0	-	zinc finger protein 474, transcript variant X1
NC_068995.1	29521279	29521286	0.3334164619445801	NC_068995.1	29517879	29534815	LOC106870248	0	-	zinc finger protein 474, transcript variant X3
NC_068995.1	29521279	29521286	0.3334164619445801	NC_068995.1	29517879	29534815	LOC106870248	0	-	zinc finger protein 474, transcript variant X7
NC_068995.1	29521279	29521286	0.3334164619445801	NC_068995.1	29517879	29534815	LOC106870248	0	-	zinc finger protein 474, transcript variant X4
NC_068995.1	29521279	29521286	0.3334164619445801	NC_068995.1	29517879	29534815	LOC106870248	0	-	zinc finger protein 474, transcript variant X6
NC_068995.1	29521279	29521286	0.3334164619445801	NC_068995.1	29517879	29534815	LOC106870248	0	-	zinc finger protein 474, transcript variant X5
NC_068995.1	29521279	29521286	0.3334164619445801	NC_068995.1	29517879	29534815	LOC106870248	0	-	zinc finger protein 474, transcript variant X8
NC_068995.1	29521279	29521286	0.3334164619445801	NC_068995.1	29517879	29534815	LOC106870248	0	-	zinc finger protein 474, transcript variant X1
NC_068995.1	29523316	29523373	0.8047284483909607	NC_068995.1	29517879	29534815	LOC106870248	0	-	zinc finger protein 474, transcript variant X3
NC_068995.1	29523316	29523373	0.8047284483909607	NC_068995.1	29517879	29534815	LOC106870248	0	-	zinc finger protein 474, transcript variant X7
NC_068995.1	29523316	29523373	0.8047284483909607	NC_068995.1	29517879	29534815	LOC106870248	0	-	zinc finger protein 474, transcript variant X4
NC_068995.1	29523316	29523373	0.8047284483909607	NC_068995.1	29517879	29534815	LOC106870248	0	-	zinc finger protein 474, transcript variant X6
NC_068995.1	29523316	29523373	0.8047284483909607	NC_068995.1	29517879	29534815	LOC106870248	0	-	zinc finger protein 474, transcript variant X5
NC_068995.1	29523316	29523373	0.8047284483909607	NC_068995.1	29517879	29534815	LOC106870248	0	-	zinc finger protein 474, transcript variant X8
NC_068995.1	29523316	29523373	0.8047284483909607	NC_068995.1	29517879	29534815	LOC106870248	0	-	zinc finger protein 474, transcript variant X1
NC_068995.1	29533773	29533791	0.8245135545730591	NC_068995.1	29517879	29534815	LOC106870248	0	-	zinc finger protein 474, transcript variant X3
NC_068995.1	29533773	29533791	0.8245135545730591	NC_068995.1	29517879	29534815	LOC106870248	0	-	zinc finger protein 474, transcript variant X7
NC_068995.1	29533773	29533791	0.8245135545730591	NC_068995.1	29517879	29534815	LOC106870248	0	-	zinc finger protein 474, transcript variant X4
NC_068995.1	29533773	29533791	0.8245135545730591	NC_068995.1	29517879	29534815	LOC106870248	0	-	zinc finger protein 474, transcript variant X6
NC_068995.1	29533773	29533791	0.8245135545730591	NC_068995.1	29517879	29534815	LOC106870248	0	-	zinc finger protein 474, transcript variant X5
NC_068995.1	29533773	29533791	0.8245135545730591	NC_068995.1	29517879	29534815	LOC106870248	0	-	zinc finger protein 474, transcript variant X8
NC_068995.1	29533773	29533791	0.8245135545730591	NC_068995.1	29517879	29534815	LOC106870248	0	-	zinc finger protein 474, transcript variant X1
NC_068995.1	29624495	29624514	0.40697503089904785	NC_068995.1	29624168	29625641	LOC106870248	0	-	zinc finger protein 474, transcript variant X3
NC_068995.1	29624495	29624514	0.40697503089904785	NC_068995.1	29624168	29625641	LOC106870248	0	-	zinc finger protein 474, transcript variant X4
NC_068995.1	29624495	29624514	0.40697503089904785	NC_068995.1	29624168	29626082	LOC106870248	0	-	zinc finger protein 474, transcript variant X6
NC_068995.1	40057126	40057134	0.46822816133499146	NC_068995.1	40056828	40057231	LOC106873514	0	-	carbohydrate sulfotransferase 15, transcript variant X2
NC_068995.1	40057141	40057172	0.43438875675201416	NC_068995.1	40056828	40057231	LOC106873514	0	-	carbohydrate sulfotransferase 15, transcript variant X2
NC_068995.1	50089129	50089148	0.8092694878578186	NC_068995.1	50088987	50089166	LOC106870821	0	-	CUE domain-containing protein 2-B
NC_068995.1	55727783	55727836	0.60591721534729	NC_068995.1	55727283	55728181	LOC106881481	0	-	putative uncharacterized protein DDB_G0268364, transcript variant X2
NC_068996.1	7892297	7892309	0.4222731590270996	NC_068996.1	7892102	7892879	LOC106873044	0	-	PDZ domain-containing protein 8
NC_068996.1	12827937	12827942	0.3384968638420105	NC_068996.1	12827832	12827983	LOC106877249	0	-	vitamin K epoxide reductase complex subunit 1-like protein 1, transcript variant X1
NC_068996.1	12827937	12827942	0.3384968638420105	NC_068996.1	12827832	12827983	LOC106877249	0	-	vitamin K epoxide reductase complex subunit 1-like protein 1, transcript variant X2
NC_068996.1	16300199	16300215	0.9066184759140015	NC_068996.1	16300057	16300246	LOC106880485	0	-	homeobox protein Meis1, transcript variant X3
NC_068996.1	17334704	17334716	0.25676026940345764	NC_068996.1	17334536	17334716	LOC106882458	0	-	beta-1,3-galactosyl-O-glycosyl-glycoprotein beta-1,6-N-acetylglucosaminyltransferase 3, transcript variant X5
NC_068996.1	23132725	23132744	0.7753910422325134	NC_068996.1	23132595	23133621	LOC106871160	0	-	uncharacterized LOC106871160, transcript variant X7
NC_068996.1	23132725	23132744	0.7753910422325134	NC_068996.1	23132595	23133590	LOC106871160	0	-	uncharacterized LOC106871160, transcript variant X6
NC_068996.1	23132772	23132791	0.6165761351585388	NC_068996.1	23132595	23133621	LOC106871160	0	-	uncharacterized LOC106871160, transcript variant X7
NC_068996.1	23132772	23132791	0.6165761351585388	NC_068996.1	23132595	23133590	LOC106871160	0	-	uncharacterized LOC106871160, transcript variant X6
NC_068996.1	23533291	23533309	0.8184618949890137	NC_068996.1	23533244	23533309	LOC106868885	0	-	uncharacterized LOC106868885, transcript variant X5
NC_068996.1	24101065	24101077	0.514340341091156	NC_068996.1	24100703	24101917	LOC106875828	0	-	protein sprouty homolog 3, transcript variant X3
NC_068996.1	24101078	24101088	0.3535597324371338	NC_068996.1	24100703	24101917	LOC106875828	0	-	protein sprouty homolog 3, transcript variant X3
NC_068996.1	24101093	24101106	0.4381621778011322	NC_068996.1	24100703	24101917	LOC106875828	0	-	protein sprouty homolog 3, transcript variant X3
NC_068996.1	24101260	24101295	0.8828226923942566	NC_068996.1	24100703	24101917	LOC106875828	0	-	protein sprouty homolog 3, transcript variant X3
NC_068996.1	24101308	24101334	0.812448263168335	NC_068996.1	24100703	24101917	LOC106875828	0	-	protein sprouty homolog 3, transcript variant X3
NC_068996.1	24577291	24577298	0.31706538796424866	NC_068996.1	24576881	24582071	LOC106874410	0	-	AT-rich interactive domain-containing protein 4B
NC_068996.1	26928929	26928944	0.5229997038841248	NC_068996.1	26928851	26929066	LOC106868339	0	-	uncharacterized LOC106868339, transcript variant X2
NC_068996.1	28949085	28949103	0.8809871077537537	NC_068996.1	28949018	28949389	LOC106880631	0	-	E3 ubiquitin-protein ligase SH3RF3, transcript variant X1
NC_068996.1	38060043	38060064	0.43016287684440613	NC_068996.1	38059731	38060272	LOC106869512	0	-	DNA fragmentation factor subunit beta, transcript variant X3
NC_068997.1	6404848	6404902	0.25837230682373047	NC_068997.1	6404709	6404902	LOC106877392	0	-	uncharacterized LOC106877392
NC_068997.1	8085098	8085110	0.3957138657569885	NC_068997.1	8084783	8085110	LOC106876910	0	-	formin-E, transcript variant X1
NC_068997.1	9651803	9651827	0.5937532782554626	NC_068997.1	9651495	9651874	LOC106869579	0	-	mucin-3A, transcript variant X3
NC_068997.1	13711454	13711468	0.4460614323616028	NC_068997.1	13711445	13713408	LOC106876779	0	-	uncharacterized LOC106876779, transcript variant X2
NC_068997.1	13711454	13711468	0.4460614323616028	NC_068997.1	13711445	13713408	LOC106876779	0	-	uncharacterized LOC106876779, transcript variant X1
NC_068997.1	13712998	13713024	0.8850052952766418	NC_068997.1	13711445	13713408	LOC106876779	0	-	uncharacterized LOC106876779, transcript variant X2
NC_068997.1	13712998	13713024	0.8850052952766418	NC_068997.1	13711445	13713408	LOC106876779	0	-	uncharacterized LOC106876779, transcript variant X1
NC_068997.1	19069557	19069572	0.4430474638938904	NC_068997.1	19069417	19069573	LOC128249671	0	-	carnosine synthase 1-like, transcript variant X2
NC_068997.1	19309283	19309292	0.3623109757900238	NC_068997.1	19309244	19309500	LOC106877883	0	-	uncharacterized LOC106877883, transcript variant X1
NC_068997.1	19309283	19309292	0.3623109757900238	NC_068997.1	19309244	19309510	LOC106877883	0	-	uncharacterized LOC106877883, transcript variant X2
NC_068997.1	28270499	28270512	0.6591540575027466	NC_068997.1	28270412	28270520	LOC106870691	0	-	natural resistance-associated macrophage protein 2, transcript variant X3
NC_068997.1	28958464	28958489	0.46847423911094666	NC_068997.1	28957924	28958670	LOC106880607	0	-	zinc transporter ZIP12
NC_068997.1	28958526	28958541	0.5280636548995972	NC_068997.1	28957924	28958670	LOC106880607	0	-	zinc transporter ZIP12
NC_068998.1	2906609	2906625	0.38105788826942444	NC_068998.1	2905985	2907453	LOC106871392	0	-	uncharacterized LOC106871392
NC_068998.1	13975500	13975515	0.3930116891860962	NC_068998.1	13975105	13975649	LOC106878545	0	-	small G protein signaling modulator 1, transcript variant X5
NC_068998.1	13985830	13985880	0.8069943785667419	NC_068998.1	13985632	13986103	LOC106878545	0	-	small G protein signaling modulator 1, transcript variant X6
NC_068998.1	14327626	14327633	0.4081264138221741	NC_068998.1	14327098	14327633	LOC106878984	0	-	octopressin receptor, transcript variant X1
NC_068998.1	14327626	14327633	0.4081264138221741	NC_068998.1	14327098	14327633	LOC106878984	0	-	octopressin receptor, transcript variant X2
NC_068998.1	16590667	16590689	0.7870733141899109	NC_068998.1	16590382	16590705	LOC106871196	0	-	uncharacterized LOC106871196, transcript variant X2
NC_068998.1	19697135	19697149	0.6550794243812561	NC_068998.1	19697121	19697192	LOC106881050	0	-	G patch domain-containing protein 4, transcript variant X3
NC_068998.1	20581675	20581686	0.7724758982658386	NC_068998.1	20581260	20581686	LOC106869927	0	-	tripartite motif-containing protein 2, transcript variant X9
NC_068998.1	46461324	46461342	0.6280670166015625	NC_068998.1	46460943	46461799	LOC106877380	0	-	solute carrier family 28 member 3, transcript variant X2
NC_068998.1	46461357	46461375	0.3849567174911499	NC_068998.1	46460943	46461799	LOC106877380	0	-	solute carrier family 28 member 3, transcript variant X2
NC_068998.1	46461381	46461392	0.3306405246257782	NC_068998.1	46460943	46461799	LOC106877380	0	-	solute carrier family 28 member 3, transcript variant X2
NC_068998.1	47726110	47726115	0.4146389365196228	NC_068998.1	47725955	47726318	LOC106880090	0	-	UPF0692 protein C19orf54 homolog, transcript variant X2
NC_068998.1	47726176	47726181	0.4439714550971985	NC_068998.1	47725955	47726318	LOC106880090	0	-	UPF0692 protein C19orf54 homolog, transcript variant X2
NC_068998.1	49982420	49982425	0.35417839884757996	NC_068998.1	49982402	49982502	LOC128249868	0	-	uncharacterized LOC128249868, transcript variant X1
NC_068998.1	52934476	52934491	0.4737754464149475	NC_068998.1	52933869	52935933	LOC106873581	0	-	probable G-protein coupled receptor No18, transcript variant X1
NC_068998.1	52934476	52934491	0.4737754464149475	NC_068998.1	52933869	52935933	LOC106873581	0	-	probable G-protein coupled receptor No18, transcript variant X2
NC_068999.1	3946187	3946229	0.405692994594574	NC_068999.1	3946075	3946229	LOC106884051	0	-	alanine--tRNA ligase, cytoplasmic
NC_068999.1	4764569	4764595	0.905232846736908	NC_068999.1	4763429	4764754	LOC106872700	0	-	arrestin domain-containing protein 4
NC_068999.1	31385914	31385932	0.5742568969726562	NC_068999.1	31385763	31385995	LOC106867429	0	-	popeye domain-containing protein 3, transcript variant X2
NC_068999.1	31385914	31385932	0.5742568969726562	NC_068999.1	31385758	31385994	LOC106867429	0	-	popeye domain-containing protein 3, transcript variant X1
NC_068999.1	31385914	31385932	0.5742568969726562	NC_068999.1	31385758	31385997	LOC106867429	0	-	popeye domain-containing protein 3, transcript variant X3
NC_068999.1	47837033	47837094	0.9239679574966431	NC_068999.1	47836069	47837121	LOC106877033	0	-	leucine-rich repeat neuronal protein 2, transcript variant X2
NC_068999.1	50296306	50296316	0.4125889241695404	NC_068999.1	50295844	50296489	LOC106882868	0	-	sodium/hydrogen exchanger 2, transcript variant X1
NC_068999.1	50296306	50296316	0.4125889241695404	NC_068999.1	50295844	50296489	LOC106882868	0	-	sodium/hydrogen exchanger 2, transcript variant X6
NC_068999.1	50296317	50296323	0.3021951913833618	NC_068999.1	50295844	50296489	LOC106882868	0	-	sodium/hydrogen exchanger 2, transcript variant X1
NC_068999.1	50296317	50296323	0.3021951913833618	NC_068999.1	50295844	50296489	LOC106882868	0	-	sodium/hydrogen exchanger 2, transcript variant X6
NC_068999.1	50296350	50296359	0.366630882024765	NC_068999.1	50295844	50296489	LOC106882868	0	-	sodium/hydrogen exchanger 2, transcript variant X1
NC_068999.1	50296350	50296359	0.366630882024765	NC_068999.1	50295844	50296489	LOC106882868	0	-	sodium/hydrogen exchanger 2, transcript variant X6
NC_068999.1	50335130	50335162	0.6014117002487183	NC_068999.1	50335023	50335779	LOC106882868	0	-	sodium/hydrogen exchanger 2, transcript variant X2
NC_068999.1	50335770	50335779	0.3098459541797638	NC_068999.1	50335023	50335779	LOC106882868	0	-	sodium/hydrogen exchanger 2, transcript variant X2
NC_068999.1	51710772	51710788	0.7131386995315552	NC_068999.1	51710590	51710811	LOC106879061	0	-	long-chain-fatty-acid--CoA ligase 4, transcript variant X5
NC_068999.1	51710772	51710788	0.7131386995315552	NC_068999.1	51710590	51710811	LOC106879061	0	-	long-chain-fatty-acid--CoA ligase 4, transcript variant X1
NC_068999.1	55017808	55017813	0.2905086874961853	NC_068999.1	55017722	55018088	LOC106875420	0	-	protein Mo25, transcript variant X1
NC_069000.1	645899	645916	0.543954074382782	NC_069000.1	645511	646264	LOC106873259	0	-	zinc finger protein ZFP2, transcript variant X2
NC_069000.1	743028	743033	0.25851520895957947	NC_069000.1	743028	743033	LOC106867612	0	-	ATP-binding cassette sub-family C member 3
NC_069000.1	1485529	1485554	0.6209048628807068	NC_069000.1	1485366	1485601	LOC106877543	0	-	uncharacterized LOC106877543, transcript variant X1
NC_069000.1	1485529	1485554	0.6209048628807068	NC_069000.1	1485366	1485601	LOC106877543	0	-	uncharacterized LOC106877543, transcript variant X2
NC_069000.1	1901369	1901426	0.6242586374282837	NC_069000.1	1901351	1903599	LOC106873090	0	-	polyunsaturated fatty acid 5-lipoxygenase
NC_069000.1	1901451	1901492	0.8805138468742371	NC_069000.1	1901351	1903599	LOC106873090	0	-	polyunsaturated fatty acid 5-lipoxygenase
NC_069000.1	1901508	1901574	0.8582201600074768	NC_069000.1	1901351	1903599	LOC106873090	0	-	polyunsaturated fatty acid 5-lipoxygenase
NC_069000.1	6411365	6411377	0.36350885033607483	NC_069000.1	6411260	6411849	LOC106881087	0	-	uncharacterized LOC106881087
NC_069000.1	6411385	6411390	0.2993512749671936	NC_069000.1	6411260	6411849	LOC106881087	0	-	uncharacterized LOC106881087
NC_069000.1	6411514	6411539	0.4492206871509552	NC_069000.1	6411260	6411849	LOC106881087	0	-	uncharacterized LOC106881087
NC_069000.1	6411606	6411642	0.5648010969161987	NC_069000.1	6411260	6411849	LOC106881087	0	-	uncharacterized LOC106881087
NC_069000.1	6411681	6411696	0.6013328433036804	NC_069000.1	6411260	6411849	LOC106881087	0	-	uncharacterized LOC106881087
NC_069000.1	6455536	6455552	0.3580188453197479	NC_069000.1	6454763	6455906	LOC106869208	0	-	exocyst complex component 2, transcript variant X2
NC_069000.1	6455536	6455552	0.3580188453197479	NC_069000.1	6454763	6455904	LOC106869208	0	-	exocyst complex component 2, transcript variant X1
NC_069000.1	7889102	7889113	0.4095211327075958	NC_069000.1	7888766	7889163	LOC106869843	0	-	equilibrative nucleoside transporter 4, transcript variant X4
NC_069000.1	7889114	7889125	0.3854996860027313	NC_069000.1	7888766	7889163	LOC106869843	0	-	equilibrative nucleoside transporter 4, transcript variant X4
NC_069000.1	10426919	10426936	0.7875196933746338	NC_069000.1	10426820	10426976	LOC106875384	0	-	uncharacterized LOC106875384, transcript variant X7
NC_069000.1	10426919	10426936	0.7875196933746338	NC_069000.1	10426820	10426976	LOC106875384	0	-	uncharacterized LOC106875384, transcript variant X6
NC_069000.1	10426919	10426936	0.7875196933746338	NC_069000.1	10426820	10426976	LOC106875384	0	-	uncharacterized LOC106875384, transcript variant X5
NC_069000.1	10426919	10426936	0.7875196933746338	NC_069000.1	10426820	10426976	LOC106875384	0	-	uncharacterized LOC106875384, transcript variant X4
NC_069000.1	10426919	10426936	0.7875196933746338	NC_069000.1	10426820	10426975	LOC106875384	0	-	uncharacterized LOC106875384, transcript variant X1
NC_069000.1	14180762	14180777	0.45944395661354065	NC_069000.1	14180068	14180849	LOC106883426	0	-	uncharacterized LOC106883426
NC_069000.1	17230060	17230083	0.6001015305519104	NC_069000.1	17229939	17230113	LOC106879801	0	-	uncharacterized LOC106879801, transcript variant X2
NC_069000.1	21237232	21237238	0.29552409052848816	NC_069000.1	21237101	21237244	LOC106874788	0	-	centrosomal protein of 164 kDa, transcript variant X3
NC_069000.1	21237232	21237238	0.29552409052848816	NC_069000.1	21237101	21237244	LOC106874788	0	-	centrosomal protein of 164 kDa, transcript variant X2
NC_069000.1	24129995	24130039	0.8744677305221558	NC_069000.1	24129871	24130039	LOC106879452	0	-	myb-like protein U, transcript variant X1
NC_069000.1	27180027	27180043	0.7172098755836487	NC_069000.1	27179924	27180067	LOC128250307	0	-	zinc finger protein 271-like, transcript variant X1
NC_069000.1	36111232	36111248	0.6748576164245605	NC_069000.1	36111022	36111647	LOC106868738	0	-	caspase-3, transcript variant X2
NC_069000.1	36115459	36115477	0.6316415667533875	NC_069000.1	36115197	36115669	LOC106868738	0	-	caspase-3, transcript variant X1
NC_069000.1	44056615	44056634	0.3703901767730713	NC_069000.1	44056063	44056791	LOC106870314	0	-	HAUS augmin-like complex subunit 5
NC_069000.1	47237845	47237867	0.8216564059257507	NC_069000.1	47237667	47238047	LOC106871290	0	-	myogenesis-regulating glycosidase, transcript variant X12
NC_069000.1	47237950	47237966	0.7572720050811768	NC_069000.1	47237667	47238047	LOC106871290	0	-	myogenesis-regulating glycosidase, transcript variant X12
NC_069000.1	47237967	47238023	0.9426345229148865	NC_069000.1	47237667	47238047	LOC106871290	0	-	myogenesis-regulating glycosidase, transcript variant X12
NC_069000.1	47249502	47249509	0.2876158654689789	NC_069000.1	47249272	47249623	LOC106871290	0	-	myogenesis-regulating glycosidase, transcript variant X7
NC_069000.1	47249540	47249552	0.35449567437171936	NC_069000.1	47249272	47249623	LOC106871290	0	-	myogenesis-regulating glycosidase, transcript variant X7
NC_069000.1	47349112	47349119	0.27983003854751587	NC_069000.1	47348043	47349962	LOC106882899	0	-	uncharacterized LOC106882899, transcript variant X4
NC_069000.1	47351640	47351649	0.41493460536003113	NC_069000.1	47351553	47351649	LOC106882899	0	-	uncharacterized LOC106882899, transcript variant X6
NC_069000.1	47365943	47365957	0.441022664308548	NC_069000.1	47365855	47366092	LOC106882899	0	-	uncharacterized LOC106882899, transcript variant X5
NC_069000.1	47365943	47365957	0.441022664308548	NC_069000.1	47365855	47366092	LOC106882899	0	-	uncharacterized LOC106882899, transcript variant X1
NC_069000.1	47365971	47365985	0.3804733455181122	NC_069000.1	47365855	47366092	LOC106882899	0	-	uncharacterized LOC106882899, transcript variant X5
NC_069000.1	47365971	47365985	0.3804733455181122	NC_069000.1	47365855	47366092	LOC106882899	0	-	uncharacterized LOC106882899, transcript variant X1
NC_069001.1	121576	121594	0.32671356201171875	NC_069001.1	119531	122378	LOC106867292	0	-	aryl hydrocarbon receptor
NC_069001.1	1069914	1069929	0.7037132382392883	NC_069001.1	1069007	1071345	LOC106878660	0	-	uncharacterized LOC106878660, transcript variant X3
NC_069001.1	1104589	1104621	0.7132821083068848	NC_069001.1	1104326	1105733	LOC106878662	0	-	prokineticin receptor 2
NC_069001.1	1104755	1104789	0.4631436765193939	NC_069001.1	1104326	1105733	LOC106878662	0	-	prokineticin receptor 2
NC_069001.1	1941344	1941372	0.2563589811325073	NC_069001.1	1941311	1941372	LOC106877785	0	-	multivesicular body subunit 12B, transcript variant X5
NC_069001.1	2950324	2950335	0.39146050810813904	NC_069001.1	2950058	2950515	LOC106873489	0	-	fibroblast growth factor receptor 3-like, transcript variant X1
NC_069001.1	2950355	2950360	0.27400630712509155	NC_069001.1	2950058	2950515	LOC106873489	0	-	fibroblast growth factor receptor 3-like, transcript variant X1
NC_069001.1	2950363	2950368	0.2816982567310333	NC_069001.1	2950058	2950515	LOC106873489	0	-	fibroblast growth factor receptor 3-like, transcript variant X1
NC_069001.1	2950377	2950394	0.4040311872959137	NC_069001.1	2950058	2950515	LOC106873489	0	-	fibroblast growth factor receptor 3-like, transcript variant X1
NC_069001.1	8172248	8172265	0.4019603133201599	NC_069001.1	8172039	8173933	LOC128250443	0	-	zinc finger protein 726-like, transcript variant X1
NC_069001.1	8594198	8594223	0.4597594439983368	NC_069001.1	8594062	8594223	LOC106880066	0	-	uncharacterized LOC106880066
NC_069001.1	13386101	13386131	0.7378371953964233	NC_069001.1	13385823	13386595	LOC106879838	0	-	uncharacterized LOC106879838
NC_069001.1	13386526	13386544	0.7280153036117554	NC_069001.1	13385823	13386595	LOC106879838	0	-	uncharacterized LOC106879838
NC_069001.1	33791616	33791632	0.7684911489486694	NC_069001.1	33791575	33791640	LOC106884500	0	-	Golgi-associated plant pathogenesis-related protein 1
NC_069001.1	33817337	33817353	0.9034221172332764	NC_069001.1	33816946	33817437	LOC106884503	0	-	transcription factor E2F8, transcript variant X1
NC_069001.1	37064999	37065016	0.8605052828788757	NC_069001.1	37064633	37065180	LOC106884112	0	-	zinc finger protein 208
NC_069001.1	37087408	37087412	0.44212254881858826	NC_069001.1	37087234	37087412	LOC128250457	0	-	zinc finger protein 91-like
NC_069001.1	37114023	37114043	0.888195812702179	NC_069001.1	37113367	37116606	LOC106884122	0	-	zinc finger protein 271, transcript variant X4
NC_069001.1	37114023	37114043	0.888195812702179	NC_069001.1	37113367	37116606	LOC106884122	0	-	zinc finger protein 271, transcript variant X1
NC_069001.1	37115670	37115680	0.5692750811576843	NC_069001.1	37114058	37116606	LOC106884122	0	-	zinc finger protein 271, transcript variant X5
NC_069001.1	37115670	37115680	0.5692750811576843	NC_069001.1	37113367	37116606	LOC106884122	0	-	zinc finger protein 271, transcript variant X4
NC_069001.1	37115670	37115680	0.5692750811576843	NC_069001.1	37113367	37116606	LOC106884122	0	-	zinc finger protein 271, transcript variant X1
NC_069001.1	37115670	37115680	0.5692750811576843	NC_069001.1	37114058	37116606	LOC106884122	0	-	zinc finger protein 271, transcript variant X2
NC_069001.1	37115714	37115734	0.7905935049057007	NC_069001.1	37114058	37116606	LOC106884122	0	-	zinc finger protein 271, transcript variant X5
NC_069001.1	37115714	37115734	0.7905935049057007	NC_069001.1	37113367	37116606	LOC106884122	0	-	zinc finger protein 271, transcript variant X4
NC_069001.1	37115714	37115734	0.7905935049057007	NC_069001.1	37113367	37116606	LOC106884122	0	-	zinc finger protein 271, transcript variant X1
NC_069001.1	37115714	37115734	0.7905935049057007	NC_069001.1	37114058	37116606	LOC106884122	0	-	zinc finger protein 271, transcript variant X2
NC_069001.1	37115778	37115801	0.7416802048683167	NC_069001.1	37114058	37116606	LOC106884122	0	-	zinc finger protein 271, transcript variant X5
NC_069001.1	37115778	37115801	0.7416802048683167	NC_069001.1	37113367	37116606	LOC106884122	0	-	zinc finger protein 271, transcript variant X4
NC_069001.1	37115778	37115801	0.7416802048683167	NC_069001.1	37113367	37116606	LOC106884122	0	-	zinc finger protein 271, transcript variant X1
NC_069001.1	37115778	37115801	0.7416802048683167	NC_069001.1	37114058	37116606	LOC106884122	0	-	zinc finger protein 271, transcript variant X2
NC_069001.1	37115886	37115907	0.6941829919815063	NC_069001.1	37114058	37116606	LOC106884122	0	-	zinc finger protein 271, transcript variant X5
NC_069001.1	37115886	37115907	0.6941829919815063	NC_069001.1	37113367	37116606	LOC106884122	0	-	zinc finger protein 271, transcript variant X4
NC_069001.1	37115886	37115907	0.6941829919815063	NC_069001.1	37113367	37116606	LOC106884122	0	-	zinc finger protein 271, transcript variant X1
NC_069001.1	37115886	37115907	0.6941829919815063	NC_069001.1	37114058	37116606	LOC106884122	0	-	zinc finger protein 271, transcript variant X2
NC_069001.1	37154864	37154918	0.2592674195766449	NC_069001.1	37152822	37154934	LOC106884125	0	-	zinc finger protein 91-like
NC_069001.1	37154919	37154934	0.26226362586021423	NC_069001.1	37152822	37154934	LOC106884125	0	-	zinc finger protein 91-like
NC_069001.1	37209329	37209335	0.37417468428611755	NC_069001.1	37208936	37209479	LOC106868819	0	-	zinc finger protein 493
NC_069001.1	37840630	37840658	0.7968606352806091	NC_069001.1	37839919	37840903	LOC106879518	0	-	zinc finger protein 239
NC_069002.1	1635835	1635879	0.27063068747520447	NC_069002.1	1635835	1635879	LOC106879019	0	-	uncharacterized LOC106879019
NC_069002.1	3262239	3262247	0.40585392713546753	NC_069002.1	3262191	3262311	LOC106870325	0	-	protein Dr1, transcript variant X1
NC_069002.1	3262248	3262255	0.47477856278419495	NC_069002.1	3262191	3262311	LOC106870325	0	-	protein Dr1, transcript variant X1
NC_069002.1	4425130	4425138	0.30697235465049744	NC_069002.1	4425117	4425225	LOC106879215	0	-	cytosolic purine 5'-nucleotidase, transcript variant X3
NC_069002.1	13752492	13752508	0.45049768686294556	NC_069002.1	13752121	13752540	LOC106874178	0	-	uncharacterized LOC106874178, transcript variant X1
NC_069002.1	21194786	21194805	0.5699766278266907	NC_069002.1	21194627	21195778	LOC106870917	0	-	neuropeptide Y receptor type 2, transcript variant X1
NC_069002.1	21194924	21194929	0.3306862711906433	NC_069002.1	21194627	21195778	LOC106870917	0	-	neuropeptide Y receptor type 2, transcript variant X1
NC_069002.1	21195185	21195191	0.3595910966396332	NC_069002.1	21194627	21195778	LOC106870917	0	-	neuropeptide Y receptor type 2, transcript variant X1
NC_069002.1	29243855	29243887	0.6291322112083435	NC_069002.1	29243688	29243899	LOC128250513	0	-	uncharacterized LOC128250513
NC_069002.1	31220310	31220316	0.36126530170440674	NC_069002.1	31219925	31221093	LOC106872844	0	-	synaptotagmin-12, transcript variant X1
NC_069002.1	31220543	31220559	0.5412256121635437	NC_069002.1	31219925	31221093	LOC106872844	0	-	synaptotagmin-12, transcript variant X1
NC_069002.1	31220737	31220772	0.6252792477607727	NC_069002.1	31219925	31221093	LOC106872844	0	-	synaptotagmin-12, transcript variant X1
NC_069002.1	31220858	31220874	0.8203058242797852	NC_069002.1	31219925	31221093	LOC106872844	0	-	synaptotagmin-12, transcript variant X1
NC_069002.1	31242087	31242103	0.39421528577804565	NC_069002.1	31240510	31244141	LOC106872766	0	-	uncharacterized LOC106872766
NC_069002.1	37071231	37071249	0.43577226996421814	NC_069002.1	37071003	37071394	LOC106877128	0	-	E3 ubiquitin-protein ligase RNF4, transcript variant X1
NC_069002.1	37496724	37496747	0.7431036233901978	NC_069002.1	37496588	37496844	LOC106877694	0	-	cytosolic Fe-S cluster assembly factor narfl, transcript variant X3
NC_069002.1	37505651	37505663	0.47043243050575256	NC_069002.1	37505567	37505729	LOC106877694	0	-	cytosolic Fe-S cluster assembly factor narfl, transcript variant X4
NC_069003.1	2541988	2542000	0.37756991386413574	NC_069003.1	2541357	2542678	LOC106874572	0	-	dynactin subunit 6
NC_069003.1	4073170	4073175	0.6747735142707825	NC_069003.1	4072059	4073175	LOC106870183	0	-	uncharacterized LOC106870183, transcript variant X1
NC_069003.1	5337072	5337119	0.8390630483627319	NC_069003.1	5336953	5337254	LOC106871450	0	-	CDC42 small effector protein 2
NC_069003.1	5337137	5337142	0.264667809009552	NC_069003.1	5336953	5337254	LOC106871450	0	-	CDC42 small effector protein 2
NC_069003.1	5337143	5337148	0.266751766204834	NC_069003.1	5336953	5337254	LOC106871450	0	-	CDC42 small effector protein 2
NC_069003.1	5337239	5337254	0.5083205699920654	NC_069003.1	5336953	5337254	LOC106871450	0	-	CDC42 small effector protein 2
NC_069003.1	7050250	7050256	0.4563756287097931	NC_069003.1	7049886	7050300	LOC106873856	0	-	ubiquitin-like protein 5
NC_069003.1	23635897	23635912	0.6997339129447937	NC_069003.1	23635827	23636275	LOC106882909	0	-	agrin, transcript variant X1
NC_069003.1	23635973	23635997	0.4234984815120697	NC_069003.1	23635827	23636275	LOC106882909	0	-	agrin, transcript variant X1
NC_069003.1	23636000	23636017	0.36526376008987427	NC_069003.1	23635827	23636275	LOC106882909	0	-	agrin, transcript variant X1
NC_069003.1	23636068	23636090	0.36715129017829895	NC_069003.1	23635827	23636275	LOC106882909	0	-	agrin, transcript variant X1
NC_069003.1	34076267	34076269	0.8413273096084595	NC_069003.1	34076152	34076269	LOC106873728	0	-	protein phosphatase 1 regulatory subunit 42, transcript variant X1
NC_069003.1	34076267	34076272	0.8413273096084595	NC_069003.1	34076152	34076272	LOC106873728	0	-	protein phosphatase 1 regulatory subunit 42, transcript variant X2
NC_069003.1	34251993	34252012	0.6841480135917664	NC_069003.1	34251050	34252153	LOC106871210	0	-	putative uncharacterized protein DDB_G0277255
NC_069003.1	35139120	35139137	0.28502336144447327	NC_069003.1	35139051	35139137	LOC128250615	0	-	neurabin-1-like, transcript variant X2
NC_069003.1	35139120	35139137	0.28502336144447327	NC_069003.1	35139051	35139137	LOC128250615	0	-	neurabin-1-like, transcript variant X6
NC_069003.1	35142804	35142824	0.570309042930603	NC_069003.1	35142698	35142889	LOC128250615	0	-	neurabin-1-like, transcript variant X1
NC_069003.1	35142804	35142824	0.570309042930603	NC_069003.1	35142698	35142889	LOC128250615	0	-	neurabin-1-like, transcript variant X5
NC_069003.1	36289961	36289976	0.5137144327163696	NC_069003.1	36284856	36290572	LOC106876084	0	-	terminal uridylyltransferase 4-like
NC_069003.1	36700126	36700173	0.474954754114151	NC_069003.1	36700064	36700335	LOC106873976	0	-	meiotic recombination protein REC114, transcript variant X3
NC_069003.1	37209406	37209424	0.41704562306404114	NC_069003.1	37209326	37209428	LOC106869010	0	-	E3 ubiquitin-protein ligase RNF144B, transcript variant X4
NC_069003.1	37209406	37209424	0.41704562306404114	NC_069003.1	37209326	37209436	LOC106869010	0	-	E3 ubiquitin-protein ligase RNF144B, transcript variant X7
NC_069004.1	1249435	1249443	0.8198421597480774	NC_069004.1	1249270	1249443	LOC106870767	0	-	putative mediator of RNA polymerase II transcription subunit 7, transcript variant X4
NC_069004.1	1249435	1249443	0.8198421597480774	NC_069004.1	1249270	1249443	LOC106870767	0	-	putative mediator of RNA polymerase II transcription subunit 7, transcript variant X5
NC_069004.1	1249435	1249443	0.8198421597480774	NC_069004.1	1249270	1249443	LOC106870767	0	-	putative mediator of RNA polymerase II transcription subunit 7, transcript variant X1
NC_069004.1	1249435	1249443	0.8198421597480774	NC_069004.1	1249270	1249443	LOC106870767	0	-	putative mediator of RNA polymerase II transcription subunit 7, transcript variant X3
NC_069004.1	2278950	2278973	0.8595991730690002	NC_069004.1	2277611	2279139	LOC106877532	0	-	uncharacterized LOC106877532
NC_069004.1	2478512	2478546	0.2566867768764496	NC_069004.1	2477466	2478546	LOC106877528	0	-	sialin
NC_069004.1	2501666	2501681	0.6280493140220642	NC_069004.1	2501196	2503005	LOC106881434	0	-	uncharacterized transporter slc-17.2, transcript variant X1
NC_069004.1	2602249	2602262	0.3380070924758911	NC_069004.1	2601745	2602402	LOC106868749	0	-	uncharacterized transporter slc-17.2, transcript variant X3
NC_069004.1	2602341	2602358	0.7694029211997986	NC_069004.1	2601745	2602402	LOC106868749	0	-	uncharacterized transporter slc-17.2, transcript variant X3
NC_069004.1	8447012	8447044	0.425213485956192	NC_069004.1	8446687	8447079	LOC106874605	0	-	zinc finger protein 62
NC_069004.1	15156018	15156036	0.8588113188743591	NC_069004.1	15155847	15156432	LOC106882398	0	-	DNA polymerase theta
NC_069004.1	23213644	23213672	0.5004886388778687	NC_069004.1	23213610	23213763	LOC106872918	0	-	probable aminopeptidase NPEPL1, transcript variant X3
NC_069004.1	24978911	24978943	0.34450116753578186	NC_069004.1	24978870	24979025	LOC106882974	0	-	uncharacterized LOC106882974, transcript variant X3
NC_069004.1	24978957	24978974	0.3429836928844452	NC_069004.1	24978870	24979025	LOC106882974	0	-	uncharacterized LOC106882974, transcript variant X3
NC_069004.1	24978998	24979017	0.36525776982307434	NC_069004.1	24978870	24979025	LOC106882974	0	-	uncharacterized LOC106882974, transcript variant X3
NC_069004.1	29446273	29446291	0.427170068025589	NC_069004.1	29446000	29446736	LOC106884093	0	-	class E basic helix-loop-helix protein 22-like, transcript variant X3
NC_069004.1	29446273	29446291	0.427170068025589	NC_069004.1	29446000	29446736	LOC106884093	0	-	class E basic helix-loop-helix protein 22-like, transcript variant X1
NC_069004.1	29446326	29446342	0.4083535671234131	NC_069004.1	29446000	29446736	LOC106884093	0	-	class E basic helix-loop-helix protein 22-like, transcript variant X3
NC_069004.1	29446326	29446342	0.4083535671234131	NC_069004.1	29446000	29446736	LOC106884093	0	-	class E basic helix-loop-helix protein 22-like, transcript variant X1
NC_069004.1	29446374	29446396	0.41331949830055237	NC_069004.1	29446000	29446736	LOC106884093	0	-	class E basic helix-loop-helix protein 22-like, transcript variant X3
NC_069004.1	29446374	29446396	0.41331949830055237	NC_069004.1	29446000	29446736	LOC106884093	0	-	class E basic helix-loop-helix protein 22-like, transcript variant X1
NC_069004.1	29446506	29446522	0.352754145860672	NC_069004.1	29446000	29446736	LOC106884093	0	-	class E basic helix-loop-helix protein 22-like, transcript variant X3
NC_069004.1	29446506	29446522	0.352754145860672	NC_069004.1	29446000	29446736	LOC106884093	0	-	class E basic helix-loop-helix protein 22-like, transcript variant X1
NC_069004.1	29446676	29446688	0.4026013910770416	NC_069004.1	29446000	29446736	LOC106884093	0	-	class E basic helix-loop-helix protein 22-like, transcript variant X3
NC_069004.1	29446676	29446688	0.4026013910770416	NC_069004.1	29446000	29446736	LOC106884093	0	-	class E basic helix-loop-helix protein 22-like, transcript variant X1
NC_069004.1	31610652	31610657	0.31190329790115356	NC_069004.1	31610417	31610774	LOC106871073	0	-	uncharacterized LOC106871073, transcript variant X3
NC_069005.1	216752	216763	0.46001386642456055	NC_069005.1	216751	217149	LOC106871701	0	-	G-protein coupled receptor dmsr-1, transcript variant X2
NC_069005.1	216752	216763	0.46001386642456055	NC_069005.1	216751	217147	LOC106871701	0	-	G-protein coupled receptor dmsr-1, transcript variant X1
NC_069005.1	217004	217019	0.40746816992759705	NC_069005.1	216751	217149	LOC106871701	0	-	G-protein coupled receptor dmsr-1, transcript variant X2
NC_069005.1	217004	217019	0.40746816992759705	NC_069005.1	216751	217147	LOC106871701	0	-	G-protein coupled receptor dmsr-1, transcript variant X1
NC_069005.1	217028	217045	0.3793056905269623	NC_069005.1	216751	217149	LOC106871701	0	-	G-protein coupled receptor dmsr-1, transcript variant X2
NC_069005.1	217028	217045	0.3793056905269623	NC_069005.1	216751	217147	LOC106871701	0	-	G-protein coupled receptor dmsr-1, transcript variant X1
NC_069005.1	217100	217127	0.4597291648387909	NC_069005.1	216751	217149	LOC106871701	0	-	G-protein coupled receptor dmsr-1, transcript variant X2
NC_069005.1	217100	217127	0.4597291648387909	NC_069005.1	216751	217147	LOC106871701	0	-	G-protein coupled receptor dmsr-1, transcript variant X1
NC_069005.1	217134	217149	0.4299575388431549	NC_069005.1	216751	217149	LOC106871701	0	-	G-protein coupled receptor dmsr-1, transcript variant X2
NC_069005.1	217134	217147	0.4299575388431549	NC_069005.1	216751	217147	LOC106871701	0	-	G-protein coupled receptor dmsr-1, transcript variant X1
NC_069005.1	458257	458287	0.7511103749275208	NC_069005.1	458103	458434	LOC106869561	0	-	ultra-long-chain fatty acid omega-hydroxylase, transcript variant X1
NC_069005.1	466094	466141	0.9269036054611206	NC_069005.1	464878	466730	LOC106869561	0	-	ultra-long-chain fatty acid omega-hydroxylase, transcript variant X2
NC_069005.1	1721673	1721683	0.40822529792785645	NC_069005.1	1721314	1721789	LOC106882833	0	-	interferon regulatory factor 2, transcript variant X7
NC_069005.1	1721768	1721789	0.45935916900634766	NC_069005.1	1721314	1721789	LOC106882833	0	-	interferon regulatory factor 2, transcript variant X7
NC_069005.1	24146803	24146832	0.7213891744613647	NC_069005.1	24146007	24146947	LOC106882305	0	-	DNA damage-regulated autophagy modulator protein 2, transcript variant X1
NC_069005.1	24146859	24146883	0.6224812865257263	NC_069005.1	24146007	24146947	LOC106882305	0	-	DNA damage-regulated autophagy modulator protein 2, transcript variant X1
NC_069005.1	27666888	27666939	0.882610559463501	NC_069005.1	27666806	27668318	LOC106879040	0	-	neuromedin-U receptor 2, transcript variant X1
NC_069005.1	27667023	27667044	0.5469404458999634	NC_069005.1	27666806	27668318	LOC106879040	0	-	neuromedin-U receptor 2, transcript variant X1
NC_069005.1	27667428	27667434	0.3178522288799286	NC_069005.1	27666806	27668318	LOC106879040	0	-	neuromedin-U receptor 2, transcript variant X1
NC_069005.1	27667848	27667860	0.35949936509132385	NC_069005.1	27666806	27668318	LOC106879040	0	-	neuromedin-U receptor 2, transcript variant X1
NC_069005.1	27667897	27667987	0.8902543187141418	NC_069005.1	27666806	27668318	LOC106879040	0	-	neuromedin-U receptor 2, transcript variant X1
NC_069005.1	27668016	27668055	0.8284539580345154	NC_069005.1	27666806	27668318	LOC106879040	0	-	neuromedin-U receptor 2, transcript variant X1
NC_069005.1	27668178	27668194	0.42758965492248535	NC_069005.1	27666806	27668318	LOC106879040	0	-	neuromedin-U receptor 2, transcript variant X1
NC_069005.1	28362631	28362649	0.7151474356651306	NC_069005.1	28362349	28362679	LOC106868694	0	-	glutamyl-tRNA(Gln) amidotransferase subunit C, mitochondrial
NC_069005.1	28362664	28362679	0.5603764057159424	NC_069005.1	28362349	28362679	LOC106868694	0	-	glutamyl-tRNA(Gln) amidotransferase subunit C, mitochondrial
NC_069005.1	28436176	28436178	0.2578825354576111	NC_069005.1	28436024	28436178	LOC106868692	0	-	uncharacterized LOC106868692, transcript variant X1
NC_069005.1	32484528	32484548	0.37768110632896423	NC_069005.1	32484099	32484983	LOC106870667	0	-	uncharacterized LOC106870667
NC_069005.1	32484665	32484690	0.7832587361335754	NC_069005.1	32484099	32484983	LOC106870667	0	-	uncharacterized LOC106870667
NC_069005.1	34847506	34847521	0.6137367486953735	NC_069005.1	34847219	34847995	LOC106869064	0	-	serine-rich adhesin for platelets, transcript variant X2
NC_069005.1	34847506	34847521	0.6137367486953735	NC_069005.1	34847219	34847995	LOC106869064	0	-	serine-rich adhesin for platelets, transcript variant X1
NC_069005.1	34847573	34847595	0.651743471622467	NC_069005.1	34847219	34847995	LOC106869064	0	-	serine-rich adhesin for platelets, transcript variant X2
NC_069005.1	34847573	34847595	0.651743471622467	NC_069005.1	34847219	34847995	LOC106869064	0	-	serine-rich adhesin for platelets, transcript variant X1
NC_069005.1	34871341	34871360	0.9363168478012085	NC_069005.1	34870958	34871706	LOC106869064	0	-	serine-rich adhesin for platelets, transcript variant X2
NC_069005.1	34871341	34871360	0.9363168478012085	NC_069005.1	34870958	34871706	LOC106869064	0	-	serine-rich adhesin for platelets, transcript variant X1
NC_069006.1	890512	890529	0.732495903968811	NC_069006.1	890511	890611	LOC106871338	0	-	uncharacterized LOC106871338, transcript variant X5
NC_069006.1	5708935	5708950	0.8734875321388245	NC_069006.1	5708716	5709117	LOC106872992	0	-	E3 ubiquitin-protein ligase MIB2
NC_069006.1	5709065	5709071	0.297334223985672	NC_069006.1	5708716	5709117	LOC106872992	0	-	E3 ubiquitin-protein ligase MIB2
NC_069006.1	5709079	5709085	0.4125570058822632	NC_069006.1	5708716	5709117	LOC106872992	0	-	E3 ubiquitin-protein ligase MIB2
NC_069006.1	7494073	7494082	0.3399182856082916	NC_069006.1	7493983	7494452	LOC106874643	0	-	dual specificity protein kinase splB
NC_069006.1	20445616	20445634	0.3350640535354614	NC_069006.1	20445411	20446394	LOC106869026	0	-	transmembrane protein 272, transcript variant X4
NC_069006.1	20454670	20454677	0.38074803352355957	NC_069006.1	20454601	20454857	LOC106869026	0	-	transmembrane protein 272, transcript variant X1
NC_069006.1	22595835	22595851	0.8412497043609619	NC_069006.1	22595112	22596315	LOC106876519	0	-	E3 ubiquitin-protein ligase MIB2, transcript variant X1
NC_069006.1	22596030	22596053	0.8840446472167969	NC_069006.1	22595112	22596315	LOC106876519	0	-	E3 ubiquitin-protein ligase MIB2, transcript variant X1
NC_069006.1	25472914	25472936	0.6008496880531311	NC_069006.1	25472726	25472946	LOC106871850	0	-	uncharacterized LOC106871850
NC_069006.1	26328176	26328191	0.42591002583503723	NC_069006.1	26328154	26328236	LOC106882124	0	-	uncharacterized LOC106882124
NC_069007.1	10057	10075	0.630687415599823	NC_069007.1	9946	10496	LOC106881295	0	-	zinc finger protein 43
NC_069007.1	20657	20688	0.5757074952125549	NC_069007.1	20079	21433	LOC106881298	0	-	zinc finger protein 239
NC_069007.1	63192	63213	0.7347747087478638	NC_069007.1	63045	63242	LOC106881296	0	-	putative ankyrin repeat protein RF_0381
NC_069007.1	3632376	3632412	0.5442528128623962	NC_069007.1	3630470	3632723	LOC106883377	0	-	ciliogenesis-associated TTC17-interacting protein, transcript variant X3
NC_069007.1	6949717	6949732	0.465914249420166	NC_069007.1	6949474	6949794	LOC106882779	0	-	snRNA-activating protein complex subunit 1, transcript variant X3
NC_069007.1	6949717	6949732	0.465914249420166	NC_069007.1	6949320	6949794	LOC106882779	0	-	snRNA-activating protein complex subunit 1, transcript variant X1
NC_069007.1	6949717	6949732	0.465914249420166	NC_069007.1	6949320	6949796	LOC106882779	0	-	snRNA-activating protein complex subunit 1, transcript variant X2
NC_069007.1	6949717	6949732	0.465914249420166	NC_069007.1	6949320	6949796	LOC106882779	0	-	snRNA-activating protein complex subunit 1, transcript variant X4
NC_069007.1	6949717	6949732	0.465914249420166	NC_069007.1	6949474	6949796	LOC106882779	0	-	snRNA-activating protein complex subunit 1, transcript variant X5
NC_069007.1	7411536	7411567	0.8379297852516174	NC_069007.1	7410833	7411748	LOC106881898	0	-	frizzled-1
NC_069007.1	7842273	7842292	0.43449610471725464	NC_069007.1	7842145	7842292	LOC106881252	0	-	aquaporin-11
NC_069007.1	10125806	10125812	0.2814507484436035	NC_069007.1	10125374	10125907	LOC106874775	0	-	zinc finger protein OZF, transcript variant X2
NC_069007.1	14182870	14182876	0.30693933367729187	NC_069007.1	14182298	14182880	LOC106877416	0	-	P2R1A-PPP2R2A-interacting phosphatase regulator 1
NC_069007.1	14182877	14182880	0.36173754930496216	NC_069007.1	14182298	14182880	LOC106877416	0	-	P2R1A-PPP2R2A-interacting phosphatase regulator 1
NC_069007.1	16432255	16432274	0.6026241779327393	NC_069007.1	16432012	16432469	LOC106883444	0	-	4'-phosphopantetheine phosphatase
NC_069007.1	20404422	20404431	0.35832512378692627	NC_069007.1	20403395	20405148	LOC106867727	0	-	zinc finger protein 91
NC_069007.1	21157328	21157351	0.5715221166610718	NC_069007.1	21157320	21157698	LOC128251005	0	-	zinc finger protein 271-like, transcript variant X2
NC_069007.1	21388524	21388541	0.6032662391662598	NC_069007.1	21388132	21388700	LOC106867800	0	-	(Lyso)-N-acylphosphatidylethanolamine lipase, transcript variant X4
NC_069007.1	21388524	21388541	0.6032662391662598	NC_069007.1	21388132	21388699	LOC106867800	0	-	(Lyso)-N-acylphosphatidylethanolamine lipase, transcript variant X3
NC_069007.1	21988125	21988144	0.5882331132888794	NC_069007.1	21987967	21988212	LOC106870514	0	-	RNA-binding motif, single-stranded-interacting protein 2, transcript variant X3
NC_069007.1	21988125	21988144	0.5882331132888794	NC_069007.1	21987967	21988212	LOC106870514	0	-	RNA-binding motif, single-stranded-interacting protein 2, transcript variant X2
NC_069007.1	21988169	21988185	0.48638778924942017	NC_069007.1	21987967	21988212	LOC106870514	0	-	RNA-binding motif, single-stranded-interacting protein 2, transcript variant X3
NC_069007.1	21988169	21988185	0.48638778924942017	NC_069007.1	21987967	21988212	LOC106870514	0	-	RNA-binding motif, single-stranded-interacting protein 2, transcript variant X2
NC_069008.1	2000067	2000091	0.8518983721733093	NC_069008.1	1999738	2000114	LOC128251054	0	-	zinc finger protein 239-like, transcript variant X1
NC_069008.1	2091102	2091121	0.928814709186554	NC_069008.1	2091005	2091169	LOC106878326	0	-	zinc finger protein 62 homolog
NC_069008.1	2091136	2091169	0.2579161822795868	NC_069008.1	2091005	2091169	LOC106878326	0	-	zinc finger protein 62 homolog
NC_069008.1	2186967	2186983	0.8535336852073669	NC_069008.1	2186867	2187016	LOC106878344	0	-	zinc finger protein 135-like, transcript variant X2
NC_069008.1	2189344	2189360	0.25632354617118835	NC_069008.1	2188990	2189360	LOC106878344	0	-	zinc finger protein 135-like, transcript variant X1
NC_069008.1	2192557	2192572	0.8669872283935547	NC_069008.1	2191721	2194093	LOC106878344	0	-	zinc finger protein 135-like, transcript variant X4
NC_069008.1	2192557	2192572	0.8669872283935547	NC_069008.1	2191721	2194093	LOC106878344	0	-	zinc finger protein 135-like, transcript variant X5
NC_069008.1	2227842	2227846	0.500879168510437	NC_069008.1	2227687	2227846	LOC106878343	0	-	zinc finger protein 239-like, transcript variant X1
NC_069008.1	4073298	4073337	0.7692084312438965	NC_069008.1	4072849	4073337	LOC106873791	0	-	leucine-rich melanocyte differentiation-associated protein
NC_069008.1	5662779	5662797	0.375987708568573	NC_069008.1	5662635	5662962	LOC128251040	0	-	zinc finger protein OZF-like
NC_069008.1	5706155	5706175	0.683549702167511	NC_069008.1	5706032	5706274	LOC106880991	0	-	zinc finger protein 91
NC_069008.1	5756893	5756912	0.9104199409484863	NC_069008.1	5756744	5757096	LOC106880980	0	-	zinc finger protein OZF, transcript variant X1
NC_069008.1	5756980	5756997	0.8848668932914734	NC_069008.1	5756744	5757096	LOC106880980	0	-	zinc finger protein OZF, transcript variant X1
NC_069008.1	5757050	5757067	0.8403524160385132	NC_069008.1	5756744	5757096	LOC106880980	0	-	zinc finger protein OZF, transcript variant X1
NC_069008.1	5767128	5767149	0.687728762626648	NC_069008.1	5767003	5767236	LOC106880980	0	-	zinc finger protein OZF, transcript variant X2
NC_069008.1	5842584	5842593	0.3273541033267975	NC_069008.1	5842437	5842887	LOC106871794	0	-	zinc finger protein 239-like, transcript variant X2
NC_069008.1	5842584	5842593	0.3273541033267975	NC_069008.1	5842437	5842886	LOC106871794	0	-	zinc finger protein 239-like, transcript variant X1
NC_069008.1	5865357	5865374	0.4737570285797119	NC_069008.1	5865218	5865450	LOC106871785	0	-	zinc finger protein 208
NC_069008.1	7992912	7992928	0.5517727732658386	NC_069008.1	7992676	7993424	LOC106879244	0	-	CYFIP-related Rac1 interactor B, transcript variant X1
NC_069008.1	7992912	7992928	0.5517727732658386	NC_069008.1	7992676	7993422	LOC106879244	0	-	CYFIP-related Rac1 interactor B, transcript variant X2
NC_069008.1	7992912	7992928	0.5517727732658386	NC_069008.1	7992676	7993417	LOC106879244	0	-	CYFIP-related Rac1 interactor B, transcript variant X3
NC_069008.1	11680332	11680352	0.6884087920188904	NC_069008.1	11678924	11680523	LOC106868858	0	-	zinc finger protein 271
NC_069008.1	12135258	12135275	0.3800363540649414	NC_069008.1	12135113	12136422	LOC106882948	0	-	zinc finger protein 420, transcript variant X2
NC_069008.1	12513715	12513739	0.5131551623344421	NC_069008.1	12513131	12513840	LOC106870871	0	-	zinc finger protein 271
NC_069008.1	12665735	12665748	0.80589359998703	NC_069008.1	12665649	12666417	LOC106881501	0	-	zinc finger protein 260
NC_069008.1	12666121	12666135	0.5083910822868347	NC_069008.1	12665649	12666417	LOC106881501	0	-	zinc finger protein 260
NC_069008.1	15245765	15245771	0.42478880286216736	NC_069008.1	15245666	15245862	LOC106873072	0	-	zinc finger protein 91
NC_069008.1	15572414	15572430	0.4203665852546692	NC_069008.1	15572260	15572711	LOC106873840	0	-	zinc finger protein 665
NC_069008.1	15605202	15605207	0.35598140954971313	NC_069008.1	15604976	15605250	LOC128251069	0	-	zinc finger protein 62 homolog
NC_069008.1	15661789	15661811	0.5133005976676941	NC_069008.1	15661327	15661965	LOC106877433	0	-	zinc finger protein 208
NC_069008.1	15671026	15671035	0.308671236038208	NC_069008.1	15670775	15671116	LOC106883531	0	-	zinc finger protein 665, transcript variant X2
NC_069008.1	16264156	16264172	0.8536447882652283	NC_069008.1	16263844	16264849	LOC106868518	0	-	zinc finger protein 271, transcript variant X1
NC_069008.1	16264156	16264172	0.8536447882652283	NC_069008.1	16263844	16264849	LOC106868518	0	-	zinc finger protein 271, transcript variant X3
NC_069008.1	16264156	16264172	0.8536447882652283	NC_069008.1	16263795	16264849	LOC106868518	0	-	zinc finger protein 271, transcript variant X5
NC_069008.1	16264181	16264205	0.8884227871894836	NC_069008.1	16263844	16264849	LOC106868518	0	-	zinc finger protein 271, transcript variant X1
NC_069008.1	16264181	16264205	0.8884227871894836	NC_069008.1	16263844	16264849	LOC106868518	0	-	zinc finger protein 271, transcript variant X3
NC_069008.1	16264181	16264205	0.8884227871894836	NC_069008.1	16263795	16264849	LOC106868518	0	-	zinc finger protein 271, transcript variant X5
NC_069008.1	16533664	16533678	0.2544836699962616	NC_069008.1	16532719	16533678	LOC128251111	0	-	zinc finger protein 91-like
NC_069008.1	17349517	17349533	0.8880744576454163	NC_069008.1	17349385	17349594	LOC106867523	0	-	transport and Golgi organization 2 homolog
NC_069008.1	17965294	17965304	0.3577410876750946	NC_069008.1	17964430	17965332	LOC106872276	0	-	probable serine/threonine-protein kinase ifkA, transcript variant X1
NC_069008.1	17966772	17966780	0.3619486689567566	NC_069008.1	17966493	17966874	LOC106872276	0	-	probable serine/threonine-protein kinase ifkA, transcript variant X2
NC_069008.1	17966781	17966786	0.28814631700515747	NC_069008.1	17966493	17966874	LOC106872276	0	-	probable serine/threonine-protein kinase ifkA, transcript variant X2
NC_069009.1	414290	414300	0.44260042905807495	NC_069009.1	413656	414476	LOC106882146	0	-	uncharacterized LOC106882146, transcript variant X4
NC_069009.1	425154	425167	0.4270564317703247	NC_069009.1	424071	425215	LOC106882146	0	-	uncharacterized LOC106882146, transcript variant X5
NC_069009.1	425154	425167	0.4270564317703247	NC_069009.1	424071	425215	LOC106882146	0	-	uncharacterized LOC106882146, transcript variant X7
NC_069009.1	425154	425167	0.4270564317703247	NC_069009.1	424071	425216	LOC106882146	0	-	uncharacterized LOC106882146, transcript variant X1
NC_069009.1	425154	425167	0.4270564317703247	NC_069009.1	424071	425216	LOC106882146	0	-	uncharacterized LOC106882146, transcript variant X3
NC_069009.1	809438	809461	0.5209223031997681	NC_069009.1	809352	809461	LOC128251244	0	-	decorin-like, transcript variant X3
NC_069009.1	826184	826190	0.36412951350212097	NC_069009.1	825468	826330	LOC106873851	0	-	adhesion G-protein coupled receptor G2, transcript variant X1
NC_069009.1	1289996	1290021	0.920329749584198	NC_069009.1	1289789	1290282	LOC106879013	0	-	zinc finger protein 239-like, transcript variant X2
NC_069009.1	9674963	9674976	0.8942145109176636	NC_069009.1	9674892	9675176	LOC106872528	0	-	CCHC-type zinc finger nucleic acid binding protein, transcript variant X2
NC_069009.1	9674963	9674976	0.8942145109176636	NC_069009.1	9674892	9675176	LOC106872528	0	-	CCHC-type zinc finger nucleic acid binding protein, transcript variant X1
NC_069009.1	10189680	10189689	0.6950615644454956	NC_069009.1	10189610	10189689	LOC128251221	0	-	decorin-like
NC_069010.1	1403680	1403691	0.3866783380508423	NC_069010.1	1403644	1403933	LOC106873635	0	-	zinc finger protein 239, transcript variant X1
NC_069010.1	4175266	4175304	0.8554433584213257	NC_069010.1	4174698	4175445	LOC106882703	0	-	eukaryotic translation initiation factor 4H
NC_069010.1	4175305	4175323	0.6503017544746399	NC_069010.1	4174698	4175445	LOC106882703	0	-	eukaryotic translation initiation factor 4H
NC_069010.1	4519968	4519973	0.647708535194397	NC_069010.1	4519766	4520072	LOC128251305	0	-	zinc finger protein 271-like, transcript variant X2
NC_069010.1	4519990	4519997	0.425614595413208	NC_069010.1	4519766	4520072	LOC128251305	0	-	zinc finger protein 271-like, transcript variant X2
NC_069010.1	4521818	4521838	0.7693578004837036	NC_069010.1	4521600	4522302	LOC128251305	0	-	zinc finger protein 271-like, transcript variant X1
NC_069010.1	4521818	4521838	0.7693578004837036	NC_069010.1	4521600	4522302	LOC128251305	0	-	zinc finger protein 271-like, transcript variant X3
NC_069010.1	4521915	4521939	0.6238164901733398	NC_069010.1	4521600	4522302	LOC128251305	0	-	zinc finger protein 271-like, transcript variant X1
NC_069010.1	4521915	4521939	0.6238164901733398	NC_069010.1	4521600	4522302	LOC128251305	0	-	zinc finger protein 271-like, transcript variant X3
NC_069010.1	4521975	4521999	0.4896712005138397	NC_069010.1	4521600	4522302	LOC128251305	0	-	zinc finger protein 271-like, transcript variant X1
NC_069010.1	4521975	4521999	0.4896712005138397	NC_069010.1	4521600	4522302	LOC128251305	0	-	zinc finger protein 271-like, transcript variant X3
NW_026305254.1	72452	72466	0.3236975371837616	NW_026305254.1	72347	72467	LOC106873054	0	-	serine/arginine-rich splicing factor 7, transcript variant X3
NW_026305254.1	72452	72466	0.3236975371837616	NW_026305254.1	72347	72467	LOC106873054	0	-	serine/arginine-rich splicing factor 7, transcript variant X1
NW_026412878.1	7347	7372	0.8175966143608093	NW_026412878.1	7194	7506	LOC128251530	0	-	zinc finger protein 665-like
NW_026412878.1	7383	7408	0.8397950530052185	NW_026412878.1	7194	7506	LOC128251530	0	-	zinc finger protein 665-like
NW_026412878.1	7419	7451	0.6681540012359619	NW_026412878.1	7194	7506	LOC128251530	0	-	zinc finger protein 665-like
NW_026412878.1	7456	7462	0.2518194317817688	NW_026412878.1	7194	7506	LOC128251530	0	-	zinc finger protein 665-like
NW_026412878.1	7469	7477	0.2519621253013611	NW_026412878.1	7194	7506	LOC128251530	0	-	zinc finger protein 665-like
NW_026412878.1	7479	7489	0.2520606219768524	NW_026412878.1	7194	7506	LOC128251530	0	-	zinc finger protein 665-like
NW_026412878.1	7495	7500	0.25209423899650574	NW_026412878.1	7194	7506	LOC128251530	0	-	zinc finger protein 665-like
NW_026412878.1	7501	7506	0.25428342819213867	NW_026412878.1	7194	7506	LOC128251530	0	-	zinc finger protein 665-like
