NC_068981.1	3980953	3980964	0.4748847782611847	NC_068981.1	3980857	3981526	LOC106870637	0	+	uncharacterized LOC106870637, transcript variant X3
NC_068981.1	3980953	3980964	0.4748847782611847	NC_068981.1	3980858	3981526	LOC106870637	0	+	uncharacterized LOC106870637, transcript variant X2
NC_068981.1	3980965	3980979	0.4102168381214142	NC_068981.1	3980857	3981526	LOC106870637	0	+	uncharacterized LOC106870637, transcript variant X3
NC_068981.1	3980965	3980979	0.4102168381214142	NC_068981.1	3980858	3981526	LOC106870637	0	+	uncharacterized LOC106870637, transcript variant X2
NC_068981.1	4205272	4205277	0.3484044671058655	NC_068981.1	4204994	4205499	LOC106880950	0	+	hydrocephalus-inducing protein
NC_068981.1	18287520	18287525	0.3341490924358368	NC_068981.1	18285336	18287991	LOC106867686	0	+	protein unc-13 homolog D
NC_068981.1	21680628	21680655	0.35280799865722656	NC_068981.1	21680628	21680950	LOC106878512	0	+	sushi, von Willebrand factor type A, EGF and pentraxin domain-containing protein 1
NC_068981.1	24596616	24596640	0.6527881026268005	NC_068981.1	24596616	24601370	LOC106874648	0	+	transforming growth factor beta receptor type 3, transcript variant X3
NC_068981.1	33538880	33538895	0.7950547933578491	NC_068981.1	33538845	33538959	LOC106879639	0	+	TNF receptor-associated factor 2, transcript variant X7
NC_068981.1	41962313	41962334	0.6623407602310181	NC_068981.1	41962252	41962608	LOC106869199	0	+	uncharacterized LOC106869199
NC_068981.1	57425594	57425607	0.6349166035652161	NC_068981.1	57425510	57425635	LOC106881034	0	+	18 kDa learning-associated protein of slug-like
NC_068981.1	71144051	71144064	0.3506838083267212	NC_068981.1	71144008	71144351	LOC106870560	0	+	calcitonin receptor, transcript variant X2
NC_068981.1	71144051	71144064	0.3506838083267212	NC_068981.1	71144008	71144351	LOC106870560	0	+	calcitonin receptor, transcript variant X3
NC_068981.1	71144070	71144086	0.37082892656326294	NC_068981.1	71144008	71144351	LOC106870560	0	+	calcitonin receptor, transcript variant X2
NC_068981.1	71144070	71144086	0.37082892656326294	NC_068981.1	71144008	71144351	LOC106870560	0	+	calcitonin receptor, transcript variant X3
NC_068981.1	72581835	72581845	0.486611545085907	NC_068981.1	72581809	72582629	LOC106871880	0	+	protein-glutamine gamma-glutamyltransferase K, transcript variant X1
NC_068981.1	72581856	72581863	0.3028542399406433	NC_068981.1	72581809	72582629	LOC106871880	0	+	protein-glutamine gamma-glutamyltransferase K, transcript variant X1
NC_068981.1	72581907	72581936	0.45020678639411926	NC_068981.1	72581809	72582629	LOC106871880	0	+	protein-glutamine gamma-glutamyltransferase K, transcript variant X1
NC_068981.1	72581941	72581976	0.4532289206981659	NC_068981.1	72581809	72582629	LOC106871880	0	+	protein-glutamine gamma-glutamyltransferase K, transcript variant X1
NC_068981.1	72582015	72582059	0.45894965529441833	NC_068981.1	72581809	72582629	LOC106871880	0	+	protein-glutamine gamma-glutamyltransferase K, transcript variant X1
NC_068981.1	72582290	72582331	0.9457438588142395	NC_068981.1	72581809	72582629	LOC106871880	0	+	protein-glutamine gamma-glutamyltransferase K, transcript variant X1
NC_068981.1	72582510	72582560	0.8724070191383362	NC_068981.1	72581809	72582629	LOC106871880	0	+	protein-glutamine gamma-glutamyltransferase K, transcript variant X1
NC_068981.1	79962658	79962745	0.9318451881408691	NC_068981.1	79962186	79963537	LOC106877089	0	+	toll-like receptor Tollo, transcript variant X4
NC_068981.1	79962658	79962745	0.9318451881408691	NC_068981.1	79962186	79963537	LOC106877089	0	+	toll-like receptor Tollo, transcript variant X3
NC_068981.1	79962658	79962745	0.9318451881408691	NC_068981.1	79962186	79963537	LOC106877089	0	+	toll-like receptor Tollo, transcript variant X1
NC_068981.1	79962879	79962899	0.870308518409729	NC_068981.1	79962186	79963537	LOC106877089	0	+	toll-like receptor Tollo, transcript variant X4
NC_068981.1	79962879	79962899	0.870308518409729	NC_068981.1	79962186	79963537	LOC106877089	0	+	toll-like receptor Tollo, transcript variant X3
NC_068981.1	79962879	79962899	0.870308518409729	NC_068981.1	79962186	79963537	LOC106877089	0	+	toll-like receptor Tollo, transcript variant X1
NC_068981.1	79972217	79972222	0.30679720640182495	NC_068981.1	79970603	79972719	LOC106877089	0	+	toll-like receptor Tollo, transcript variant X2
NC_068981.1	85872008	85872022	0.40718406438827515	NC_068981.1	85872008	85872147	LOC106868575	0	+	mitogen-activated protein kinase 14, transcript variant X1
NC_068981.1	85872008	85872022	0.40718406438827515	NC_068981.1	85872008	85872147	LOC106868575	0	+	mitogen-activated protein kinase 14, transcript variant X2
NC_068981.1	85872008	85872022	0.40718406438827515	NC_068981.1	85872008	85872147	LOC106868575	0	+	mitogen-activated protein kinase 14, transcript variant X3
NC_068981.1	88831743	88831772	0.35483473539352417	NC_068981.1	88831503	88832487	LOC128246973	0	+	piggyBac transposable element-derived protein 3-like
NC_068981.1	88831781	88831801	0.5376116633415222	NC_068981.1	88831503	88832487	LOC128246973	0	+	piggyBac transposable element-derived protein 3-like
NC_068981.1	88831862	88831898	0.6724786758422852	NC_068981.1	88831503	88832487	LOC128246973	0	+	piggyBac transposable element-derived protein 3-like
NC_068981.1	88831905	88831963	0.6913018822669983	NC_068981.1	88831503	88832487	LOC128246973	0	+	piggyBac transposable element-derived protein 3-like
NC_068981.1	88832000	88832039	0.740706205368042	NC_068981.1	88831503	88832487	LOC128246973	0	+	piggyBac transposable element-derived protein 3-like
NC_068981.1	88832075	88832104	0.7103646397590637	NC_068981.1	88831503	88832487	LOC128246973	0	+	piggyBac transposable element-derived protein 3-like
NC_068981.1	88832254	88832265	0.35099148750305176	NC_068981.1	88831503	88832487	LOC128246973	0	+	piggyBac transposable element-derived protein 3-like
NC_068981.1	88832329	88832334	0.4300693869590759	NC_068981.1	88831503	88832487	LOC128246973	0	+	piggyBac transposable element-derived protein 3-like
NC_068981.1	89555718	89555733	0.52520352602005	NC_068981.1	89555302	89555944	LOC106874239	0	+	uncharacterized LOC106874239, transcript variant X1
NC_068981.1	89555756	89555773	0.46643492579460144	NC_068981.1	89555302	89555944	LOC106874239	0	+	uncharacterized LOC106874239, transcript variant X1
NC_068981.1	91493488	91493506	0.6821677088737488	NC_068981.1	91493188	91493864	LOC106874534	0	+	calcitonin receptor
NC_068981.1	91493512	91493532	0.6377658843994141	NC_068981.1	91493188	91493864	LOC106874534	0	+	calcitonin receptor
NC_068981.1	91493540	91493564	0.6240014433860779	NC_068981.1	91493188	91493864	LOC106874534	0	+	calcitonin receptor
NC_068981.1	91493623	91493636	0.46655985713005066	NC_068981.1	91493188	91493864	LOC106874534	0	+	calcitonin receptor
NC_068981.1	105384224	105384230	0.3352067470550537	NC_068981.1	105382716	105384732	LOC106871082	0	+	coiled-coil domain-containing protein 34, transcript variant X5
NC_068981.1	105384224	105384230	0.3352067470550537	NC_068981.1	105382717	105384732	LOC106871082	0	+	coiled-coil domain-containing protein 34, transcript variant X4
NC_068981.1	105384224	105384230	0.3352067470550537	NC_068981.1	105382716	105384732	LOC106871082	0	+	coiled-coil domain-containing protein 34, transcript variant X3
NC_068981.1	109167015	109167034	0.3893698453903198	NC_068981.1	109166844	109168596	LOC106868484	0	+	leucine-rich repeat-containing protein 45, transcript variant X1
NC_068981.1	109167015	109167034	0.3893698453903198	NC_068981.1	109166841	109168596	LOC106868484	0	+	leucine-rich repeat-containing protein 45, transcript variant X2
NC_068981.1	130514405	130514420	0.45966270565986633	NC_068981.1	130514337	130514545	LOC106868390	0	+	protein NDRG3, transcript variant X8
NC_068981.1	131732125	131732143	0.47228479385375977	NC_068981.1	131731690	131732374	LOC106882617	0	+	CCR4-NOT transcription complex subunit 10, transcript variant X2
NC_068981.1	132449691	132449714	0.33802491426467896	NC_068981.1	132449687	132450062	LOC106870292	0	+	large neutral amino acids transporter small subunit 2, transcript variant X7
NC_068981.1	132449691	132449714	0.33802491426467896	NC_068981.1	132449687	132450062	LOC106870292	0	+	large neutral amino acids transporter small subunit 2, transcript variant X6
NC_068981.1	132449691	132449714	0.33802491426467896	NC_068981.1	132449687	132450036	LOC106870292	0	+	large neutral amino acids transporter small subunit 2, transcript variant X4
NC_068981.1	132449691	132449714	0.33802491426467896	NC_068981.1	132449687	132450062	LOC106870292	0	+	large neutral amino acids transporter small subunit 2, transcript variant X9
NC_068981.1	132449691	132449714	0.33802491426467896	NC_068981.1	132449687	132450036	LOC106870292	0	+	large neutral amino acids transporter small subunit 2, transcript variant X5
NC_068981.1	132449691	132449714	0.33802491426467896	NC_068981.1	132449686	132450036	LOC106870292	0	+	large neutral amino acids transporter small subunit 2, transcript variant X12
NC_068981.1	132449691	132449714	0.33802491426467896	NC_068981.1	132449687	132450036	LOC106870292	0	+	large neutral amino acids transporter small subunit 2, transcript variant X3
NC_068981.1	132449691	132449714	0.33802491426467896	NC_068981.1	132449679	132450036	LOC106870292	0	+	large neutral amino acids transporter small subunit 2, transcript variant X1
NC_068981.1	132449691	132449714	0.33802491426467896	NC_068981.1	132449687	132450036	LOC106870292	0	+	large neutral amino acids transporter small subunit 2, transcript variant X2
NC_068981.1	132449691	132449714	0.33802491426467896	NC_068981.1	132449687	132450062	LOC106870292	0	+	large neutral amino acids transporter small subunit 2, transcript variant X8
NC_068981.1	132449751	132449779	0.3398967683315277	NC_068981.1	132449687	132450062	LOC106870292	0	+	large neutral amino acids transporter small subunit 2, transcript variant X7
NC_068981.1	132449751	132449779	0.3398967683315277	NC_068981.1	132449687	132450062	LOC106870292	0	+	large neutral amino acids transporter small subunit 2, transcript variant X6
NC_068981.1	132449751	132449779	0.3398967683315277	NC_068981.1	132449687	132450036	LOC106870292	0	+	large neutral amino acids transporter small subunit 2, transcript variant X4
NC_068981.1	132449751	132449779	0.3398967683315277	NC_068981.1	132449687	132450062	LOC106870292	0	+	large neutral amino acids transporter small subunit 2, transcript variant X9
NC_068981.1	132449751	132449779	0.3398967683315277	NC_068981.1	132449687	132450036	LOC106870292	0	+	large neutral amino acids transporter small subunit 2, transcript variant X5
NC_068981.1	132449751	132449779	0.3398967683315277	NC_068981.1	132449686	132450036	LOC106870292	0	+	large neutral amino acids transporter small subunit 2, transcript variant X12
NC_068981.1	132449751	132449779	0.3398967683315277	NC_068981.1	132449687	132450036	LOC106870292	0	+	large neutral amino acids transporter small subunit 2, transcript variant X3
NC_068981.1	132449751	132449779	0.3398967683315277	NC_068981.1	132449679	132450036	LOC106870292	0	+	large neutral amino acids transporter small subunit 2, transcript variant X1
NC_068981.1	132449751	132449779	0.3398967683315277	NC_068981.1	132449687	132450036	LOC106870292	0	+	large neutral amino acids transporter small subunit 2, transcript variant X2
NC_068981.1	132449751	132449779	0.3398967683315277	NC_068981.1	132449687	132450062	LOC106870292	0	+	large neutral amino acids transporter small subunit 2, transcript variant X8
NC_068981.1	133925476	133925486	0.2985190749168396	NC_068981.1	133924785	133927156	LOC106873867	0	+	glucose-induced degradation protein 4 homolog, transcript variant X6
NC_068981.1	144681807	144681812	0.37510284781455994	NC_068981.1	144681559	144682298	LOC106868068	0	+	secretin receptor
NC_068981.1	144681818	144681824	0.30762144923210144	NC_068981.1	144681559	144682298	LOC106868068	0	+	secretin receptor
NC_068981.1	156331245	156331264	0.4104718565940857	NC_068981.1	156331128	156332173	LOC106868444	0	+	zinc finger protein GLIS2, transcript variant X2
NC_068981.1	167434280	167434303	0.4539777934551239	NC_068981.1	167433849	167434736	LOC106883135	0	+	small conductance calcium-activated potassium channel protein 2, transcript variant X4
NC_068981.1	167434280	167434303	0.4539777934551239	NC_068981.1	167433849	167434736	LOC106883135	0	+	small conductance calcium-activated potassium channel protein 2, transcript variant X5
NC_068981.1	167434383	167434431	0.6959502100944519	NC_068981.1	167433849	167434736	LOC106883135	0	+	small conductance calcium-activated potassium channel protein 2, transcript variant X4
NC_068981.1	167434383	167434431	0.6959502100944519	NC_068981.1	167433849	167434736	LOC106883135	0	+	small conductance calcium-activated potassium channel protein 2, transcript variant X5
NC_068981.1	167796145	167796165	0.5989585518836975	NC_068981.1	167796116	167796608	LOC106883135	0	+	small conductance calcium-activated potassium channel protein 2, transcript variant X3
NC_068981.1	167796268	167796288	0.5742945671081543	NC_068981.1	167796116	167796608	LOC106883135	0	+	small conductance calcium-activated potassium channel protein 2, transcript variant X3
NC_068981.1	167796304	167796313	0.3532465696334839	NC_068981.1	167796116	167796608	LOC106883135	0	+	small conductance calcium-activated potassium channel protein 2, transcript variant X3
NC_068981.1	174030321	174030337	0.8988268375396729	NC_068981.1	174030289	174030901	LOC128249386	0	+	uncharacterized LOC128249386, transcript variant X1
NC_068981.1	174099843	174099860	0.552167534828186	NC_068981.1	174099834	174101612	LOC128249386	0	+	uncharacterized LOC128249386, transcript variant X3
NC_068981.1	180672817	180672833	0.8717519044876099	NC_068981.1	180672226	180673206	LOC106873025	0	+	folylpolyglutamate synthase, mitochondrial, transcript variant X2
NC_068981.1	181810270	181810277	0.327962189912796	NC_068981.1	181810121	181810340	LOC106872705	0	+	ceramide synthase 6, transcript variant X2
NC_068981.1	185996414	185996431	0.7178669571876526	NC_068981.1	185996345	185997509	LOC106879245	0	+	uncharacterized LOC106879245, transcript variant X3
NC_068981.1	185996414	185996431	0.7178669571876526	NC_068981.1	185996350	185997565	LOC106879245	0	+	uncharacterized LOC106879245, transcript variant X1
NC_068981.1	185996414	185996431	0.7178669571876526	NC_068981.1	185996350	185997565	LOC106879245	0	+	uncharacterized LOC106879245, transcript variant X2
NC_068981.1	185996414	185996431	0.7178669571876526	NC_068981.1	185996346	185996848	LOC106879245	0	+	uncharacterized LOC106879245, transcript variant X6
NC_068981.1	185997400	185997414	0.4858333468437195	NC_068981.1	185996345	185997509	LOC106879245	0	+	uncharacterized LOC106879245, transcript variant X3
NC_068981.1	185997400	185997414	0.4858333468437195	NC_068981.1	185996350	185997565	LOC106879245	0	+	uncharacterized LOC106879245, transcript variant X1
NC_068981.1	185997400	185997414	0.4858333468437195	NC_068981.1	185996350	185997565	LOC106879245	0	+	uncharacterized LOC106879245, transcript variant X2
NC_068981.1	185997424	185997441	0.4655422270298004	NC_068981.1	185996345	185997509	LOC106879245	0	+	uncharacterized LOC106879245, transcript variant X3
NC_068981.1	185997424	185997441	0.4655422270298004	NC_068981.1	185996350	185997565	LOC106879245	0	+	uncharacterized LOC106879245, transcript variant X1
NC_068981.1	185997424	185997441	0.4655422270298004	NC_068981.1	185996350	185997565	LOC106879245	0	+	uncharacterized LOC106879245, transcript variant X2
NC_068981.1	185997447	185997463	0.42616015672683716	NC_068981.1	185996345	185997509	LOC106879245	0	+	uncharacterized LOC106879245, transcript variant X3
NC_068981.1	185997447	185997463	0.42616015672683716	NC_068981.1	185996350	185997565	LOC106879245	0	+	uncharacterized LOC106879245, transcript variant X1
NC_068981.1	185997447	185997463	0.42616015672683716	NC_068981.1	185996350	185997565	LOC106879245	0	+	uncharacterized LOC106879245, transcript variant X2
NC_068981.1	186012845	186012858	0.36712586879730225	NC_068981.1	186012364	186013088	LOC106879245	0	+	uncharacterized LOC106879245, transcript variant X5
NC_068981.1	199802649	199802672	0.7604124546051025	NC_068981.1	199802409	199803036	LOC106877327	0	+	zinc finger protein 271, transcript variant X1
NC_068981.1	199802649	199802672	0.7604124546051025	NC_068981.1	199802409	199803036	LOC106877327	0	+	zinc finger protein 271, transcript variant X4
NC_068982.1	512464	512481	0.4718310832977295	NC_068982.1	512446	512597	LOC106870751	0	+	lupus La protein
NC_068982.1	582229	582242	0.44600817561149597	NC_068982.1	582071	582614	LOC106870759	0	+	cadherin-87A
NC_068982.1	582243	582304	0.47308066487312317	NC_068982.1	582071	582614	LOC106870759	0	+	cadherin-87A
NC_068982.1	8670382	8670399	0.3006923198699951	NC_068982.1	8670190	8670874	LOC106876592	0	+	neuropeptide F receptor, transcript variant X2
NC_068982.1	37526382	37526399	0.4220634996891022	NC_068982.1	37526081	37526572	LOC106873456	0	+	actin-related protein 5, transcript variant X4
NC_068982.1	60530020	60530024	0.5532771348953247	NC_068982.1	60530020	60530940	LOC106869439	0	+	zinc finger protein basonuclin-2, transcript variant X1
NC_068982.1	60530020	60530024	0.5532771348953247	NC_068982.1	60530020	60530940	LOC106869439	0	+	zinc finger protein basonuclin-2, transcript variant X5
NC_068982.1	60530020	60530024	0.5532771348953247	NC_068982.1	60530020	60530945	LOC106869439	0	+	zinc finger protein basonuclin-2, transcript variant X3
NC_068982.1	65095774	65095783	0.3107326924800873	NC_068982.1	65094862	65096141	LOC106868679	0	+	uncharacterized LOC106868679, transcript variant X2
NC_068982.1	65095774	65095783	0.3107326924800873	NC_068982.1	65094863	65096141	LOC106868679	0	+	uncharacterized LOC106868679, transcript variant X1
NC_068982.1	66072835	66072849	0.7052768468856812	NC_068982.1	66072201	66073022	LOC106870396	0	+	carnitine O-palmitoyltransferase 1, liver isoform, transcript variant X2
NC_068982.1	68093519	68093524	0.4011920392513275	NC_068982.1	68093436	68093657	LOC106871674	0	+	uncharacterized LOC106871674, transcript variant X1
NC_068982.1	68093535	68093540	0.37301474809646606	NC_068982.1	68093436	68093657	LOC106871674	0	+	uncharacterized LOC106871674, transcript variant X1
NC_068982.1	77444049	77444071	0.331220418214798	NC_068982.1	77444044	77444378	LOC106882417	0	+	zinc finger protein 808
NC_068982.1	77444077	77444084	0.43995174765586853	NC_068982.1	77444044	77444378	LOC106882417	0	+	zinc finger protein 808
NC_068982.1	77444094	77444101	0.3008001148700714	NC_068982.1	77444044	77444378	LOC106882417	0	+	zinc finger protein 808
NC_068982.1	77711255	77711276	0.9117655754089355	NC_068982.1	77711253	77711337	LOC106868410	0	+	exostosin-2
NC_068982.1	89084287	89084301	0.3165135383605957	NC_068982.1	89083563	89084991	LOC106874449	0	+	alpha-1A adrenergic receptor
NC_068982.1	94650431	94650440	0.47462591528892517	NC_068982.1	94649887	94651453	LOC106883318	0	+	uncharacterized LOC106883318, transcript variant X9
NC_068982.1	94650431	94650440	0.47462591528892517	NC_068982.1	94649887	94651453	LOC106883318	0	+	uncharacterized LOC106883318, transcript variant X1
NC_068982.1	94650431	94650440	0.47462591528892517	NC_068982.1	94649887	94651453	LOC106883318	0	+	uncharacterized LOC106883318, transcript variant X7
NC_068982.1	94650431	94650440	0.47462591528892517	NC_068982.1	94649887	94651453	LOC106883318	0	+	uncharacterized LOC106883318, transcript variant X8
NC_068982.1	94650431	94650440	0.47462591528892517	NC_068982.1	94649887	94651453	LOC106883318	0	+	uncharacterized LOC106883318, transcript variant X2
NC_068982.1	94650431	94650440	0.47462591528892517	NC_068982.1	94649887	94651453	LOC106883318	0	+	uncharacterized LOC106883318, transcript variant X5
NC_068982.1	94650431	94650440	0.47462591528892517	NC_068982.1	94649887	94651453	LOC106883318	0	+	uncharacterized LOC106883318, transcript variant X10
NC_068982.1	94650431	94650440	0.47462591528892517	NC_068982.1	94649887	94651453	LOC106883318	0	+	uncharacterized LOC106883318, transcript variant X4
NC_068982.1	94650431	94650440	0.47462591528892517	NC_068982.1	94649887	94651453	LOC106883318	0	+	uncharacterized LOC106883318, transcript variant X6
NC_068982.1	94650431	94650440	0.47462591528892517	NC_068982.1	94649887	94651453	LOC106883318	0	+	uncharacterized LOC106883318, transcript variant X3
NC_068982.1	94650549	94650554	0.3556705117225647	NC_068982.1	94649887	94651453	LOC106883318	0	+	uncharacterized LOC106883318, transcript variant X9
NC_068982.1	94650549	94650554	0.3556705117225647	NC_068982.1	94649887	94651453	LOC106883318	0	+	uncharacterized LOC106883318, transcript variant X1
NC_068982.1	94650549	94650554	0.3556705117225647	NC_068982.1	94649887	94651453	LOC106883318	0	+	uncharacterized LOC106883318, transcript variant X7
NC_068982.1	94650549	94650554	0.3556705117225647	NC_068982.1	94649887	94651453	LOC106883318	0	+	uncharacterized LOC106883318, transcript variant X8
NC_068982.1	94650549	94650554	0.3556705117225647	NC_068982.1	94649887	94651453	LOC106883318	0	+	uncharacterized LOC106883318, transcript variant X2
NC_068982.1	94650549	94650554	0.3556705117225647	NC_068982.1	94649887	94651453	LOC106883318	0	+	uncharacterized LOC106883318, transcript variant X5
NC_068982.1	94650549	94650554	0.3556705117225647	NC_068982.1	94649887	94651453	LOC106883318	0	+	uncharacterized LOC106883318, transcript variant X10
NC_068982.1	94650549	94650554	0.3556705117225647	NC_068982.1	94649887	94651453	LOC106883318	0	+	uncharacterized LOC106883318, transcript variant X4
NC_068982.1	94650549	94650554	0.3556705117225647	NC_068982.1	94649887	94651453	LOC106883318	0	+	uncharacterized LOC106883318, transcript variant X6
NC_068982.1	94650549	94650554	0.3556705117225647	NC_068982.1	94649887	94651453	LOC106883318	0	+	uncharacterized LOC106883318, transcript variant X3
NC_068982.1	94650563	94650571	0.2960115969181061	NC_068982.1	94649887	94651453	LOC106883318	0	+	uncharacterized LOC106883318, transcript variant X9
NC_068982.1	94650563	94650571	0.2960115969181061	NC_068982.1	94649887	94651453	LOC106883318	0	+	uncharacterized LOC106883318, transcript variant X1
NC_068982.1	94650563	94650571	0.2960115969181061	NC_068982.1	94649887	94651453	LOC106883318	0	+	uncharacterized LOC106883318, transcript variant X7
NC_068982.1	94650563	94650571	0.2960115969181061	NC_068982.1	94649887	94651453	LOC106883318	0	+	uncharacterized LOC106883318, transcript variant X8
NC_068982.1	94650563	94650571	0.2960115969181061	NC_068982.1	94649887	94651453	LOC106883318	0	+	uncharacterized LOC106883318, transcript variant X2
NC_068982.1	94650563	94650571	0.2960115969181061	NC_068982.1	94649887	94651453	LOC106883318	0	+	uncharacterized LOC106883318, transcript variant X5
NC_068982.1	94650563	94650571	0.2960115969181061	NC_068982.1	94649887	94651453	LOC106883318	0	+	uncharacterized LOC106883318, transcript variant X10
NC_068982.1	94650563	94650571	0.2960115969181061	NC_068982.1	94649887	94651453	LOC106883318	0	+	uncharacterized LOC106883318, transcript variant X4
NC_068982.1	94650563	94650571	0.2960115969181061	NC_068982.1	94649887	94651453	LOC106883318	0	+	uncharacterized LOC106883318, transcript variant X6
NC_068982.1	94650563	94650571	0.2960115969181061	NC_068982.1	94649887	94651453	LOC106883318	0	+	uncharacterized LOC106883318, transcript variant X3
NC_068982.1	95956793	95956813	0.8757764101028442	NC_068982.1	95956749	95957534	LOC106873212	0	+	zinc finger protein OZF, transcript variant X1
NC_068982.1	95956978	95956995	0.8811760544776917	NC_068982.1	95956749	95957534	LOC106873212	0	+	zinc finger protein OZF, transcript variant X1
NC_068982.1	105373282	105373290	0.31472089886665344	NC_068982.1	105373266	105375189	LOC106870387	0	+	tetraspanin-33, transcript variant X3
NC_068982.1	105373282	105373290	0.31472089886665344	NC_068982.1	105373265	105373637	LOC106870387	0	+	tetraspanin-33, transcript variant X2
NC_068982.1	105373537	105373586	0.3438594937324524	NC_068982.1	105373266	105375189	LOC106870387	0	+	tetraspanin-33, transcript variant X3
NC_068982.1	105373537	105373586	0.3438594937324524	NC_068982.1	105373265	105373637	LOC106870387	0	+	tetraspanin-33, transcript variant X2
NC_068982.1	105373587	105373593	0.2806224524974823	NC_068982.1	105373266	105375189	LOC106870387	0	+	tetraspanin-33, transcript variant X3
NC_068982.1	105373587	105373593	0.2806224524974823	NC_068982.1	105373265	105373637	LOC106870387	0	+	tetraspanin-33, transcript variant X2
NC_068982.1	105374316	105374325	0.3951042592525482	NC_068982.1	105373266	105375189	LOC106870387	0	+	tetraspanin-33, transcript variant X3
NC_068982.1	105374382	105374411	0.6657723188400269	NC_068982.1	105373266	105375189	LOC106870387	0	+	tetraspanin-33, transcript variant X3
NC_068982.1	105374692	105374704	0.5757786631584167	NC_068982.1	105373266	105375189	LOC106870387	0	+	tetraspanin-33, transcript variant X3
NC_068982.1	113862083	113862100	0.6107190847396851	NC_068982.1	113862083	113863668	LOC106871173	0	+	innexin unc-9, transcript variant X2
NC_068982.1	113862394	113862414	0.6540567874908447	NC_068982.1	113862083	113863668	LOC106871173	0	+	innexin unc-9, transcript variant X2
NC_068982.1	133642062	133642067	0.3448255956172943	NC_068982.1	133642038	133642857	LOC106880133	0	+	uncharacterized LOC106880133, transcript variant X7
NC_068982.1	133642068	133642076	0.40409600734710693	NC_068982.1	133642038	133642857	LOC106880133	0	+	uncharacterized LOC106880133, transcript variant X7
NC_068982.1	134310286	134310303	0.45015501976013184	NC_068982.1	134310134	134310975	LOC106873486	0	+	putative uncharacterized protein DDB_G0284695, transcript variant X2
NC_068982.1	134310286	134310303	0.45015501976013184	NC_068982.1	134310135	134310975	LOC106873486	0	+	putative uncharacterized protein DDB_G0284695, transcript variant X1
NC_068982.1	134310286	134310303	0.45015501976013184	NC_068982.1	134310134	134310975	LOC106873486	0	+	putative uncharacterized protein DDB_G0284695, transcript variant X3
NC_068982.1	142188420	142188426	0.5067431926727295	NC_068982.1	142188183	142188738	LOC128247032	0	+	glutamate receptor ionotropic, NMDA 2B-like, transcript variant X2
NC_068982.1	142188420	142188426	0.5067431926727295	NC_068982.1	142188183	142188738	LOC128247032	0	+	glutamate receptor ionotropic, NMDA 2B-like, transcript variant X8
NC_068982.1	142188420	142188426	0.5067431926727295	NC_068982.1	142188183	142188738	LOC128247032	0	+	glutamate receptor ionotropic, NMDA 2B-like, transcript variant X1
NC_068982.1	142188420	142188426	0.5067431926727295	NC_068982.1	142188183	142188738	LOC128247032	0	+	glutamate receptor ionotropic, NMDA 2B-like, transcript variant X6
NC_068982.1	142188420	142188426	0.5067431926727295	NC_068982.1	142188183	142188738	LOC128247032	0	+	glutamate receptor ionotropic, NMDA 2B-like, transcript variant X7
NC_068982.1	148268488	148268495	0.38767099380493164	NC_068982.1	148268405	148268685	LOC106883112	0	+	solute carrier organic anion transporter family member 1B1, transcript variant X1
NC_068982.1	154645740	154645757	0.5594790577888489	NC_068982.1	154645549	154645834	LOC106878238	0	+	uncharacterized LOC106878238, transcript variant X1
NC_068982.1	161447120	161447127	0.31163641810417175	NC_068982.1	161447006	161447211	LOC106871728	0	+	heterochromatin protein 1-binding protein 3, transcript variant X1
NC_068982.1	168228664	168228688	0.787635326385498	NC_068982.1	168227541	168228757	LOC106869336	0	+	5-hydroxytryptamine receptor 4, transcript variant X11
NC_068982.1	168228664	168228688	0.787635326385498	NC_068982.1	168227541	168228757	LOC106869336	0	+	5-hydroxytryptamine receptor 4, transcript variant X10
NC_068982.1	168228664	168228688	0.787635326385498	NC_068982.1	168227541	168232152	LOC106869336	0	+	5-hydroxytryptamine receptor 4, transcript variant X9
NC_068982.1	168228664	168228688	0.787635326385498	NC_068982.1	168227541	168232152	LOC106869336	0	+	5-hydroxytryptamine receptor 4, transcript variant X8
NC_068982.1	168229169	168229174	0.33051273226737976	NC_068982.1	168227541	168232152	LOC106869336	0	+	5-hydroxytryptamine receptor 4, transcript variant X9
NC_068982.1	168229169	168229174	0.33051273226737976	NC_068982.1	168227541	168232152	LOC106869336	0	+	5-hydroxytryptamine receptor 4, transcript variant X8
NC_068982.1	168229950	168229998	0.5990567803382874	NC_068982.1	168227541	168232152	LOC106869336	0	+	5-hydroxytryptamine receptor 4, transcript variant X9
NC_068982.1	168229950	168229998	0.5990567803382874	NC_068982.1	168227541	168232152	LOC106869336	0	+	5-hydroxytryptamine receptor 4, transcript variant X8
NC_068982.1	187016296	187016306	0.8190657496452332	NC_068982.1	187016275	187016426	LOC106874819	0	+	transcription initiation factor TFIID subunit 12, transcript variant X1
NC_068982.1	187016296	187016306	0.8190657496452332	NC_068982.1	187016275	187016426	LOC106874819	0	+	transcription initiation factor TFIID subunit 12, transcript variant X2
NC_068982.1	187886310	187886326	0.4147787094116211	NC_068982.1	187886291	187886424	LOC106872928	0	+	uncharacterized LOC106872928, transcript variant X2
NC_068982.1	187886310	187886326	0.4147787094116211	NC_068982.1	187886287	187886746	LOC106872928	0	+	uncharacterized LOC106872928, transcript variant X3
NC_068982.1	187886310	187886326	0.4147787094116211	NC_068982.1	187886285	187886746	LOC106872928	0	+	uncharacterized LOC106872928, transcript variant X1
NC_068982.1	187886310	187886326	0.4147787094116211	NC_068982.1	187886294	187886424	LOC106872928	0	+	uncharacterized LOC106872928, transcript variant X5
NC_068982.1	188231752	188231785	0.795533299446106	NC_068982.1	188231540	188232121	LOC106873697	0	+	uncharacterized LOC106873697
NC_068982.1	188231840	188231884	0.9018651843070984	NC_068982.1	188231540	188232121	LOC106873697	0	+	uncharacterized LOC106873697
NC_068983.1	6717093	6717098	0.3490414619445801	NC_068983.1	6717061	6717166	LOC106884019	0	+	nascent polypeptide-associated complex subunit alpha
NC_068983.1	7596672	7596678	0.45107558369636536	NC_068983.1	7596672	7596812	LOC106882033	0	+	replication factor C subunit 4
NC_068983.1	17259845	17259883	0.4322323501110077	NC_068983.1	17259728	17260562	LOC106873507	0	+	growth hormone secretagogue receptor type 1
NC_068983.1	20379962	20379968	0.39183464646339417	NC_068983.1	20379651	20380090	LOC106884261	0	+	inactive histone-lysine N-methyltransferase 2E, transcript variant X2
NC_068983.1	22064527	22064528	0.40692973136901855	NC_068983.1	22064527	22065543	LOC106879193	0	+	crossover junction endonuclease MUS81, transcript variant X2
NC_068983.1	22064722	22064736	0.7054404020309448	NC_068983.1	22064528	22065543	LOC106879193	0	+	crossover junction endonuclease MUS81, transcript variant X4
NC_068983.1	22064722	22064736	0.7054404020309448	NC_068983.1	22064527	22065543	LOC106879193	0	+	crossover junction endonuclease MUS81, transcript variant X2
NC_068983.1	37516027	37516030	0.42126861214637756	NC_068983.1	37516027	37516250	LOC106878845	0	+	guanine nucleotide-binding protein subunit beta, transcript variant X1
NC_068983.1	37854979	37854982	0.6391958594322205	NC_068983.1	37854979	37855771	LOC106875592	0	+	ceramide glucosyltransferase 2
NC_068983.1	54828361	54828368	0.39144816994667053	NC_068983.1	54828096	54828951	LOC106879863	0	+	dual 3',5'-cyclic-AMP and -GMP phosphodiesterase 11, transcript variant X2
NC_068983.1	54828361	54828368	0.39144816994667053	NC_068983.1	54828096	54829974	LOC106879863	0	+	dual 3',5'-cyclic-AMP and -GMP phosphodiesterase 11, transcript variant X1
NC_068983.1	54828375	54828386	0.38326579332351685	NC_068983.1	54828096	54828951	LOC106879863	0	+	dual 3',5'-cyclic-AMP and -GMP phosphodiesterase 11, transcript variant X2
NC_068983.1	54828375	54828386	0.38326579332351685	NC_068983.1	54828096	54829974	LOC106879863	0	+	dual 3',5'-cyclic-AMP and -GMP phosphodiesterase 11, transcript variant X1
NC_068983.1	99484557	99484562	0.41284114122390747	NC_068983.1	99484140	99485371	LOC106881722	0	+	uncharacterized LOC106881722, transcript variant X2
NC_068983.1	99484557	99484562	0.41284114122390747	NC_068983.1	99484140	99485371	LOC106881722	0	+	uncharacterized LOC106881722, transcript variant X1
NC_068983.1	99484564	99484573	0.37695205211639404	NC_068983.1	99484140	99485371	LOC106881722	0	+	uncharacterized LOC106881722, transcript variant X2
NC_068983.1	99484564	99484573	0.37695205211639404	NC_068983.1	99484140	99485371	LOC106881722	0	+	uncharacterized LOC106881722, transcript variant X1
NC_068983.1	105541201	105541208	0.4056408703327179	NC_068983.1	105541112	105541412	LOC106879213	0	+	AP-1 complex subunit gamma-1, transcript variant X9
NC_068983.1	105541201	105541208	0.4056408703327179	NC_068983.1	105541112	105541586	LOC106879213	0	+	AP-1 complex subunit gamma-1, transcript variant X10
NC_068983.1	105541201	105541208	0.4056408703327179	NC_068983.1	105541112	105541412	LOC106879213	0	+	AP-1 complex subunit gamma-1, transcript variant X5
NC_068983.1	105541201	105541208	0.4056408703327179	NC_068983.1	105541113	105541412	LOC106879213	0	+	AP-1 complex subunit gamma-1, transcript variant X11
NC_068983.1	105541201	105541208	0.4056408703327179	NC_068983.1	105541112	105541586	LOC106879213	0	+	AP-1 complex subunit gamma-1, transcript variant X7
NC_068983.1	105541201	105541208	0.4056408703327179	NC_068983.1	105541112	105541412	LOC106879213	0	+	AP-1 complex subunit gamma-1, transcript variant X8
NC_068983.1	105541201	105541208	0.4056408703327179	NC_068983.1	105541112	105541586	LOC106879213	0	+	AP-1 complex subunit gamma-1, transcript variant X6
NC_068983.1	105541215	105541224	0.3501753509044647	NC_068983.1	105541112	105541412	LOC106879213	0	+	AP-1 complex subunit gamma-1, transcript variant X9
NC_068983.1	105541215	105541224	0.3501753509044647	NC_068983.1	105541112	105541586	LOC106879213	0	+	AP-1 complex subunit gamma-1, transcript variant X10
NC_068983.1	105541215	105541224	0.3501753509044647	NC_068983.1	105541112	105541412	LOC106879213	0	+	AP-1 complex subunit gamma-1, transcript variant X5
NC_068983.1	105541215	105541224	0.3501753509044647	NC_068983.1	105541113	105541412	LOC106879213	0	+	AP-1 complex subunit gamma-1, transcript variant X11
NC_068983.1	105541215	105541224	0.3501753509044647	NC_068983.1	105541112	105541586	LOC106879213	0	+	AP-1 complex subunit gamma-1, transcript variant X7
NC_068983.1	105541215	105541224	0.3501753509044647	NC_068983.1	105541112	105541412	LOC106879213	0	+	AP-1 complex subunit gamma-1, transcript variant X8
NC_068983.1	105541215	105541224	0.3501753509044647	NC_068983.1	105541112	105541586	LOC106879213	0	+	AP-1 complex subunit gamma-1, transcript variant X6
NC_068983.1	118010774	118010807	0.5197089910507202	NC_068983.1	118010613	118011148	LOC106879221	0	+	tetraspanin-18, transcript variant X2
NC_068983.1	118010808	118010815	0.43760690093040466	NC_068983.1	118010613	118011148	LOC106879221	0	+	tetraspanin-18, transcript variant X2
NC_068983.1	123334543	123334576	0.36280471086502075	NC_068983.1	123334473	123334851	LOC106881710	0	+	uncharacterized LOC106881710, transcript variant X1
NC_068983.1	123334543	123334576	0.36280471086502075	NC_068983.1	123334473	123334851	LOC106881710	0	+	uncharacterized LOC106881710, transcript variant X2
NC_068983.1	123334591	123334596	0.34394651651382446	NC_068983.1	123334473	123334851	LOC106881710	0	+	uncharacterized LOC106881710, transcript variant X1
NC_068983.1	123334591	123334596	0.34394651651382446	NC_068983.1	123334473	123334851	LOC106881710	0	+	uncharacterized LOC106881710, transcript variant X2
NC_068983.1	123334610	123334628	0.4872435927391052	NC_068983.1	123334473	123334851	LOC106881710	0	+	uncharacterized LOC106881710, transcript variant X1
NC_068983.1	123334610	123334628	0.4872435927391052	NC_068983.1	123334473	123334851	LOC106881710	0	+	uncharacterized LOC106881710, transcript variant X2
NC_068983.1	132674797	132674807	0.4839012026786804	NC_068983.1	132674790	132676031	LOC106871529	0	+	dopamine receptor 2, transcript variant X3
NC_068983.1	132674797	132674807	0.4839012026786804	NC_068983.1	132674790	132676031	LOC106871529	0	+	dopamine receptor 2, transcript variant X4
NC_068983.1	132674797	132674807	0.4839012026786804	NC_068983.1	132674790	132676031	LOC106871529	0	+	dopamine receptor 2, transcript variant X1
NC_068983.1	132674817	132674850	0.5598709583282471	NC_068983.1	132674790	132676031	LOC106871529	0	+	dopamine receptor 2, transcript variant X3
NC_068983.1	132674817	132674850	0.5598709583282471	NC_068983.1	132674790	132676031	LOC106871529	0	+	dopamine receptor 2, transcript variant X4
NC_068983.1	132674817	132674850	0.5598709583282471	NC_068983.1	132674790	132676031	LOC106871529	0	+	dopamine receptor 2, transcript variant X1
NC_068983.1	132674918	132674938	0.5768998265266418	NC_068983.1	132674790	132676031	LOC106871529	0	+	dopamine receptor 2, transcript variant X3
NC_068983.1	132674918	132674938	0.5768998265266418	NC_068983.1	132674790	132676031	LOC106871529	0	+	dopamine receptor 2, transcript variant X4
NC_068983.1	132674918	132674938	0.5768998265266418	NC_068983.1	132674790	132676031	LOC106871529	0	+	dopamine receptor 2, transcript variant X1
NC_068983.1	132675178	132675187	0.48083460330963135	NC_068983.1	132674790	132676031	LOC106871529	0	+	dopamine receptor 2, transcript variant X3
NC_068983.1	132675178	132675187	0.48083460330963135	NC_068983.1	132674790	132676031	LOC106871529	0	+	dopamine receptor 2, transcript variant X4
NC_068983.1	132675178	132675187	0.48083460330963135	NC_068983.1	132674790	132676031	LOC106871529	0	+	dopamine receptor 2, transcript variant X1
NC_068983.1	132675213	132675218	0.3030044436454773	NC_068983.1	132674790	132676031	LOC106871529	0	+	dopamine receptor 2, transcript variant X3
NC_068983.1	132675213	132675218	0.3030044436454773	NC_068983.1	132674790	132676031	LOC106871529	0	+	dopamine receptor 2, transcript variant X4
NC_068983.1	132675213	132675218	0.3030044436454773	NC_068983.1	132674790	132676031	LOC106871529	0	+	dopamine receptor 2, transcript variant X1
NC_068983.1	135788526	135788560	0.8091046214103699	NC_068983.1	135788441	135788971	LOC106872010	0	+	aldehyde dehydrogenase, dimeric NADP-preferring, transcript variant X3
NC_068983.1	135788561	135788643	0.8056299090385437	NC_068983.1	135788441	135788971	LOC106872010	0	+	aldehyde dehydrogenase, dimeric NADP-preferring, transcript variant X3
NC_068983.1	137510557	137510563	0.3768956959247589	NC_068983.1	137510293	137510887	LOC106877741	0	+	uncharacterized LOC106877741, transcript variant X3
NC_068983.1	137510557	137510563	0.3768956959247589	NC_068983.1	137510292	137510887	LOC106877741	0	+	uncharacterized LOC106877741, transcript variant X1
NC_068983.1	163735397	163735411	0.3641250431537628	NC_068983.1	163734885	163735531	LOC106875235	0	+	follistatin-related protein 5, transcript variant X1
NC_068983.1	163735434	163735486	0.7597099542617798	NC_068983.1	163734885	163735531	LOC106875235	0	+	follistatin-related protein 5, transcript variant X1
NC_068984.1	1859073	1859091	0.6106048822402954	NC_068984.1	1859057	1859249	LOC106869043	0	+	LHFPL tetraspan subfamily member 3 protein, transcript variant X1
NC_068984.1	2745877	2745902	0.7337817549705505	NC_068984.1	2745777	2746462	LOC106870014	0	+	serine-rich adhesin for platelets, transcript variant X1
NC_068984.1	2745877	2745902	0.7337817549705505	NC_068984.1	2745777	2746462	LOC106870014	0	+	serine-rich adhesin for platelets, transcript variant X2
NC_068984.1	2745929	2745975	0.7008060216903687	NC_068984.1	2745777	2746462	LOC106870014	0	+	serine-rich adhesin for platelets, transcript variant X1
NC_068984.1	2745929	2745975	0.7008060216903687	NC_068984.1	2745777	2746462	LOC106870014	0	+	serine-rich adhesin for platelets, transcript variant X2
NC_068984.1	2746006	2746036	0.7219505310058594	NC_068984.1	2745777	2746462	LOC106870014	0	+	serine-rich adhesin for platelets, transcript variant X1
NC_068984.1	2746006	2746036	0.7219505310058594	NC_068984.1	2745777	2746462	LOC106870014	0	+	serine-rich adhesin for platelets, transcript variant X2
NC_068984.1	2746070	2746094	0.7268645763397217	NC_068984.1	2745777	2746462	LOC106870014	0	+	serine-rich adhesin for platelets, transcript variant X1
NC_068984.1	2746070	2746094	0.7268645763397217	NC_068984.1	2745777	2746462	LOC106870014	0	+	serine-rich adhesin for platelets, transcript variant X2
NC_068984.1	2952504	2952518	0.5084418654441833	NC_068984.1	2952180	2953784	LOC106870014	0	+	serine-rich adhesin for platelets, transcript variant X3
NC_068984.1	2952957	2952962	0.3935851454734802	NC_068984.1	2952180	2953784	LOC106870014	0	+	serine-rich adhesin for platelets, transcript variant X3
NC_068984.1	2953141	2953152	0.3915896415710449	NC_068984.1	2952180	2953784	LOC106870014	0	+	serine-rich adhesin for platelets, transcript variant X3
NC_068984.1	2953184	2953219	0.8172034025192261	NC_068984.1	2952180	2953784	LOC106870014	0	+	serine-rich adhesin for platelets, transcript variant X3
NC_068984.1	16412417	16412418	0.6614518761634827	NC_068984.1	16412417	16412583	LOC106883437	0	+	uncharacterized LOC106883437, transcript variant X4
NC_068984.1	16412420	16412490	0.7457690834999084	NC_068984.1	16412417	16412583	LOC106883437	0	+	uncharacterized LOC106883437, transcript variant X4
NC_068984.1	16412420	16412490	0.7457690834999084	NC_068984.1	16412418	16412583	LOC106883437	0	+	uncharacterized LOC106883437, transcript variant X1
NC_068984.1	16418408	16418418	0.32551637291908264	NC_068984.1	16418375	16418467	LOC106883437	0	+	uncharacterized LOC106883437, transcript variant X2
NC_068984.1	16629983	16630030	0.6962602734565735	NC_068984.1	16629778	16630250	LOC106875197	0	+	reelin
NC_068984.1	21448963	21448978	0.6196088194847107	NC_068984.1	21448897	21448998	LOC106883818	0	+	protein FAM50A
NC_068984.1	22975202	22975209	0.28293460607528687	NC_068984.1	22975178	22975424	LOC106876760	0	+	serine/threonine-protein phosphatase 6 regulatory ankyrin repeat subunit C, transcript variant X6
NC_068984.1	22975202	22975209	0.28293460607528687	NC_068984.1	22975179	22975424	LOC106876760	0	+	serine/threonine-protein phosphatase 6 regulatory ankyrin repeat subunit C, transcript variant X2
NC_068984.1	22995474	22995479	0.32991114258766174	NC_068984.1	22995439	22996138	LOC106876760	0	+	serine/threonine-protein phosphatase 6 regulatory ankyrin repeat subunit C, transcript variant X7
NC_068984.1	22995474	22995479	0.32991114258766174	NC_068984.1	22995452	22996138	LOC106876760	0	+	serine/threonine-protein phosphatase 6 regulatory ankyrin repeat subunit C, transcript variant X4
NC_068984.1	22995474	22995479	0.32991114258766174	NC_068984.1	22995438	22996138	LOC106876760	0	+	serine/threonine-protein phosphatase 6 regulatory ankyrin repeat subunit C, transcript variant X8
NC_068984.1	23488854	23488860	0.4062367379665375	NC_068984.1	23488787	23488878	LOC106882808	0	+	chitobiosyldiphosphodolichol beta-mannosyltransferase, transcript variant X4
NC_068984.1	23488871	23488878	0.3307143449783325	NC_068984.1	23488787	23488878	LOC106882808	0	+	chitobiosyldiphosphodolichol beta-mannosyltransferase, transcript variant X4
NC_068984.1	38053708	38053724	0.4084908366203308	NC_068984.1	38053636	38054360	LOC106878643	0	+	serine/threonine-protein kinase 11-interacting protein, transcript variant X3
NC_068984.1	49496616	49496634	0.7618783116340637	NC_068984.1	49496557	49497095	LOC106881251	0	+	zinc finger protein 729, transcript variant X1
NC_068984.1	49496642	49496655	0.45321691036224365	NC_068984.1	49496557	49497095	LOC106881251	0	+	zinc finger protein 729, transcript variant X1
NC_068984.1	49496908	49496924	0.7907004356384277	NC_068984.1	49496557	49497095	LOC106881251	0	+	zinc finger protein 729, transcript variant X1
NC_068984.1	57773068	57773087	0.47554853558540344	NC_068984.1	57768829	57773119	LOC106874710	0	+	zinc finger protein OZF, transcript variant X6
NC_068984.1	58842193	58842207	0.4813935458660126	NC_068984.1	58842095	58842383	LOC106881796	0	+	regulator of G-protein signaling 17, transcript variant X12
NC_068984.1	58842193	58842207	0.4813935458660126	NC_068984.1	58842093	58842383	LOC106881796	0	+	regulator of G-protein signaling 17, transcript variant X13
NC_068984.1	58842193	58842207	0.4813935458660126	NC_068984.1	58842091	58842383	LOC106881796	0	+	regulator of G-protein signaling 17, transcript variant X1
NC_068984.1	58842193	58842207	0.4813935458660126	NC_068984.1	58842091	58842383	LOC106881796	0	+	regulator of G-protein signaling 17, transcript variant X11
NC_068984.1	77555113	77555129	0.8143993616104126	NC_068984.1	77554114	77555318	LOC106876165	0	+	mucin-5AC, transcript variant X3
NC_068984.1	77567471	77567478	0.334252268075943	NC_068984.1	77566976	77567668	LOC106876165	0	+	mucin-5AC, transcript variant X2
NC_068984.1	78678696	78678703	0.38044223189353943	NC_068984.1	78678694	78678894	LOC106877928	0	+	kelch-like protein 9, transcript variant X7
NC_068984.1	94533300	94533325	0.9333288073539734	NC_068984.1	94533075	94533766	LOC106872580	0	+	serine/threonine-protein kinase Nek4, transcript variant X3
NC_068984.1	94533300	94533325	0.9333288073539734	NC_068984.1	94533076	94533766	LOC106872580	0	+	serine/threonine-protein kinase Nek4, transcript variant X5
NC_068984.1	94533300	94533325	0.9333288073539734	NC_068984.1	94533077	94533766	LOC106872580	0	+	serine/threonine-protein kinase Nek4, transcript variant X6
NC_068984.1	94533300	94533325	0.9333288073539734	NC_068984.1	94533078	94533766	LOC106872580	0	+	serine/threonine-protein kinase Nek4, transcript variant X7
NC_068984.1	94533300	94533325	0.9333288073539734	NC_068984.1	94533077	94533766	LOC106872580	0	+	serine/threonine-protein kinase Nek4, transcript variant X4
NC_068984.1	94533300	94533325	0.9333288073539734	NC_068984.1	94533080	94533766	LOC106872580	0	+	serine/threonine-protein kinase Nek4, transcript variant X1
NC_068984.1	94533300	94533325	0.9333288073539734	NC_068984.1	94533079	94533762	LOC106872580	0	+	serine/threonine-protein kinase Nek4, transcript variant X2
NC_068984.1	101420177	101420192	0.33774659037590027	NC_068984.1	101420037	101420327	LOC106878788	0	+	heterogeneous nuclear ribonucleoprotein R, transcript variant X1
NC_068984.1	105364017	105364033	0.6535808444023132	NC_068984.1	105363315	105364162	LOC106872728	0	+	zinc finger autosomal protein, transcript variant X2
NC_068984.1	105364017	105364033	0.6535808444023132	NC_068984.1	105363316	105364158	LOC106872728	0	+	zinc finger autosomal protein, transcript variant X1
NC_068984.1	112292607	112292636	0.7971951961517334	NC_068984.1	112292571	112293485	LOC106878542	0	+	myocyte-specific enhancer factor 2C, transcript variant X1
NC_068984.1	112292607	112292636	0.7971951961517334	NC_068984.1	112292578	112293485	LOC106878542	0	+	myocyte-specific enhancer factor 2C, transcript variant X3
NC_068984.1	112292669	112292713	0.8153043389320374	NC_068984.1	112292571	112293485	LOC106878542	0	+	myocyte-specific enhancer factor 2C, transcript variant X1
NC_068984.1	112292669	112292713	0.8153043389320374	NC_068984.1	112292578	112293485	LOC106878542	0	+	myocyte-specific enhancer factor 2C, transcript variant X3
NC_068984.1	112292792	112292813	0.7207104563713074	NC_068984.1	112292571	112293485	LOC106878542	0	+	myocyte-specific enhancer factor 2C, transcript variant X1
NC_068984.1	112292792	112292813	0.7207104563713074	NC_068984.1	112292578	112293485	LOC106878542	0	+	myocyte-specific enhancer factor 2C, transcript variant X3
NC_068984.1	112292871	112292895	0.7847180962562561	NC_068984.1	112292571	112293485	LOC106878542	0	+	myocyte-specific enhancer factor 2C, transcript variant X1
NC_068984.1	112292871	112292895	0.7847180962562561	NC_068984.1	112292578	112293485	LOC106878542	0	+	myocyte-specific enhancer factor 2C, transcript variant X3
NC_068984.1	112292901	112292939	0.6692187190055847	NC_068984.1	112292571	112293485	LOC106878542	0	+	myocyte-specific enhancer factor 2C, transcript variant X1
NC_068984.1	112292901	112292939	0.6692187190055847	NC_068984.1	112292578	112293485	LOC106878542	0	+	myocyte-specific enhancer factor 2C, transcript variant X3
NC_068984.1	121652508	121652514	0.2769405245780945	NC_068984.1	121652508	121653133	LOC106880303	0	+	putative glycerol kinase 5, transcript variant X1
NC_068984.1	131848886	131848904	0.8268693685531616	NC_068984.1	131848706	131849664	LOC106876440	0	+	zinc finger protein 236, transcript variant X5
NC_068984.1	144372197	144372217	0.5826065540313721	NC_068984.1	144372127	144372412	LOC106881919	0	+	uncharacterized LOC106881919, transcript variant X2
NC_068984.1	145955434	145955479	0.8177624344825745	NC_068984.1	145955343	145956029	LOC106873644	0	+	calcium-binding mitochondrial carrier protein SCaMC-1
NC_068984.1	145955486	145955526	0.8871018290519714	NC_068984.1	145955343	145956029	LOC106873644	0	+	calcium-binding mitochondrial carrier protein SCaMC-1
NC_068984.1	145955527	145955587	0.8165937066078186	NC_068984.1	145955343	145956029	LOC106873644	0	+	calcium-binding mitochondrial carrier protein SCaMC-1
NC_068984.1	146961323	146961328	0.45383793115615845	NC_068984.1	146961269	146961946	LOC106884251	0	+	RNA-binding protein 24-A, transcript variant X5
NC_068984.1	146961323	146961328	0.45383793115615845	NC_068984.1	146961269	146961946	LOC106884251	0	+	RNA-binding protein 24-A, transcript variant X4
NC_068985.1	40551	40570	0.41874513030052185	NC_068985.1	40143	40600	LOC106873773	0	+	E3 ubiquitin-protein ligase MIB2, transcript variant X3
NC_068985.1	7861966	7861983	0.8003142476081848	NC_068985.1	7861401	7862138	LOC106868704	0	+	ubiquitin carboxyl-terminal hydrolase 36, transcript variant X1
NC_068985.1	7861966	7861983	0.8003142476081848	NC_068985.1	7861400	7862138	LOC106868704	0	+	ubiquitin carboxyl-terminal hydrolase 36, transcript variant X2
NC_068985.1	7994546	7994559	0.7308196425437927	NC_068985.1	7994501	7995473	LOC106871940	0	+	galactoside alpha-(1,2)-fucosyltransferase 2, transcript variant X2
NC_068985.1	7994546	7994559	0.7308196425437927	NC_068985.1	7994501	7995473	LOC106871940	0	+	galactoside alpha-(1,2)-fucosyltransferase 2, transcript variant X6
NC_068985.1	7994546	7994559	0.7308196425437927	NC_068985.1	7994501	7995473	LOC106871940	0	+	galactoside alpha-(1,2)-fucosyltransferase 2, transcript variant X1
NC_068985.1	7994546	7994559	0.7308196425437927	NC_068985.1	7994501	7995473	LOC106871940	0	+	galactoside alpha-(1,2)-fucosyltransferase 2, transcript variant X5
NC_068985.1	7994546	7994559	0.7308196425437927	NC_068985.1	7994501	7995473	LOC106871940	0	+	galactoside alpha-(1,2)-fucosyltransferase 2, transcript variant X4
NC_068985.1	18218713	18218735	0.48048391938209534	NC_068985.1	18218555	18218760	LOC106871753	0	+	uncharacterized LOC106871753, transcript variant X3
NC_068985.1	19748346	19748351	0.32900846004486084	NC_068985.1	19748315	19748491	LOC106875803	0	+	phospholipid-transporting ATPase ABCA3
NC_068985.1	19748378	19748383	0.3658446669578552	NC_068985.1	19748315	19748491	LOC106875803	0	+	phospholipid-transporting ATPase ABCA3
NC_068985.1	21952209	21952229	0.900571346282959	NC_068985.1	21952209	21952789	LOC106883081	0	+	BTB/POZ domain-containing protein 17, transcript variant X3
NC_068985.1	21952219	21952229	0.900571346282959	NC_068985.1	21952219	21952789	LOC106883081	0	+	BTB/POZ domain-containing protein 17, transcript variant X1
NC_068985.1	28542824	28542846	0.6366819739341736	NC_068985.1	28542101	28543310	LOC106868349	0	+	cell adhesion molecule Dscam2, transcript variant X1
NC_068985.1	28542824	28542846	0.6366819739341736	NC_068985.1	28542102	28543310	LOC106868349	0	+	cell adhesion molecule Dscam2, transcript variant X2
NC_068985.1	28542866	28542906	0.8356044888496399	NC_068985.1	28542101	28543310	LOC106868349	0	+	cell adhesion molecule Dscam2, transcript variant X1
NC_068985.1	28542866	28542906	0.8356044888496399	NC_068985.1	28542102	28543310	LOC106868349	0	+	cell adhesion molecule Dscam2, transcript variant X2
NC_068985.1	28543040	28543075	0.8857243061065674	NC_068985.1	28542101	28543310	LOC106868349	0	+	cell adhesion molecule Dscam2, transcript variant X1
NC_068985.1	28543040	28543075	0.8857243061065674	NC_068985.1	28542102	28543310	LOC106868349	0	+	cell adhesion molecule Dscam2, transcript variant X2
NC_068985.1	28543129	28543157	0.8662503361701965	NC_068985.1	28542101	28543310	LOC106868349	0	+	cell adhesion molecule Dscam2, transcript variant X1
NC_068985.1	28543129	28543157	0.8662503361701965	NC_068985.1	28542102	28543310	LOC106868349	0	+	cell adhesion molecule Dscam2, transcript variant X2
NC_068985.1	29611174	29611190	0.8788625001907349	NC_068985.1	29610900	29611344	LOC106874827	0	+	probable thiopurine S-methyltransferase, transcript variant X4
NC_068985.1	29611174	29611190	0.8788625001907349	NC_068985.1	29611120	29611344	LOC106874827	0	+	probable thiopurine S-methyltransferase, transcript variant X3
NC_068985.1	29611174	29611190	0.8788625001907349	NC_068985.1	29610916	29611344	LOC106874827	0	+	probable thiopurine S-methyltransferase, transcript variant X1
NC_068985.1	31224270	31224301	0.4360770583152771	NC_068985.1	31224165	31224305	LOC106867863	0	+	uncharacterized LOC106867863, transcript variant X1
NC_068985.1	31224270	31224301	0.4360770583152771	NC_068985.1	31224165	31224305	LOC106867863	0	+	uncharacterized LOC106867863, transcript variant X4
NC_068985.1	31224270	31224301	0.4360770583152771	NC_068985.1	31224165	31224305	LOC106867863	0	+	uncharacterized LOC106867863, transcript variant X5
NC_068985.1	34832925	34833017	0.9652313590049744	NC_068985.1	34831178	34833579	LOC106879981	0	+	uncharacterized LOC106879981, transcript variant X2
NC_068985.1	34832925	34833017	0.9652313590049744	NC_068985.1	34831178	34833579	LOC106879981	0	+	uncharacterized LOC106879981, transcript variant X1
NC_068985.1	34832925	34833017	0.9652313590049744	NC_068985.1	34831178	34833579	LOC106879981	0	+	uncharacterized LOC106879981, transcript variant X5
NC_068985.1	34832925	34833017	0.9652313590049744	NC_068985.1	34831178	34833579	LOC106879981	0	+	uncharacterized LOC106879981, transcript variant X4
NC_068985.1	39693229	39693286	0.7945492267608643	NC_068985.1	39693148	39693933	LOC106874097	0	+	putative uncharacterized protein DDB_G0291812, transcript variant X4
NC_068985.1	39693229	39693286	0.7945492267608643	NC_068985.1	39693144	39693933	LOC106874097	0	+	putative uncharacterized protein DDB_G0291812, transcript variant X3
NC_068985.1	39693229	39693286	0.7945492267608643	NC_068985.1	39693147	39693933	LOC106874097	0	+	putative uncharacterized protein DDB_G0291812, transcript variant X1
NC_068985.1	39693229	39693286	0.7945492267608643	NC_068985.1	39693147	39693933	LOC106874097	0	+	putative uncharacterized protein DDB_G0291812, transcript variant X2
NC_068985.1	39693542	39693581	0.6071187257766724	NC_068985.1	39693148	39693933	LOC106874097	0	+	putative uncharacterized protein DDB_G0291812, transcript variant X4
NC_068985.1	39693542	39693581	0.6071187257766724	NC_068985.1	39693144	39693933	LOC106874097	0	+	putative uncharacterized protein DDB_G0291812, transcript variant X3
NC_068985.1	39693542	39693581	0.6071187257766724	NC_068985.1	39693147	39693933	LOC106874097	0	+	putative uncharacterized protein DDB_G0291812, transcript variant X1
NC_068985.1	39693542	39693581	0.6071187257766724	NC_068985.1	39693147	39693933	LOC106874097	0	+	putative uncharacterized protein DDB_G0291812, transcript variant X2
NC_068985.1	39693615	39693634	0.48374301195144653	NC_068985.1	39693148	39693933	LOC106874097	0	+	putative uncharacterized protein DDB_G0291812, transcript variant X4
NC_068985.1	39693615	39693634	0.48374301195144653	NC_068985.1	39693144	39693933	LOC106874097	0	+	putative uncharacterized protein DDB_G0291812, transcript variant X3
NC_068985.1	39693615	39693634	0.48374301195144653	NC_068985.1	39693147	39693933	LOC106874097	0	+	putative uncharacterized protein DDB_G0291812, transcript variant X1
NC_068985.1	39693615	39693634	0.48374301195144653	NC_068985.1	39693147	39693933	LOC106874097	0	+	putative uncharacterized protein DDB_G0291812, transcript variant X2
NC_068985.1	39693745	39693753	0.3687251806259155	NC_068985.1	39693148	39693933	LOC106874097	0	+	putative uncharacterized protein DDB_G0291812, transcript variant X4
NC_068985.1	39693745	39693753	0.3687251806259155	NC_068985.1	39693144	39693933	LOC106874097	0	+	putative uncharacterized protein DDB_G0291812, transcript variant X3
NC_068985.1	39693745	39693753	0.3687251806259155	NC_068985.1	39693147	39693933	LOC106874097	0	+	putative uncharacterized protein DDB_G0291812, transcript variant X1
NC_068985.1	39693745	39693753	0.3687251806259155	NC_068985.1	39693147	39693933	LOC106874097	0	+	putative uncharacterized protein DDB_G0291812, transcript variant X2
NC_068985.1	39693757	39693765	0.3322497010231018	NC_068985.1	39693148	39693933	LOC106874097	0	+	putative uncharacterized protein DDB_G0291812, transcript variant X4
NC_068985.1	39693757	39693765	0.3322497010231018	NC_068985.1	39693144	39693933	LOC106874097	0	+	putative uncharacterized protein DDB_G0291812, transcript variant X3
NC_068985.1	39693757	39693765	0.3322497010231018	NC_068985.1	39693147	39693933	LOC106874097	0	+	putative uncharacterized protein DDB_G0291812, transcript variant X1
NC_068985.1	39693757	39693765	0.3322497010231018	NC_068985.1	39693147	39693933	LOC106874097	0	+	putative uncharacterized protein DDB_G0291812, transcript variant X2
NC_068985.1	55272935	55272951	0.5546649098396301	NC_068985.1	55272825	55272973	LOC106870012	0	+	ATP synthase-coupling factor 6, mitochondrial
NC_068985.1	57458461	57458492	0.6059135794639587	NC_068985.1	57457546	57459794	LOC106868231	0	+	D(2) dopamine receptor, transcript variant X9
NC_068985.1	57458461	57458492	0.6059135794639587	NC_068985.1	57457546	57459794	LOC106868231	0	+	D(2) dopamine receptor, transcript variant X3
NC_068985.1	57458570	57458593	0.7443798184394836	NC_068985.1	57457546	57459794	LOC106868231	0	+	D(2) dopamine receptor, transcript variant X9
NC_068985.1	57458570	57458593	0.7443798184394836	NC_068985.1	57457546	57459794	LOC106868231	0	+	D(2) dopamine receptor, transcript variant X3
NC_068985.1	57458597	57458616	0.520850419998169	NC_068985.1	57457546	57459794	LOC106868231	0	+	D(2) dopamine receptor, transcript variant X9
NC_068985.1	57458597	57458616	0.520850419998169	NC_068985.1	57457546	57459794	LOC106868231	0	+	D(2) dopamine receptor, transcript variant X3
NC_068985.1	57458636	57458702	0.6753222942352295	NC_068985.1	57457546	57459794	LOC106868231	0	+	D(2) dopamine receptor, transcript variant X9
NC_068985.1	57458636	57458702	0.6753222942352295	NC_068985.1	57457546	57459794	LOC106868231	0	+	D(2) dopamine receptor, transcript variant X3
NC_068985.1	64694724	64694739	0.7865353226661682	NC_068985.1	64694531	64695106	LOC106881524	0	+	zinc finger protein 271, transcript variant X4
NC_068985.1	64694724	64694739	0.7865353226661682	NC_068985.1	64694531	64695106	LOC106881524	0	+	zinc finger protein 271, transcript variant X3
NC_068985.1	64694724	64694739	0.7865353226661682	NC_068985.1	64694531	64695774	LOC106881524	0	+	zinc finger protein 271, transcript variant X2
NC_068985.1	72439071	72439107	0.5835098028182983	NC_068985.1	72438801	72439143	LOC106876214	0	+	vacuolar protein-sorting-associated protein 36, transcript variant X4
NC_068985.1	102120576	102120587	0.43660640716552734	NC_068985.1	102120104	102121058	LOC106876426	0	+	uncharacterized LOC106876426, transcript variant X4
NC_068985.1	102120576	102120587	0.43660640716552734	NC_068985.1	102120104	102121058	LOC106876426	0	+	uncharacterized LOC106876426, transcript variant X2
NC_068985.1	102120576	102120587	0.43660640716552734	NC_068985.1	102120104	102121058	LOC106876426	0	+	uncharacterized LOC106876426, transcript variant X3
NC_068985.1	102120576	102120587	0.43660640716552734	NC_068985.1	102120104	102121058	LOC106876426	0	+	uncharacterized LOC106876426, transcript variant X1
NC_068985.1	102120576	102120587	0.43660640716552734	NC_068985.1	102120104	102121058	LOC106876426	0	+	uncharacterized LOC106876426, transcript variant X5
NC_068985.1	102120576	102120587	0.43660640716552734	NC_068985.1	102120104	102121058	LOC106876426	0	+	uncharacterized LOC106876426, transcript variant X6
NC_068985.1	102120590	102120602	0.3983163833618164	NC_068985.1	102120104	102121058	LOC106876426	0	+	uncharacterized LOC106876426, transcript variant X4
NC_068985.1	102120590	102120602	0.3983163833618164	NC_068985.1	102120104	102121058	LOC106876426	0	+	uncharacterized LOC106876426, transcript variant X2
NC_068985.1	102120590	102120602	0.3983163833618164	NC_068985.1	102120104	102121058	LOC106876426	0	+	uncharacterized LOC106876426, transcript variant X3
NC_068985.1	102120590	102120602	0.3983163833618164	NC_068985.1	102120104	102121058	LOC106876426	0	+	uncharacterized LOC106876426, transcript variant X1
NC_068985.1	102120590	102120602	0.3983163833618164	NC_068985.1	102120104	102121058	LOC106876426	0	+	uncharacterized LOC106876426, transcript variant X5
NC_068985.1	102120590	102120602	0.3983163833618164	NC_068985.1	102120104	102121058	LOC106876426	0	+	uncharacterized LOC106876426, transcript variant X6
NC_068985.1	102120622	102120631	0.39392656087875366	NC_068985.1	102120104	102121058	LOC106876426	0	+	uncharacterized LOC106876426, transcript variant X4
NC_068985.1	102120622	102120631	0.39392656087875366	NC_068985.1	102120104	102121058	LOC106876426	0	+	uncharacterized LOC106876426, transcript variant X2
NC_068985.1	102120622	102120631	0.39392656087875366	NC_068985.1	102120104	102121058	LOC106876426	0	+	uncharacterized LOC106876426, transcript variant X3
NC_068985.1	102120622	102120631	0.39392656087875366	NC_068985.1	102120104	102121058	LOC106876426	0	+	uncharacterized LOC106876426, transcript variant X1
NC_068985.1	102120622	102120631	0.39392656087875366	NC_068985.1	102120104	102121058	LOC106876426	0	+	uncharacterized LOC106876426, transcript variant X5
NC_068985.1	102120622	102120631	0.39392656087875366	NC_068985.1	102120104	102121058	LOC106876426	0	+	uncharacterized LOC106876426, transcript variant X6
NC_068985.1	110377803	110377812	0.403812438249588	NC_068985.1	110377765	110377856	LOC106873475	0	+	sulfate transporter, transcript variant X3
NC_068985.1	118634238	118634272	0.35123300552368164	NC_068985.1	118629683	118640347	LOC106882252	0	+	tetraspanin-5
NC_068985.1	119424643	119424668	0.368791401386261	NC_068985.1	119424514	119425625	LOC106868314	0	+	probable serine/threonine-protein kinase DDB_G0267686
NC_068985.1	119424681	119424697	0.4832765460014343	NC_068985.1	119424514	119425625	LOC106868314	0	+	probable serine/threonine-protein kinase DDB_G0267686
NC_068985.1	119425397	119425427	0.6179386973381042	NC_068985.1	119424514	119425625	LOC106868314	0	+	probable serine/threonine-protein kinase DDB_G0267686
NC_068985.1	119425430	119425453	0.6190279126167297	NC_068985.1	119424514	119425625	LOC106868314	0	+	probable serine/threonine-protein kinase DDB_G0267686
NC_068985.1	127461562	127461579	0.8500879406929016	NC_068985.1	127461241	127461586	LOC106876637	0	+	zinc finger protein 665, transcript variant X2
NC_068985.1	127463251	127463268	0.9011068344116211	NC_068985.1	127462895	127463614	LOC106876637	0	+	zinc finger protein 665, transcript variant X1
NC_068986.1	20416006	20416064	0.9344040155410767	NC_068986.1	20416002	20416312	LOC106875709	0	+	uncharacterized LOC106875709, transcript variant X2
NC_068986.1	20416006	20416064	0.9344040155410767	NC_068986.1	20415999	20416312	LOC106875709	0	+	uncharacterized LOC106875709, transcript variant X1
NC_068986.1	35483726	35483729	0.43507304787635803	NC_068986.1	35483726	35483829	LOC106870526	0	+	orexin receptor type 2, transcript variant X2
NC_068986.1	41208310	41208332	0.5110983848571777	NC_068986.1	41207275	41208669	LOC106882913	0	+	uncharacterized LOC106882913, transcript variant X2
NC_068986.1	49968727	49968749	0.9400314092636108	NC_068986.1	49968618	49969300	LOC106877926	0	+	uncharacterized LOC106877926, transcript variant X5
NC_068986.1	49968727	49968749	0.9400314092636108	NC_068986.1	49968615	49969300	LOC106877926	0	+	uncharacterized LOC106877926, transcript variant X1
NC_068986.1	55276618	55276633	0.6033257842063904	NC_068986.1	55276589	55276713	LOC106881730	0	+	60S acidic ribosomal protein P2
NC_068986.1	72220531	72220548	0.6335304379463196	NC_068986.1	72216833	72220711	LOC106873481	0	+	zinc finger protein 85, transcript variant X1
NC_068986.1	72220531	72220548	0.6335304379463196	NC_068986.1	72218425	72220711	LOC106873481	0	+	zinc finger protein 85, transcript variant X2
NC_068986.1	72220531	72220548	0.6335304379463196	NC_068986.1	72218425	72220711	LOC106873481	0	+	zinc finger protein 85, transcript variant X3
NC_068986.1	72220565	72220576	0.3867761790752411	NC_068986.1	72216833	72220711	LOC106873481	0	+	zinc finger protein 85, transcript variant X1
NC_068986.1	72220565	72220576	0.3867761790752411	NC_068986.1	72218425	72220711	LOC106873481	0	+	zinc finger protein 85, transcript variant X2
NC_068986.1	72220565	72220576	0.3867761790752411	NC_068986.1	72218425	72220711	LOC106873481	0	+	zinc finger protein 85, transcript variant X3
NC_068986.1	73092830	73092845	0.7927917242050171	NC_068986.1	73092631	73093123	LOC106873686	0	+	DNA fragmentation factor subunit alpha, transcript variant X3
NC_068986.1	83057744	83057751	0.438113272190094	NC_068986.1	83055297	83058021	LOC106871461	0	+	zinc finger protein 271, transcript variant X1
NC_068986.1	83057762	83057767	0.33984899520874023	NC_068986.1	83055297	83058021	LOC106871461	0	+	zinc finger protein 271, transcript variant X1
NC_068986.1	90077971	90077987	0.7405479550361633	NC_068986.1	90077801	90077995	LOC106869792	0	+	nuclear envelope integral membrane protein, transcript variant X1
NC_068986.1	90077971	90077987	0.7405479550361633	NC_068986.1	90077794	90077995	LOC106869792	0	+	nuclear envelope integral membrane protein, transcript variant X3
NC_068986.1	90077971	90077987	0.7405479550361633	NC_068986.1	90077793	90077995	LOC106869792	0	+	nuclear envelope integral membrane protein, transcript variant X2
NC_068986.1	92939383	92939386	0.503541111946106	NC_068986.1	92939383	92939550	LOC106876343	0	+	uncharacterized LOC106876343, transcript variant X6
NC_068986.1	92939382	92939386	0.503541111946106	NC_068986.1	92939382	92939550	LOC106876343	0	+	uncharacterized LOC106876343, transcript variant X2
NC_068986.1	92939383	92939386	0.503541111946106	NC_068986.1	92939383	92939550	LOC106876343	0	+	uncharacterized LOC106876343, transcript variant X5
NC_068986.1	92939382	92939386	0.503541111946106	NC_068986.1	92939382	92939550	LOC106876343	0	+	uncharacterized LOC106876343, transcript variant X1
NC_068986.1	93458915	93458933	0.39733919501304626	NC_068986.1	93458578	93459095	LOC106876344	0	+	UNC93-like protein
NC_068986.1	93458943	93458964	0.6579383015632629	NC_068986.1	93458578	93459095	LOC106876344	0	+	UNC93-like protein
NC_068986.1	96868766	96868782	0.6116862893104553	NC_068986.1	96868761	96869009	LOC106872546	0	+	zinc finger protein 728, transcript variant X2
NC_068986.1	96869121	96869139	0.9432432651519775	NC_068986.1	96869056	96869619	LOC106872546	0	+	zinc finger protein 728, transcript variant X1
NC_068986.1	106116577	106116592	0.7309566140174866	NC_068986.1	106116577	106116872	LOC106871985	0	+	FMRFamide receptor, transcript variant X6
NC_068986.1	106116577	106116592	0.7309566140174866	NC_068986.1	106116577	106116872	LOC106871985	0	+	FMRFamide receptor, transcript variant X2
NC_068986.1	106116577	106116592	0.7309566140174866	NC_068986.1	106116577	106116872	LOC106871985	0	+	FMRFamide receptor, transcript variant X11
NC_068986.1	106116618	106116630	0.3334704637527466	NC_068986.1	106116577	106116872	LOC106871985	0	+	FMRFamide receptor, transcript variant X6
NC_068986.1	106116618	106116630	0.3334704637527466	NC_068986.1	106116577	106116872	LOC106871985	0	+	FMRFamide receptor, transcript variant X2
NC_068986.1	106116618	106116630	0.3334704637527466	NC_068986.1	106116577	106116872	LOC106871985	0	+	FMRFamide receptor, transcript variant X11
NC_068986.1	106116706	106116714	0.35642725229263306	NC_068986.1	106116577	106116872	LOC106871985	0	+	FMRFamide receptor, transcript variant X6
NC_068986.1	106116706	106116714	0.35642725229263306	NC_068986.1	106116577	106116872	LOC106871985	0	+	FMRFamide receptor, transcript variant X2
NC_068986.1	106116706	106116714	0.35642725229263306	NC_068986.1	106116577	106116872	LOC106871985	0	+	FMRFamide receptor, transcript variant X11
NC_068987.1	338695	338700	0.41319721937179565	NC_068987.1	338661	338825	LOC106872233	0	+	uncharacterized LOC106872233, transcript variant X2
NC_068987.1	877314	877328	0.39855077862739563	NC_068987.1	877135	877564	LOC106877658	0	+	uncharacterized LOC106877658
NC_068987.1	877329	877335	0.27837637066841125	NC_068987.1	877135	877564	LOC106877658	0	+	uncharacterized LOC106877658
NC_068987.1	877348	877370	0.40989163517951965	NC_068987.1	877135	877564	LOC106877658	0	+	uncharacterized LOC106877658
NC_068987.1	877371	877383	0.3521818220615387	NC_068987.1	877135	877564	LOC106877658	0	+	uncharacterized LOC106877658
NC_068987.1	877398	877424	0.46137091517448425	NC_068987.1	877135	877564	LOC106877658	0	+	uncharacterized LOC106877658
NC_068987.1	3132668	3132674	0.4655025005340576	NC_068987.1	3132081	3132701	LOC106871569	0	+	zinc finger protein 271, transcript variant X1
NC_068987.1	4375160	4375216	0.9586842656135559	NC_068987.1	4374864	4375668	LOC106873584	0	+	CD9 antigen, transcript variant X2
NC_068987.1	4375160	4375216	0.9586842656135559	NC_068987.1	4374865	4375668	LOC106873584	0	+	CD9 antigen, transcript variant X1
NC_068987.1	4375376	4375391	0.32040712237358093	NC_068987.1	4374864	4375668	LOC106873584	0	+	CD9 antigen, transcript variant X2
NC_068987.1	4375376	4375391	0.32040712237358093	NC_068987.1	4374865	4375668	LOC106873584	0	+	CD9 antigen, transcript variant X1
NC_068987.1	6742302	6742312	0.34475913643836975	NC_068987.1	6739827	6743171	LOC106869300	0	+	uncharacterized LOC106869300, transcript variant X1
NC_068987.1	6742302	6742312	0.34475913643836975	NC_068987.1	6739830	6743171	LOC106869300	0	+	uncharacterized LOC106869300, transcript variant X6
NC_068987.1	6742302	6742312	0.34475913643836975	NC_068987.1	6739823	6743171	LOC106869300	0	+	uncharacterized LOC106869300, transcript variant X5
NC_068987.1	6742755	6742798	0.8422175645828247	NC_068987.1	6739827	6743171	LOC106869300	0	+	uncharacterized LOC106869300, transcript variant X1
NC_068987.1	6742755	6742798	0.8422175645828247	NC_068987.1	6739830	6743171	LOC106869300	0	+	uncharacterized LOC106869300, transcript variant X6
NC_068987.1	6742755	6742798	0.8422175645828247	NC_068987.1	6739823	6743171	LOC106869300	0	+	uncharacterized LOC106869300, transcript variant X5
NC_068987.1	6742916	6742939	0.5286209583282471	NC_068987.1	6739827	6743171	LOC106869300	0	+	uncharacterized LOC106869300, transcript variant X1
NC_068987.1	6742916	6742939	0.5286209583282471	NC_068987.1	6739830	6743171	LOC106869300	0	+	uncharacterized LOC106869300, transcript variant X6
NC_068987.1	6742916	6742939	0.5286209583282471	NC_068987.1	6739823	6743171	LOC106869300	0	+	uncharacterized LOC106869300, transcript variant X5
NC_068987.1	14260953	14260981	0.6380425691604614	NC_068987.1	14260905	14261221	LOC106871138	0	+	zinc finger protein 271, transcript variant X2
NC_068987.1	14260953	14260981	0.6380425691604614	NC_068987.1	14260905	14261895	LOC106871138	0	+	zinc finger protein 271, transcript variant X1
NC_068987.1	15912102	15912117	0.7254520058631897	NC_068987.1	15912026	15912348	LOC106873380	0	+	serine-rich adhesin for platelets, transcript variant X2
NC_068987.1	18441229	18441242	0.5467536449432373	NC_068987.1	18441203	18441402	LOC106876809	0	+	mitochondrial fission regulator 2, transcript variant X2
NC_068987.1	18443559	18443578	0.8737390637397766	NC_068987.1	18443557	18444106	LOC106876809	0	+	mitochondrial fission regulator 2, transcript variant X3
NC_068987.1	18443744	18443760	0.8573958277702332	NC_068987.1	18443557	18444106	LOC106876809	0	+	mitochondrial fission regulator 2, transcript variant X3
NC_068987.1	30102702	30102736	0.8774008750915527	NC_068987.1	30099977	30105287	LOC128248358	0	+	uncharacterized LOC128248358, transcript variant X5
NC_068987.1	62200060	62200073	0.4721951186656952	NC_068987.1	62200060	62200080	LOC106884524	0	+	39S ribosomal protein L22, mitochondrial, transcript variant X2
NC_068987.1	73705773	73705780	0.4072537422180176	NC_068987.1	73705479	73705878	LOC106867909	0	+	ionotropic receptor 25a, transcript variant X2
NC_068987.1	73705811	73705827	0.4164648652076721	NC_068987.1	73705479	73705878	LOC106867909	0	+	ionotropic receptor 25a, transcript variant X2
NC_068987.1	74988808	74988826	0.7596148252487183	NC_068987.1	74988800	74988848	LOC106878145	0	+	microcephalin, transcript variant X2
NC_068987.1	82795719	82795741	0.658065676689148	NC_068987.1	82795141	82796312	LOC128248394	0	+	uncharacterized LOC128248394, transcript variant X3
NC_068987.1	82795719	82795741	0.658065676689148	NC_068987.1	82795141	82796312	LOC128248394	0	+	uncharacterized LOC128248394, transcript variant X2
NC_068987.1	82795719	82795741	0.658065676689148	NC_068987.1	82795141	82796312	LOC128248394	0	+	uncharacterized LOC128248394, transcript variant X1
NC_068987.1	88882078	88882085	0.41502097249031067	NC_068987.1	88881695	88882209	LOC106870565	0	+	QRFP-like peptide receptor
NC_068987.1	94432373	94432396	0.38705775141716003	NC_068987.1	94432039	94434459	LOC106883309	0	+	teneurin-m, transcript variant X5
NC_068987.1	94432373	94432396	0.38705775141716003	NC_068987.1	94432039	94434459	LOC106883309	0	+	teneurin-m, transcript variant X4
NC_068987.1	94432373	94432396	0.38705775141716003	NC_068987.1	94432040	94434459	LOC106883309	0	+	teneurin-m, transcript variant X9
NC_068987.1	94432373	94432396	0.38705775141716003	NC_068987.1	94432039	94434459	LOC106883309	0	+	teneurin-m, transcript variant X7
NC_068987.1	94432373	94432396	0.38705775141716003	NC_068987.1	94432039	94434459	LOC106883309	0	+	teneurin-m, transcript variant X1
NC_068987.1	94432373	94432396	0.38705775141716003	NC_068987.1	94432041	94434459	LOC106883309	0	+	teneurin-m, transcript variant X11
NC_068987.1	94432373	94432396	0.38705775141716003	NC_068987.1	94432037	94434459	LOC106883309	0	+	teneurin-m, transcript variant X6
NC_068987.1	94432373	94432396	0.38705775141716003	NC_068987.1	94432041	94434459	LOC106883309	0	+	teneurin-m, transcript variant X12
NC_068987.1	94432373	94432396	0.38705775141716003	NC_068987.1	94432039	94434459	LOC106883309	0	+	teneurin-m, transcript variant X8
NC_068987.1	94432373	94432396	0.38705775141716003	NC_068987.1	94432039	94432561	LOC106883309	0	+	teneurin-m, transcript variant X2
NC_068987.1	94432373	94432396	0.38705775141716003	NC_068987.1	94432040	94434459	LOC106883309	0	+	teneurin-m, transcript variant X10
NC_068987.1	105202770	105202782	0.5772725939750671	NC_068987.1	105202770	105203414	LOC106879084	0	+	beta-1,4-mannosyltransferase egh, transcript variant X4
NC_068987.1	105202770	105202782	0.5772725939750671	NC_068987.1	105202770	105203680	LOC106879084	0	+	beta-1,4-mannosyltransferase egh, transcript variant X1
NC_068987.1	105202770	105202782	0.5772725939750671	NC_068987.1	105202770	105203680	LOC106879084	0	+	beta-1,4-mannosyltransferase egh, transcript variant X3
NC_068988.1	98467	98472	0.2962406575679779	NC_068988.1	97545	99150	LOC106871962	0	+	carbohydrate sulfotransferase 11
NC_068988.1	8192885	8192919	0.7945439219474792	NC_068988.1	8191927	8193988	LOC106872159	0	+	high affinity cAMP-specific 3',5'-cyclic phosphodiesterase 7A, transcript variant X2
NC_068988.1	8192885	8192919	0.7945439219474792	NC_068988.1	8191923	8193988	LOC106872159	0	+	high affinity cAMP-specific 3',5'-cyclic phosphodiesterase 7A, transcript variant X1
NC_068988.1	15242076	15242080	0.48064592480659485	NC_068988.1	15242076	15242230	LOC128248506	0	+	uncharacterized LOC128248506
NC_068988.1	37487580	37487601	0.9561617970466614	NC_068988.1	37487580	37487747	LOC106876098	0	+	putative acyl-CoA synthetase YngI, transcript variant X1
NC_068988.1	38643327	38643330	0.38770198822021484	NC_068988.1	38643327	38643526	LOC106884438	0	+	guanine nucleotide-binding protein subunit gamma-1, transcript variant X1
NC_068988.1	38643323	38643330	0.38770198822021484	NC_068988.1	38643323	38643526	LOC106884438	0	+	guanine nucleotide-binding protein subunit gamma-1, transcript variant X2
NC_068988.1	39883816	39883856	0.797775149345398	NC_068988.1	39883744	39885164	LOC106883669	0	+	uncharacterized LOC106883669, transcript variant X3
NC_068988.1	39883816	39883856	0.797775149345398	NC_068988.1	39883744	39885164	LOC106883669	0	+	uncharacterized LOC106883669, transcript variant X1
NC_068988.1	39883816	39883856	0.797775149345398	NC_068988.1	39883741	39885164	LOC106883669	0	+	uncharacterized LOC106883669, transcript variant X2
NC_068988.1	49959132	49959137	0.39674821496009827	NC_068988.1	49957920	49959753	LOC106880564	0	+	adhesion G protein-coupled receptor L2, transcript variant X2
NC_068988.1	49959132	49959137	0.39674821496009827	NC_068988.1	49957920	49959753	LOC106880564	0	+	adhesion G protein-coupled receptor L2, transcript variant X3
NC_068988.1	50270543	50270551	0.517809271812439	NC_068988.1	50270353	50270836	LOC106880564	0	+	adhesion G protein-coupled receptor L2, transcript variant X1
NC_068988.1	50270543	50270551	0.517809271812439	NC_068988.1	50270353	50270836	LOC106880564	0	+	adhesion G protein-coupled receptor L2, transcript variant X6
NC_068988.1	50270543	50270551	0.517809271812439	NC_068988.1	50270354	50270836	LOC106880564	0	+	adhesion G protein-coupled receptor L2, transcript variant X7
NC_068988.1	50270543	50270551	0.517809271812439	NC_068988.1	50270353	50270836	LOC106880564	0	+	adhesion G protein-coupled receptor L2, transcript variant X4
NC_068988.1	50270556	50270567	0.4137328863143921	NC_068988.1	50270353	50270836	LOC106880564	0	+	adhesion G protein-coupled receptor L2, transcript variant X1
NC_068988.1	50270556	50270567	0.4137328863143921	NC_068988.1	50270353	50270836	LOC106880564	0	+	adhesion G protein-coupled receptor L2, transcript variant X6
NC_068988.1	50270556	50270567	0.4137328863143921	NC_068988.1	50270354	50270836	LOC106880564	0	+	adhesion G protein-coupled receptor L2, transcript variant X7
NC_068988.1	50270556	50270567	0.4137328863143921	NC_068988.1	50270353	50270836	LOC106880564	0	+	adhesion G protein-coupled receptor L2, transcript variant X4
NC_068988.1	50280354	50280388	0.5970603823661804	NC_068988.1	50280110	50280887	LOC106880564	0	+	adhesion G protein-coupled receptor L2, transcript variant X5
NC_068988.1	58342523	58342566	0.4871439039707184	NC_068988.1	58342435	58342779	LOC106881277	0	+	amine oxidase [flavin-containing]
NC_068988.1	58342649	58342675	0.3743308484554291	NC_068988.1	58342435	58342779	LOC106881277	0	+	amine oxidase [flavin-containing]
NC_068988.1	65250436	65250448	0.4329531192779541	NC_068988.1	65250414	65250692	LOC106878497	0	+	zinc finger protein 260, transcript variant X1
NC_068988.1	65250436	65250448	0.4329531192779541	NC_068988.1	65250414	65250692	LOC106878497	0	+	zinc finger protein 260, transcript variant X2
NC_068988.1	75845840	75845845	0.25236475467681885	NC_068988.1	75845450	75845845	LOC106880998	0	+	protein PIF, transcript variant X3
NC_068988.1	91477728	91477732	0.4190536439418793	NC_068988.1	91477728	91480639	LOC106874583	0	+	putative mediator of RNA polymerase II transcription subunit 26, transcript variant X6
NC_068988.1	92843033	92843051	0.40859711170196533	NC_068988.1	92842996	92843153	LOC106874573	0	+	medium-chain acyl-CoA ligase ACSF2, mitochondrial, transcript variant X2
NC_068988.1	93682842	93682869	0.7076061964035034	NC_068988.1	93682751	93683459	LOC106869520	0	+	transcription cofactor vestigial-like protein 2, transcript variant X2
NC_068988.1	93682887	93682907	0.6149173974990845	NC_068988.1	93682751	93683459	LOC106869520	0	+	transcription cofactor vestigial-like protein 2, transcript variant X2
NC_068988.1	93684534	93684575	0.8782310485839844	NC_068988.1	93684534	93684628	LOC106869520	0	+	transcription cofactor vestigial-like protein 2, transcript variant X3
NC_068988.1	93684608	93684621	0.5633160471916199	NC_068988.1	93684534	93684628	LOC106869520	0	+	transcription cofactor vestigial-like protein 2, transcript variant X3
NC_068988.1	97457373	97457406	0.49709850549697876	NC_068988.1	97457342	97458444	LOC106872559	0	+	homeobox protein 5, transcript variant X1
NC_068988.1	97457552	97457567	0.6959813833236694	NC_068988.1	97457342	97458444	LOC106872559	0	+	homeobox protein 5, transcript variant X1
NC_068988.1	97457654	97457671	0.4136480391025543	NC_068988.1	97457342	97458444	LOC106872559	0	+	homeobox protein 5, transcript variant X1
NC_068989.1	4300651	4300670	0.8276013135910034	NC_068989.1	4300651	4301212	LOC106883685	0	+	chitin synthase chs-2, transcript variant X9
NC_068989.1	4300651	4300670	0.8276013135910034	NC_068989.1	4300651	4301212	LOC106883685	0	+	chitin synthase chs-2, transcript variant X2
NC_068989.1	4300651	4300670	0.8276013135910034	NC_068989.1	4300651	4301212	LOC106883685	0	+	chitin synthase chs-2, transcript variant X1
NC_068989.1	4300651	4300670	0.8276013135910034	NC_068989.1	4300651	4301212	LOC106883685	0	+	chitin synthase chs-2, transcript variant X8
NC_068989.1	4300692	4300710	0.830355167388916	NC_068989.1	4300651	4301212	LOC106883685	0	+	chitin synthase chs-2, transcript variant X9
NC_068989.1	4300692	4300710	0.830355167388916	NC_068989.1	4300651	4301212	LOC106883685	0	+	chitin synthase chs-2, transcript variant X2
NC_068989.1	4300692	4300710	0.830355167388916	NC_068989.1	4300651	4301212	LOC106883685	0	+	chitin synthase chs-2, transcript variant X1
NC_068989.1	4300692	4300710	0.830355167388916	NC_068989.1	4300651	4301212	LOC106883685	0	+	chitin synthase chs-2, transcript variant X8
NC_068989.1	4300826	4300846	0.8642615079879761	NC_068989.1	4300651	4301212	LOC106883685	0	+	chitin synthase chs-2, transcript variant X9
NC_068989.1	4300826	4300846	0.8642615079879761	NC_068989.1	4300651	4301212	LOC106883685	0	+	chitin synthase chs-2, transcript variant X2
NC_068989.1	4300826	4300846	0.8642615079879761	NC_068989.1	4300651	4301212	LOC106883685	0	+	chitin synthase chs-2, transcript variant X1
NC_068989.1	4300826	4300846	0.8642615079879761	NC_068989.1	4300651	4301212	LOC106883685	0	+	chitin synthase chs-2, transcript variant X8
NC_068989.1	10640213	10640224	0.406130313873291	NC_068989.1	10639902	10640581	LOC106877344	0	+	uncharacterized LOC106877344, transcript variant X1
NC_068989.1	10640213	10640224	0.406130313873291	NC_068989.1	10639902	10640577	LOC106877344	0	+	uncharacterized LOC106877344, transcript variant X2
NC_068989.1	16189349	16189354	0.38186365365982056	NC_068989.1	16188921	16189529	LOC106876900	0	+	calcitonin gene-related peptide type 1 receptor
NC_068989.1	16189471	16189476	0.3455274701118469	NC_068989.1	16188921	16189529	LOC106876900	0	+	calcitonin gene-related peptide type 1 receptor
NC_068989.1	16881786	16881804	0.8620059490203857	NC_068989.1	16881684	16882089	LOC106881703	0	+	zinc finger protein 239, transcript variant X4
NC_068989.1	16881856	16881867	0.6671102046966553	NC_068989.1	16881684	16882089	LOC106881703	0	+	zinc finger protein 239, transcript variant X4
NC_068989.1	16882026	16882041	0.8690815567970276	NC_068989.1	16881684	16882089	LOC106881703	0	+	zinc finger protein 239, transcript variant X4
NC_068989.1	18520688	18520706	0.5831764936447144	NC_068989.1	18520576	18521085	LOC106868091	0	+	LHFPL tetraspan subfamily member 2a protein
NC_068989.1	18520813	18520832	0.6537521481513977	NC_068989.1	18520576	18521085	LOC106868091	0	+	LHFPL tetraspan subfamily member 2a protein
NC_068989.1	19491180	19491194	0.4912816882133484	NC_068989.1	19491037	19491534	LOC106876199	0	+	uncharacterized LOC106876199, transcript variant X1
NC_068989.1	24214860	24214927	0.5657027959823608	NC_068989.1	24214693	24214963	LOC106884214	0	+	uncharacterized LOC106884214, transcript variant X1
NC_068989.1	24216699	24216759	0.45083189010620117	NC_068989.1	24216564	24217061	LOC106884214	0	+	uncharacterized LOC106884214, transcript variant X3
NC_068989.1	27365355	27365366	0.3131422698497772	NC_068989.1	27363981	27365833	LOC106877599	0	+	probable G-protein coupled receptor CG31760, transcript variant X4
NC_068989.1	27365355	27365366	0.3131422698497772	NC_068989.1	27363982	27365833	LOC106877599	0	+	probable G-protein coupled receptor CG31760, transcript variant X2
NC_068989.1	27365355	27365366	0.3131422698497772	NC_068989.1	27363982	27365833	LOC106877599	0	+	probable G-protein coupled receptor CG31760, transcript variant X1
NC_068989.1	27365355	27365366	0.3131422698497772	NC_068989.1	27363982	27365833	LOC106877599	0	+	probable G-protein coupled receptor CG31760, transcript variant X3
NC_068989.1	28426712	28426752	0.7051471471786499	NC_068989.1	28426077	28428554	LOC106877599	0	+	probable G-protein coupled receptor CG31760, transcript variant X5
NC_068989.1	28426712	28426752	0.7051471471786499	NC_068989.1	28426077	28428554	LOC106877599	0	+	probable G-protein coupled receptor CG31760, transcript variant X2
NC_068989.1	28426712	28426752	0.7051471471786499	NC_068989.1	28426077	28428554	LOC106877599	0	+	probable G-protein coupled receptor CG31760, transcript variant X1
NC_068989.1	28426712	28426752	0.7051471471786499	NC_068989.1	28426077	28428554	LOC106877599	0	+	probable G-protein coupled receptor CG31760, transcript variant X3
NC_068989.1	40592488	40592497	0.30739253759384155	NC_068989.1	40591668	40592995	LOC106872657	0	+	QRFP-like peptide receptor
NC_068989.1	73245220	73245233	0.40260279178619385	NC_068989.1	73245201	73245281	LOC106882886	0	+	tRNA pseudouridine synthase-like 1, transcript variant X1
NC_068989.1	85369021	85369043	0.6651729345321655	NC_068989.1	85368749	85375062	LOC106869539	0	+	RNA-binding protein 45
NC_068989.1	86133123	86133175	0.5953068137168884	NC_068989.1	86133054	86133237	LOC106882755	0	+	bifunctional coenzyme A synthase, transcript variant X4
NC_068990.1	3240321	3240342	0.779286801815033	NC_068990.1	3240233	3242458	LOC106869052	0	+	neuronal acetylcholine receptor subunit alpha-3, transcript variant X3
NC_068990.1	3240321	3240342	0.779286801815033	NC_068990.1	3240233	3242458	LOC106869052	0	+	neuronal acetylcholine receptor subunit alpha-3, transcript variant X1
NC_068990.1	3240321	3240342	0.779286801815033	NC_068990.1	3240233	3242458	LOC106869052	0	+	neuronal acetylcholine receptor subunit alpha-3, transcript variant X2
NC_068990.1	3240321	3240342	0.779286801815033	NC_068990.1	3240233	3242458	LOC106869052	0	+	neuronal acetylcholine receptor subunit alpha-3, transcript variant X4
NC_068990.1	3240352	3240368	0.7437970638275146	NC_068990.1	3240233	3242458	LOC106869052	0	+	neuronal acetylcholine receptor subunit alpha-3, transcript variant X3
NC_068990.1	3240352	3240368	0.7437970638275146	NC_068990.1	3240233	3242458	LOC106869052	0	+	neuronal acetylcholine receptor subunit alpha-3, transcript variant X1
NC_068990.1	3240352	3240368	0.7437970638275146	NC_068990.1	3240233	3242458	LOC106869052	0	+	neuronal acetylcholine receptor subunit alpha-3, transcript variant X2
NC_068990.1	3240352	3240368	0.7437970638275146	NC_068990.1	3240233	3242458	LOC106869052	0	+	neuronal acetylcholine receptor subunit alpha-3, transcript variant X4
NC_068990.1	3240500	3240531	0.5279552936553955	NC_068990.1	3240233	3242458	LOC106869052	0	+	neuronal acetylcholine receptor subunit alpha-3, transcript variant X3
NC_068990.1	3240500	3240531	0.5279552936553955	NC_068990.1	3240233	3242458	LOC106869052	0	+	neuronal acetylcholine receptor subunit alpha-3, transcript variant X1
NC_068990.1	3240500	3240531	0.5279552936553955	NC_068990.1	3240233	3242458	LOC106869052	0	+	neuronal acetylcholine receptor subunit alpha-3, transcript variant X2
NC_068990.1	3240500	3240531	0.5279552936553955	NC_068990.1	3240233	3242458	LOC106869052	0	+	neuronal acetylcholine receptor subunit alpha-3, transcript variant X4
NC_068990.1	3240532	3240552	0.40577730536460876	NC_068990.1	3240233	3242458	LOC106869052	0	+	neuronal acetylcholine receptor subunit alpha-3, transcript variant X3
NC_068990.1	3240532	3240552	0.40577730536460876	NC_068990.1	3240233	3242458	LOC106869052	0	+	neuronal acetylcholine receptor subunit alpha-3, transcript variant X1
NC_068990.1	3240532	3240552	0.40577730536460876	NC_068990.1	3240233	3242458	LOC106869052	0	+	neuronal acetylcholine receptor subunit alpha-3, transcript variant X2
NC_068990.1	3240532	3240552	0.40577730536460876	NC_068990.1	3240233	3242458	LOC106869052	0	+	neuronal acetylcholine receptor subunit alpha-3, transcript variant X4
NC_068990.1	3240841	3240857	0.5009630918502808	NC_068990.1	3240233	3242458	LOC106869052	0	+	neuronal acetylcholine receptor subunit alpha-3, transcript variant X3
NC_068990.1	3240841	3240857	0.5009630918502808	NC_068990.1	3240233	3242458	LOC106869052	0	+	neuronal acetylcholine receptor subunit alpha-3, transcript variant X1
NC_068990.1	3240841	3240857	0.5009630918502808	NC_068990.1	3240233	3242458	LOC106869052	0	+	neuronal acetylcholine receptor subunit alpha-3, transcript variant X2
NC_068990.1	3240841	3240857	0.5009630918502808	NC_068990.1	3240233	3242458	LOC106869052	0	+	neuronal acetylcholine receptor subunit alpha-3, transcript variant X4
NC_068990.1	3241806	3241848	0.8635537028312683	NC_068990.1	3240233	3242458	LOC106869052	0	+	neuronal acetylcholine receptor subunit alpha-3, transcript variant X3
NC_068990.1	3241806	3241848	0.8635537028312683	NC_068990.1	3240233	3242458	LOC106869052	0	+	neuronal acetylcholine receptor subunit alpha-3, transcript variant X1
NC_068990.1	3241806	3241848	0.8635537028312683	NC_068990.1	3240233	3242458	LOC106869052	0	+	neuronal acetylcholine receptor subunit alpha-3, transcript variant X2
NC_068990.1	3241806	3241848	0.8635537028312683	NC_068990.1	3240233	3242458	LOC106869052	0	+	neuronal acetylcholine receptor subunit alpha-3, transcript variant X4
NC_068990.1	3241945	3241988	0.45850473642349243	NC_068990.1	3240233	3242458	LOC106869052	0	+	neuronal acetylcholine receptor subunit alpha-3, transcript variant X3
NC_068990.1	3241945	3241988	0.45850473642349243	NC_068990.1	3240233	3242458	LOC106869052	0	+	neuronal acetylcholine receptor subunit alpha-3, transcript variant X1
NC_068990.1	3241945	3241988	0.45850473642349243	NC_068990.1	3240233	3242458	LOC106869052	0	+	neuronal acetylcholine receptor subunit alpha-3, transcript variant X2
NC_068990.1	3241945	3241988	0.45850473642349243	NC_068990.1	3240233	3242458	LOC106869052	0	+	neuronal acetylcholine receptor subunit alpha-3, transcript variant X4
NC_068990.1	12175428	12175439	0.391825795173645	NC_068990.1	12175428	12175936	LOC106869227	0	+	dorsal-ventral patterning tolloid-like protein 1, transcript variant X10
NC_068990.1	12175429	12175439	0.391825795173645	NC_068990.1	12175429	12175936	LOC106869227	0	+	dorsal-ventral patterning tolloid-like protein 1, transcript variant X14
NC_068990.1	12175428	12175439	0.391825795173645	NC_068990.1	12175427	12175936	LOC106869227	0	+	dorsal-ventral patterning tolloid-like protein 1, transcript variant X6
NC_068990.1	25583137	25583153	0.9008439183235168	NC_068990.1	25583137	25583948	LOC106880753	0	+	G-protein coupled receptor-associated protein LMBRD2
NC_068990.1	29931964	29931968	0.2606469690799713	NC_068990.1	29931964	29932179	LOC106879662	0	+	organic cation transporter protein
NC_068990.1	30096913	30096928	0.40408480167388916	NC_068990.1	30096758	30097441	LOC106868200	0	+	uncharacterized LOC106868200, transcript variant X2
NC_068990.1	30096945	30096960	0.4263502359390259	NC_068990.1	30096758	30097441	LOC106868200	0	+	uncharacterized LOC106868200, transcript variant X2
NC_068990.1	30096963	30096980	0.4407080411911011	NC_068990.1	30096758	30097441	LOC106868200	0	+	uncharacterized LOC106868200, transcript variant X2
NC_068990.1	40557078	40557103	0.660801112651825	NC_068990.1	40556987	40558397	LOC106881299	0	+	uncharacterized LOC106881299, transcript variant X5
NC_068990.1	40557139	40557161	0.698396623134613	NC_068990.1	40556987	40558397	LOC106881299	0	+	uncharacterized LOC106881299, transcript variant X5
NC_068990.1	40557341	40557349	0.4315544068813324	NC_068990.1	40556987	40558397	LOC106881299	0	+	uncharacterized LOC106881299, transcript variant X5
NC_068990.1	40576141	40576159	0.7330729961395264	NC_068990.1	40576076	40576699	LOC106881299	0	+	uncharacterized LOC106881299, transcript variant X2
NC_068990.1	45053594	45053614	0.7625185251235962	NC_068990.1	45053594	45053647	LOC106867846	0	+	uncharacterized LOC106867846, transcript variant X3
NC_068990.1	45053591	45053614	0.7625185251235962	NC_068990.1	45053552	45053848	LOC106867846	0	+	uncharacterized LOC106867846, transcript variant X2
NC_068990.1	45416877	45416886	0.7553204298019409	NC_068990.1	45416877	45417829	LOC106874115	0	+	uncharacterized LOC106874115, transcript variant X5
NC_068990.1	46261640	46261666	0.4134473502635956	NC_068990.1	46261384	46262256	LOC106874172	0	+	cell surface glycoprotein 1, transcript variant X1
NC_068990.1	46261740	46261755	0.7271875143051147	NC_068990.1	46261384	46262256	LOC106874172	0	+	cell surface glycoprotein 1, transcript variant X1
NC_068990.1	65221397	65221403	0.3249833583831787	NC_068990.1	65221373	65221515	LOC106879767	0	+	zinc finger protein 208
NC_068990.1	78913125	78913163	0.9124009013175964	NC_068990.1	78912595	78913505	LOC106869536	0	+	bursicon
NC_068990.1	78913239	78913272	0.8821243643760681	NC_068990.1	78912595	78913505	LOC106869536	0	+	bursicon
NC_068990.1	78913470	78913491	0.5022568106651306	NC_068990.1	78912595	78913505	LOC106869536	0	+	bursicon
NC_068990.1	92141469	92141484	0.6552609801292419	NC_068990.1	92140865	92141536	LOC106876277	0	+	uncharacterized LOC106876277, transcript variant X2
NC_068990.1	92667198	92667208	0.34963956475257874	NC_068990.1	92666786	92668551	LOC106876563	0	+	diacylglycerol kinase theta, transcript variant X1
NC_068990.1	92667198	92667208	0.34963956475257874	NC_068990.1	92666786	92668551	LOC106876563	0	+	diacylglycerol kinase theta, transcript variant X3
NC_068990.1	92667854	92667859	0.37572020292282104	NC_068990.1	92666786	92668551	LOC106876563	0	+	diacylglycerol kinase theta, transcript variant X1
NC_068990.1	92667854	92667859	0.37572020292282104	NC_068990.1	92666786	92668551	LOC106876563	0	+	diacylglycerol kinase theta, transcript variant X3
NC_068991.1	2692153	2692164	0.6056872606277466	NC_068991.1	2692153	2692315	LOC106884067	0	+	transcription factor kayak, transcript variant X2
NC_068991.1	7553920	7553927	0.3182462155818939	NC_068991.1	7553635	7554347	LOC106874885	0	+	uncharacterized LOC106874885
NC_068991.1	18979513	18979534	0.41451799869537354	NC_068991.1	18979492	18980971	LOC106880696	0	+	rho GTPase-activating protein gacF, transcript variant X3
NC_068991.1	18979513	18979534	0.41451799869537354	NC_068991.1	18979492	18980976	LOC106880696	0	+	rho GTPase-activating protein gacF, transcript variant X2
NC_068991.1	18979923	18979934	0.3106267750263214	NC_068991.1	18979492	18980971	LOC106880696	0	+	rho GTPase-activating protein gacF, transcript variant X3
NC_068991.1	18979923	18979934	0.3106267750263214	NC_068991.1	18979492	18980976	LOC106880696	0	+	rho GTPase-activating protein gacF, transcript variant X2
NC_068991.1	18993927	18993963	0.5749019980430603	NC_068991.1	18993794	18994495	LOC106880696	0	+	rho GTPase-activating protein gacF, transcript variant X4
NC_068991.1	20555261	20555285	0.6650286316871643	NC_068991.1	20554564	20555807	LOC106869243	0	+	uncharacterized LOC106869243, transcript variant X1
NC_068991.1	20555261	20555285	0.6650286316871643	NC_068991.1	20554564	20555807	LOC106869243	0	+	uncharacterized LOC106869243, transcript variant X2
NC_068991.1	25130804	25130821	0.5182651877403259	NC_068991.1	25130383	25134175	LOC106869640	0	+	uncharacterized LOC106869640
NC_068991.1	25130862	25130884	0.8076789975166321	NC_068991.1	25130383	25134175	LOC106869640	0	+	uncharacterized LOC106869640
NC_068991.1	25132917	25132990	0.7174981832504272	NC_068991.1	25130383	25134175	LOC106869640	0	+	uncharacterized LOC106869640
NC_068991.1	25133790	25133808	0.6171662211418152	NC_068991.1	25130383	25134175	LOC106869640	0	+	uncharacterized LOC106869640
NC_068991.1	25133818	25133860	0.7750157117843628	NC_068991.1	25130383	25134175	LOC106869640	0	+	uncharacterized LOC106869640
NC_068991.1	28413314	28413341	0.3699139952659607	NC_068991.1	28413291	28414004	LOC106875245	0	+	uncharacterized LOC106875245, transcript variant X3
NC_068991.1	28413314	28413341	0.3699139952659607	NC_068991.1	28413293	28414008	LOC106875245	0	+	uncharacterized LOC106875245, transcript variant X2
NC_068991.1	28413314	28413341	0.3699139952659607	NC_068991.1	28413292	28414008	LOC106875245	0	+	uncharacterized LOC106875245, transcript variant X1
NC_068991.1	28413314	28413341	0.3699139952659607	NC_068991.1	28413291	28414004	LOC106875245	0	+	uncharacterized LOC106875245, transcript variant X4
NC_068991.1	28413578	28413603	0.6425856947898865	NC_068991.1	28413291	28414004	LOC106875245	0	+	uncharacterized LOC106875245, transcript variant X3
NC_068991.1	28413578	28413603	0.6425856947898865	NC_068991.1	28413293	28414008	LOC106875245	0	+	uncharacterized LOC106875245, transcript variant X2
NC_068991.1	28413578	28413603	0.6425856947898865	NC_068991.1	28413292	28414008	LOC106875245	0	+	uncharacterized LOC106875245, transcript variant X1
NC_068991.1	28413578	28413603	0.6425856947898865	NC_068991.1	28413291	28414004	LOC106875245	0	+	uncharacterized LOC106875245, transcript variant X4
NC_068991.1	28413618	28413643	0.7090792655944824	NC_068991.1	28413291	28414004	LOC106875245	0	+	uncharacterized LOC106875245, transcript variant X3
NC_068991.1	28413618	28413643	0.7090792655944824	NC_068991.1	28413293	28414008	LOC106875245	0	+	uncharacterized LOC106875245, transcript variant X2
NC_068991.1	28413618	28413643	0.7090792655944824	NC_068991.1	28413292	28414008	LOC106875245	0	+	uncharacterized LOC106875245, transcript variant X1
NC_068991.1	28413618	28413643	0.7090792655944824	NC_068991.1	28413291	28414004	LOC106875245	0	+	uncharacterized LOC106875245, transcript variant X4
NC_068991.1	43224519	43224525	0.32575953006744385	NC_068991.1	43224305	43225614	LOC106873166	0	+	galactosylgalactosylxylosylprotein 3-beta-glucuronosyltransferase 1, transcript variant X1
NC_068991.1	43224895	43224934	0.8640938997268677	NC_068991.1	43224305	43225614	LOC106873166	0	+	galactosylgalactosylxylosylprotein 3-beta-glucuronosyltransferase 1, transcript variant X1
NC_068991.1	43224938	43224969	0.7987349033355713	NC_068991.1	43224305	43225614	LOC106873166	0	+	galactosylgalactosylxylosylprotein 3-beta-glucuronosyltransferase 1, transcript variant X1
NC_068991.1	53087458	53087480	0.3717311918735504	NC_068991.1	53086080	53088351	LOC106873241	0	+	uncharacterized LOC106873241
NC_068991.1	59838413	59838436	0.6630455851554871	NC_068991.1	59838337	59838540	LOC106879599	0	+	uncharacterized LOC106879599, transcript variant X4
NC_068991.1	59838413	59838436	0.6630455851554871	NC_068991.1	59838336	59838540	LOC106879599	0	+	uncharacterized LOC106879599, transcript variant X3
NC_068991.1	59838453	59838458	0.4108238220214844	NC_068991.1	59838337	59838540	LOC106879599	0	+	uncharacterized LOC106879599, transcript variant X4
NC_068991.1	59838453	59838458	0.4108238220214844	NC_068991.1	59838336	59838540	LOC106879599	0	+	uncharacterized LOC106879599, transcript variant X3
NC_068991.1	71840961	71840981	0.7358052730560303	NC_068991.1	71840961	71841363	LOC106875097	0	+	uncharacterized LOC106875097, transcript variant X1
NC_068991.1	71841012	71841031	0.5044777989387512	NC_068991.1	71840961	71841363	LOC106875097	0	+	uncharacterized LOC106875097, transcript variant X1
NC_068991.1	80563540	80563547	0.4768398404121399	NC_068991.1	80563338	80564243	LOC106878525	0	+	GRAM domain-containing protein 4, transcript variant X2
NC_068991.1	80563555	80563560	0.39583098888397217	NC_068991.1	80563338	80564243	LOC106878525	0	+	GRAM domain-containing protein 4, transcript variant X2
NC_068991.1	80563591	80563597	0.5800425410270691	NC_068991.1	80563338	80564243	LOC106878525	0	+	GRAM domain-containing protein 4, transcript variant X2
NC_068991.1	80563600	80563605	0.3500678241252899	NC_068991.1	80563338	80564243	LOC106878525	0	+	GRAM domain-containing protein 4, transcript variant X2
NC_068991.1	80742071	80742087	0.6699696779251099	NC_068991.1	80741932	80742105	LOC106877905	0	+	equilibrative nucleoside transporter 3
NC_068992.1	14437532	14437547	0.5530526041984558	NC_068992.1	14437166	14437555	LOC106881863	0	+	probable UDP-sugar transporter protein SLC35A4
NC_068992.1	36112771	36112776	0.348663866519928	NC_068992.1	36111881	36113063	LOC106875675	0	+	uncharacterized LOC106875675
NC_068992.1	38168318	38168344	0.8483952283859253	NC_068992.1	38168074	38168350	LOC106877411	0	+	phosphoserine phosphatase, transcript variant X3
NC_068992.1	38172066	38172084	0.5783892869949341	NC_068992.1	38172066	38172259	LOC106877411	0	+	phosphoserine phosphatase, transcript variant X2
NC_068992.1	38746034	38746043	0.3467126488685608	NC_068992.1	38745839	38747654	LOC106879504	0	+	nicotinamide riboside kinase 1, transcript variant X5
NC_068992.1	43783594	43783681	0.9465892314910889	NC_068992.1	43783390	43783815	LOC106873081	0	+	uncharacterized LOC106873081, transcript variant X2
NC_068992.1	49865156	49865195	0.7092062830924988	NC_068992.1	49865150	49865285	LOC106873718	0	+	uncharacterized LOC106873718, transcript variant X3
NC_068992.1	65810425	65810436	0.3691089451313019	NC_068992.1	65809839	65811193	LOC106884476	0	+	dopamine receptor 1, transcript variant X2
NC_068992.1	65810443	65810451	0.4437142014503479	NC_068992.1	65809839	65811193	LOC106884476	0	+	dopamine receptor 1, transcript variant X2
NC_068993.1	193294	193336	0.8446147441864014	NC_068993.1	193294	193481	LOC106882836	0	+	uncharacterized LOC106882836
NC_068993.1	9779776	9779793	0.8204527497291565	NC_068993.1	9779676	9780096	LOC106876425	0	+	beta-1,4-mannosyltransferase egh, transcript variant X2
NC_068993.1	9779776	9779793	0.8204527497291565	NC_068993.1	9779676	9780096	LOC106876425	0	+	beta-1,4-mannosyltransferase egh, transcript variant X3
NC_068993.1	9779776	9779793	0.8204527497291565	NC_068993.1	9779676	9780096	LOC106876425	0	+	beta-1,4-mannosyltransferase egh, transcript variant X4
NC_068993.1	9779776	9779793	0.8204527497291565	NC_068993.1	9779676	9780096	LOC106876425	0	+	beta-1,4-mannosyltransferase egh, transcript variant X1
NC_068993.1	16990970	16991019	0.672749400138855	NC_068993.1	16990716	16991642	LOC106881088	0	+	uncharacterized LOC106881088, transcript variant X2
NC_068993.1	16999945	16999959	0.584328293800354	NC_068993.1	16999915	17000153	LOC106881088	0	+	uncharacterized LOC106881088, transcript variant X6
NC_068993.1	16999982	16999995	0.5519211292266846	NC_068993.1	16999915	17000153	LOC106881088	0	+	uncharacterized LOC106881088, transcript variant X6
NC_068993.1	17377249	17377265	0.6532200574874878	NC_068993.1	17377183	17377305	LOC106884324	0	+	SCL-interrupting locus protein homolog, transcript variant X2
NC_068993.1	29747316	29747322	0.3089122176170349	NC_068993.1	29747170	29747760	LOC106867229	0	+	polyprenol reductase, transcript variant X4
NC_068993.1	29747316	29747322	0.3089122176170349	NC_068993.1	29747172	29747760	LOC106867229	0	+	polyprenol reductase, transcript variant X3
NC_068993.1	34733888	34733894	0.35928967595100403	NC_068993.1	34733411	34735157	LOC106868424	0	+	uncharacterized LOC106868424, transcript variant X2
NC_068993.1	34733888	34733894	0.35928967595100403	NC_068993.1	34733413	34735157	LOC106868424	0	+	uncharacterized LOC106868424, transcript variant X1
NC_068993.1	44414881	44414895	0.3160247206687927	NC_068993.1	44414873	44415014	LOC106880554	0	+	uncharacterized LOC106880554, transcript variant X1
NC_068993.1	45217513	45217544	0.4143480062484741	NC_068993.1	45217513	45217736	LOC106870559	0	+	mucin-3A, transcript variant X1
NC_068993.1	45217546	45217586	0.44056034088134766	NC_068993.1	45217513	45217736	LOC106870559	0	+	mucin-3A, transcript variant X1
NC_068993.1	45217598	45217613	0.6736090779304504	NC_068993.1	45217513	45217736	LOC106870559	0	+	mucin-3A, transcript variant X1
NC_068993.1	45217628	45217647	0.5436555743217468	NC_068993.1	45217513	45217736	LOC106870559	0	+	mucin-3A, transcript variant X1
NC_068993.1	53342466	53342493	0.8298816084861755	NC_068993.1	53342352	53342927	LOC106867554	0	+	tripartite motif-containing protein 2, transcript variant X1
NC_068993.1	55567460	55567475	0.6511109471321106	NC_068993.1	55567440	55567540	LOC106881555	0	+	probable global transcription activator SNF2L2, transcript variant X3
NC_068993.1	55567460	55567475	0.6511109471321106	NC_068993.1	55567440	55567540	LOC106881555	0	+	probable global transcription activator SNF2L2, transcript variant X7
NC_068993.1	55567460	55567475	0.6511109471321106	NC_068993.1	55567440	55567540	LOC106881555	0	+	probable global transcription activator SNF2L2, transcript variant X5
NC_068993.1	55567460	55567475	0.6511109471321106	NC_068993.1	55567440	55567540	LOC106881555	0	+	probable global transcription activator SNF2L2, transcript variant X4
NC_068993.1	55567460	55567475	0.6511109471321106	NC_068993.1	55567440	55567540	LOC106881555	0	+	probable global transcription activator SNF2L2, transcript variant X1
NC_068993.1	55649786	55649790	0.7436786890029907	NC_068993.1	55649786	55650053	LOC106881560	0	+	peptidyl-prolyl cis-trans isomerase Fkbp12, transcript variant X2
NC_068993.1	56298664	56298673	0.3095952868461609	NC_068993.1	56298372	56299248	LOC106876033	0	+	polyadenylate-binding protein 4-like, transcript variant X8
NC_068993.1	58775029	58775057	0.5701721906661987	NC_068993.1	58774942	58775528	LOC106876689	0	+	protocadherin Fat 1
NC_068993.1	59495339	59495344	0.44951915740966797	NC_068993.1	59492736	59495522	LOC106867214	0	+	zinc finger protein 492, transcript variant X1
NC_068993.1	59495345	59495354	0.3365081548690796	NC_068993.1	59492736	59495522	LOC106867214	0	+	zinc finger protein 492, transcript variant X1
NC_068993.1	61548423	61548442	0.7635650634765625	NC_068993.1	61548188	61548889	LOC106880864	0	+	zinc finger protein 239
NC_068993.1	63081124	63081147	0.45431795716285706	NC_068993.1	63081124	63081275	LOC106884276	0	+	cytoplasmic FMR1-interacting protein, transcript variant X2
NC_068994.1	743372	743445	0.9024469256401062	NC_068994.1	742123	743977	LOC106879341	0	+	serine-rich adhesin for platelets
NC_068994.1	2423631	2423696	0.6672792434692383	NC_068994.1	2419585	2424026	LOC106877102	0	+	protocadherin beta-15, transcript variant X1
NC_068994.1	2487803	2487828	0.6850016713142395	NC_068994.1	2487440	2488016	LOC128249423	0	+	protocadherin gamma-C4-like
NC_068994.1	3623695	3623724	0.8811076879501343	NC_068994.1	3622107	3623890	LOC106870070	0	+	zinc finger protein 585A, transcript variant X2
NC_068994.1	3623743	3623776	0.874640166759491	NC_068994.1	3622107	3623890	LOC106870070	0	+	zinc finger protein 585A, transcript variant X2
NC_068994.1	3626513	3626535	0.7982978224754333	NC_068994.1	3626117	3626895	LOC106870070	0	+	zinc finger protein 585A, transcript variant X4
NC_068994.1	3626513	3626535	0.7982978224754333	NC_068994.1	3626117	3626895	LOC106870070	0	+	zinc finger protein 585A, transcript variant X1
NC_068994.1	3626783	3626797	0.6075963377952576	NC_068994.1	3626117	3626895	LOC106870070	0	+	zinc finger protein 585A, transcript variant X4
NC_068994.1	3626783	3626797	0.6075963377952576	NC_068994.1	3626117	3626895	LOC106870070	0	+	zinc finger protein 585A, transcript variant X1
NC_068994.1	3826305	3826315	0.4066050052642822	NC_068994.1	3825469	3826352	LOC106870067	0	+	zinc finger protein 420-like, transcript variant X4
NC_068994.1	3826305	3826315	0.4066050052642822	NC_068994.1	3825469	3826352	LOC106870067	0	+	zinc finger protein 420-like, transcript variant X1
NC_068994.1	3826318	3826324	0.326953262090683	NC_068994.1	3825469	3826352	LOC106870067	0	+	zinc finger protein 420-like, transcript variant X4
NC_068994.1	3826318	3826324	0.326953262090683	NC_068994.1	3825469	3826352	LOC106870067	0	+	zinc finger protein 420-like, transcript variant X1
NC_068994.1	3934858	3934865	0.34717878699302673	NC_068994.1	3934858	3935958	LOC106870079	0	+	zinc finger protein ZFP2, transcript variant X2
NC_068994.1	3934902	3934939	0.5575569868087769	NC_068994.1	3934858	3935958	LOC106870079	0	+	zinc finger protein ZFP2, transcript variant X2
NC_068994.1	3935090	3935130	0.44374793767929077	NC_068994.1	3934858	3935958	LOC106870079	0	+	zinc finger protein ZFP2, transcript variant X2
NC_068994.1	3935141	3935163	0.5653356313705444	NC_068994.1	3934858	3935958	LOC106870079	0	+	zinc finger protein ZFP2, transcript variant X2
NC_068994.1	3935297	3935325	0.8247120976448059	NC_068994.1	3934858	3935958	LOC106870079	0	+	zinc finger protein ZFP2, transcript variant X2
NC_068994.1	3935590	3935615	0.5452690720558167	NC_068994.1	3934858	3935958	LOC106870079	0	+	zinc finger protein ZFP2, transcript variant X2
NC_068994.1	3935737	3935759	0.6711707711219788	NC_068994.1	3934858	3935958	LOC106870079	0	+	zinc finger protein ZFP2, transcript variant X2
NC_068994.1	4191062	4191080	0.3472461402416229	NC_068994.1	4190932	4192460	LOC106870080	0	+	zinc finger protein 431
NC_068994.1	4191113	4191118	0.2942616641521454	NC_068994.1	4190932	4192460	LOC106870080	0	+	zinc finger protein 431
NC_068994.1	4191137	4191153	0.4116116166114807	NC_068994.1	4190932	4192460	LOC106870080	0	+	zinc finger protein 431
NC_068994.1	4191225	4191244	0.6596049666404724	NC_068994.1	4190932	4192460	LOC106870080	0	+	zinc finger protein 431
NC_068994.1	4191347	4191365	0.7045700550079346	NC_068994.1	4190932	4192460	LOC106870080	0	+	zinc finger protein 431
NC_068994.1	4191408	4191433	0.7129843235015869	NC_068994.1	4190932	4192460	LOC106870080	0	+	zinc finger protein 431
NC_068994.1	4192054	4192084	0.9691095948219299	NC_068994.1	4190932	4192460	LOC106870080	0	+	zinc finger protein 431
NC_068994.1	4192207	4192231	0.8781902194023132	NC_068994.1	4190932	4192460	LOC106870080	0	+	zinc finger protein 431
NC_068994.1	5044579	5044591	0.4052428901195526	NC_068994.1	5044182	5044763	LOC106868328	0	+	zinc finger protein 84, transcript variant X3
NC_068994.1	5044579	5044591	0.4052428901195526	NC_068994.1	5044182	5044713	LOC106868328	0	+	zinc finger protein 84, transcript variant X4
NC_068994.1	5756472	5756572	0.8356651067733765	NC_068994.1	5756427	5756955	LOC106870501	0	+	zinc finger protein 658B, transcript variant X3
NC_068994.1	5756472	5756572	0.8356651067733765	NC_068994.1	5756430	5756955	LOC106870501	0	+	zinc finger protein 658B, transcript variant X1
NC_068994.1	5915357	5915364	0.44966235756874084	NC_068994.1	5915357	5916199	LOC106882081	0	+	metalloreductase STEAP4, transcript variant X2
NC_068994.1	7579808	7579813	0.291767418384552	NC_068994.1	7579117	7579940	LOC106875040	0	+	transmembrane protein 180, transcript variant X2
NC_068994.1	7579858	7579871	0.36530801653862	NC_068994.1	7579117	7579940	LOC106875040	0	+	transmembrane protein 180, transcript variant X2
NC_068994.1	14051683	14051697	0.4299764037132263	NC_068994.1	14051008	14052126	LOC106880819	0	+	zinc finger protein 239
NC_068994.1	16847850	16847913	0.9662656188011169	NC_068994.1	16847597	16849211	LOC106883373	0	+	general transcription factor IIF subunit 1
NC_068994.1	22427168	22427188	0.7327818274497986	NC_068994.1	22427168	22427320	LOC106884040	0	+	zinc finger protein OZF, transcript variant X1
NC_068994.1	22644705	22644713	0.3934883773326874	NC_068994.1	22644519	22644960	LOC106884026	0	+	zinc finger protein 271, transcript variant X1
NC_068994.1	28504282	28504297	0.9335474371910095	NC_068994.1	28504282	28504948	LOC106875306	0	+	39S ribosomal protein L9, mitochondrial
NC_068994.1	28504604	28504624	0.6548583507537842	NC_068994.1	28504282	28504948	LOC106875306	0	+	39S ribosomal protein L9, mitochondrial
NC_068994.1	29578784	29578791	0.34582096338272095	NC_068994.1	29577510	29578802	LOC106876260	0	+	zinc finger protein ZFP2, transcript variant X3
NC_068994.1	29578784	29578791	0.34582096338272095	NC_068994.1	29577510	29578802	LOC106876260	0	+	zinc finger protein ZFP2, transcript variant X2
NC_068994.1	29578784	29578791	0.34582096338272095	NC_068994.1	29577510	29578802	LOC106876260	0	+	zinc finger protein ZFP2, transcript variant X1
NC_068994.1	29578796	29578802	0.33053267002105713	NC_068994.1	29577510	29578802	LOC106876260	0	+	zinc finger protein ZFP2, transcript variant X3
NC_068994.1	29578796	29578802	0.33053267002105713	NC_068994.1	29577510	29578802	LOC106876260	0	+	zinc finger protein ZFP2, transcript variant X2
NC_068994.1	29578796	29578802	0.33053267002105713	NC_068994.1	29577510	29578802	LOC106876260	0	+	zinc finger protein ZFP2, transcript variant X1
NC_068994.1	29915769	29915776	0.4394913613796234	NC_068994.1	29915698	29916160	LOC106873125	0	+	zinc finger protein 180, transcript variant X2
NC_068994.1	29915785	29915792	0.36684852838516235	NC_068994.1	29915698	29916160	LOC106873125	0	+	zinc finger protein 180, transcript variant X2
NC_068994.1	31387232	31387258	0.6374965906143188	NC_068994.1	31386847	31387555	LOC106874058	0	+	gastrula zinc finger protein XlCGF7.1, transcript variant X4
NC_068994.1	31387232	31387258	0.6374965906143188	NC_068994.1	31386847	31387555	LOC106874058	0	+	gastrula zinc finger protein XlCGF7.1, transcript variant X5
NC_068994.1	31387232	31387258	0.6374965906143188	NC_068994.1	31386849	31387555	LOC106874058	0	+	gastrula zinc finger protein XlCGF7.1, transcript variant X1
NC_068994.1	31387232	31387258	0.6374965906143188	NC_068994.1	31386849	31387811	LOC106874058	0	+	gastrula zinc finger protein XlCGF7.1, transcript variant X2
NC_068994.1	31387616	31387656	0.7934952974319458	NC_068994.1	31386849	31387811	LOC106874058	0	+	gastrula zinc finger protein XlCGF7.1, transcript variant X2
NC_068994.1	31637596	31637622	0.5551478862762451	NC_068994.1	31637534	31637652	LOC106874061	0	+	zinc finger protein 431
NC_068994.1	32040112	32040120	0.4113210439682007	NC_068994.1	32039877	32041001	LOC106874068	0	+	protocadherin gamma-A4, transcript variant X5
NC_068994.1	32040112	32040120	0.4113210439682007	NC_068994.1	32039877	32041001	LOC106874068	0	+	protocadherin gamma-A4, transcript variant X1
NC_068994.1	32040112	32040120	0.4113210439682007	NC_068994.1	32039877	32041001	LOC106874068	0	+	protocadherin gamma-A4, transcript variant X3
NC_068994.1	32040112	32040120	0.4113210439682007	NC_068994.1	32039877	32041001	LOC106874068	0	+	protocadherin gamma-A4, transcript variant X4
NC_068994.1	32040123	32040134	0.3575023412704468	NC_068994.1	32039877	32041001	LOC106874068	0	+	protocadherin gamma-A4, transcript variant X5
NC_068994.1	32040123	32040134	0.3575023412704468	NC_068994.1	32039877	32041001	LOC106874068	0	+	protocadherin gamma-A4, transcript variant X1
NC_068994.1	32040123	32040134	0.3575023412704468	NC_068994.1	32039877	32041001	LOC106874068	0	+	protocadherin gamma-A4, transcript variant X3
NC_068994.1	32040123	32040134	0.3575023412704468	NC_068994.1	32039877	32041001	LOC106874068	0	+	protocadherin gamma-A4, transcript variant X4
NC_068994.1	44587989	44587994	0.4144476056098938	NC_068994.1	44587379	44588240	LOC106872903	0	+	zinc finger protein 570, transcript variant X2
NC_068994.1	46936049	46936070	0.5190660357475281	NC_068994.1	46936040	46936333	LOC106876392	0	+	mothers against decapentaplegic homolog 4, transcript variant X4
NC_068994.1	46936049	46936070	0.5190660357475281	NC_068994.1	46936038	46936333	LOC106876392	0	+	mothers against decapentaplegic homolog 4, transcript variant X11
NC_068994.1	46936049	46936070	0.5190660357475281	NC_068994.1	46936033	46936333	LOC106876392	0	+	mothers against decapentaplegic homolog 4, transcript variant X3
NC_068994.1	46936049	46936070	0.5190660357475281	NC_068994.1	46936040	46936333	LOC106876392	0	+	mothers against decapentaplegic homolog 4, transcript variant X8
NC_068994.1	46936049	46936070	0.5190660357475281	NC_068994.1	46936039	46936333	LOC106876392	0	+	mothers against decapentaplegic homolog 4, transcript variant X13
NC_068994.1	46936049	46936070	0.5190660357475281	NC_068994.1	46936040	46936333	LOC106876392	0	+	mothers against decapentaplegic homolog 4, transcript variant X5
NC_068994.1	46936049	46936070	0.5190660357475281	NC_068994.1	46936035	46936333	LOC106876392	0	+	mothers against decapentaplegic homolog 4, transcript variant X2
NC_068994.1	46936049	46936070	0.5190660357475281	NC_068994.1	46936040	46936333	LOC106876392	0	+	mothers against decapentaplegic homolog 4, transcript variant X9
NC_068994.1	46936049	46936070	0.5190660357475281	NC_068994.1	46936040	46936333	LOC106876392	0	+	mothers against decapentaplegic homolog 4, transcript variant X12
NC_068994.1	46936049	46936070	0.5190660357475281	NC_068994.1	46936040	46936333	LOC106876392	0	+	mothers against decapentaplegic homolog 4, transcript variant X10
NC_068994.1	46936049	46936070	0.5190660357475281	NC_068994.1	46936039	46936333	LOC106876392	0	+	mothers against decapentaplegic homolog 4, transcript variant X14
NC_068994.1	46936049	46936070	0.5190660357475281	NC_068994.1	46936034	46936333	LOC106876392	0	+	mothers against decapentaplegic homolog 4, transcript variant X1
NC_068994.1	46936049	46936070	0.5190660357475281	NC_068994.1	46936040	46936333	LOC106876392	0	+	mothers against decapentaplegic homolog 4, transcript variant X6
NC_068994.1	46936049	46936070	0.5190660357475281	NC_068994.1	46936040	46936333	LOC106876392	0	+	mothers against decapentaplegic homolog 4, transcript variant X7
NC_068994.1	47871024	47871048	0.7764896750450134	NC_068994.1	47870822	47871494	LOC106876387	0	+	LIM domain-binding protein 2, transcript variant X2
NC_068994.1	47871024	47871048	0.7764896750450134	NC_068994.1	47870799	47871494	LOC106876387	0	+	LIM domain-binding protein 2, transcript variant X3
NC_068994.1	47871024	47871048	0.7764896750450134	NC_068994.1	47870841	47871494	LOC106876387	0	+	LIM domain-binding protein 2, transcript variant X1
NC_068994.1	57782956	57782960	0.3669988214969635	NC_068994.1	57782956	57783699	LOC106868605	0	+	uncharacterized LOC106868605, transcript variant X5
NC_068994.1	57782965	57782972	0.3477706015110016	NC_068994.1	57782956	57783699	LOC106868605	0	+	uncharacterized LOC106868605, transcript variant X5
NC_068994.1	57783053	57783076	0.36050042510032654	NC_068994.1	57782956	57783699	LOC106868605	0	+	uncharacterized LOC106868605, transcript variant X5
NC_068994.1	57783225	57783265	0.5408029556274414	NC_068994.1	57782956	57783699	LOC106868605	0	+	uncharacterized LOC106868605, transcript variant X5
NC_068995.1	1765347	1765366	0.844066321849823	NC_068995.1	1765105	1766313	LOC106874118	0	+	rho GTPase-activating protein 6, transcript variant X1
NC_068995.1	1765618	1765624	0.5006760358810425	NC_068995.1	1765105	1766313	LOC106874118	0	+	rho GTPase-activating protein 6, transcript variant X1
NC_068995.1	1765625	1765631	0.3800131380558014	NC_068995.1	1765105	1766313	LOC106874118	0	+	rho GTPase-activating protein 6, transcript variant X1
NC_068995.1	14432951	14432966	0.73959881067276	NC_068995.1	14432678	14433203	LOC106873627	0	+	uncharacterized LOC106873627, transcript variant X2
NC_068995.1	33403704	33403723	0.7770646214485168	NC_068995.1	33403337	33404020	LOC106880614	0	+	uncharacterized LOC106880614, transcript variant X3
NC_068995.1	34514591	34514657	0.9557218551635742	NC_068995.1	34513965	34514962	LOC106867458	0	+	probable G-protein coupled receptor 139, transcript variant X1
NC_068995.1	34514591	34514657	0.9557218551635742	NC_068995.1	34513965	34514962	LOC106867458	0	+	probable G-protein coupled receptor 139, transcript variant X2
NC_068995.1	35542926	35542941	0.8245781660079956	NC_068995.1	35542815	35543400	LOC106876118	0	+	FMRFamide peptide receptor frpr-18, transcript variant X8
NC_068995.1	42928002	42928028	0.504631519317627	NC_068995.1	42928002	42928988	LOC106880835	0	+	RYamide receptor, transcript variant X1
NC_068995.1	42928002	42928028	0.504631519317627	NC_068995.1	42928002	42928988	LOC106880835	0	+	RYamide receptor, transcript variant X4
NC_068995.1	42928002	42928028	0.504631519317627	NC_068995.1	42928002	42928988	LOC106880835	0	+	RYamide receptor, transcript variant X2
NC_068995.1	42928030	42928080	0.5072261691093445	NC_068995.1	42928002	42928988	LOC106880835	0	+	RYamide receptor, transcript variant X1
NC_068995.1	42928030	42928080	0.5072261691093445	NC_068995.1	42928002	42928988	LOC106880835	0	+	RYamide receptor, transcript variant X4
NC_068995.1	42928030	42928080	0.5072261691093445	NC_068995.1	42928002	42928988	LOC106880835	0	+	RYamide receptor, transcript variant X2
NC_068995.1	42928092	42928144	0.5552705526351929	NC_068995.1	42928002	42928988	LOC106880835	0	+	RYamide receptor, transcript variant X1
NC_068995.1	42928092	42928144	0.5552705526351929	NC_068995.1	42928002	42928988	LOC106880835	0	+	RYamide receptor, transcript variant X4
NC_068995.1	42928092	42928144	0.5552705526351929	NC_068995.1	42928002	42928988	LOC106880835	0	+	RYamide receptor, transcript variant X2
NC_068995.1	42928174	42928201	0.49451926350593567	NC_068995.1	42928002	42928988	LOC106880835	0	+	RYamide receptor, transcript variant X1
NC_068995.1	42928174	42928201	0.49451926350593567	NC_068995.1	42928002	42928988	LOC106880835	0	+	RYamide receptor, transcript variant X4
NC_068995.1	42928174	42928201	0.49451926350593567	NC_068995.1	42928002	42928988	LOC106880835	0	+	RYamide receptor, transcript variant X2
NC_068995.1	42928213	42928236	0.5303948521614075	NC_068995.1	42928002	42928988	LOC106880835	0	+	RYamide receptor, transcript variant X1
NC_068995.1	42928213	42928236	0.5303948521614075	NC_068995.1	42928002	42928988	LOC106880835	0	+	RYamide receptor, transcript variant X4
NC_068995.1	42928213	42928236	0.5303948521614075	NC_068995.1	42928002	42928988	LOC106880835	0	+	RYamide receptor, transcript variant X2
NC_068995.1	42928306	42928320	0.3421025276184082	NC_068995.1	42928002	42928988	LOC106880835	0	+	RYamide receptor, transcript variant X1
NC_068995.1	42928306	42928320	0.3421025276184082	NC_068995.1	42928002	42928988	LOC106880835	0	+	RYamide receptor, transcript variant X4
NC_068995.1	42928306	42928320	0.3421025276184082	NC_068995.1	42928002	42928988	LOC106880835	0	+	RYamide receptor, transcript variant X2
NC_068995.1	43571891	43571909	0.48300784826278687	NC_068995.1	43571539	43573181	LOC106879000	0	+	G-protein coupled receptor 183-A, transcript variant X1
NC_068995.1	43571891	43571909	0.48300784826278687	NC_068995.1	43571539	43573181	LOC106879000	0	+	G-protein coupled receptor 183-A, transcript variant X2
NC_068995.1	43571939	43571968	0.5315483808517456	NC_068995.1	43571539	43573181	LOC106879000	0	+	G-protein coupled receptor 183-A, transcript variant X1
NC_068995.1	43571939	43571968	0.5315483808517456	NC_068995.1	43571539	43573181	LOC106879000	0	+	G-protein coupled receptor 183-A, transcript variant X2
NC_068995.1	43572079	43572112	0.5131285786628723	NC_068995.1	43571539	43573181	LOC106879000	0	+	G-protein coupled receptor 183-A, transcript variant X1
NC_068995.1	43572079	43572112	0.5131285786628723	NC_068995.1	43571539	43573181	LOC106879000	0	+	G-protein coupled receptor 183-A, transcript variant X2
NC_068995.1	43572242	43572247	0.34933242201805115	NC_068995.1	43571539	43573181	LOC106879000	0	+	G-protein coupled receptor 183-A, transcript variant X1
NC_068995.1	43572242	43572247	0.34933242201805115	NC_068995.1	43571539	43573181	LOC106879000	0	+	G-protein coupled receptor 183-A, transcript variant X2
NC_068995.1	43572255	43572260	0.2885904908180237	NC_068995.1	43571539	43573181	LOC106879000	0	+	G-protein coupled receptor 183-A, transcript variant X1
NC_068995.1	43572255	43572260	0.2885904908180237	NC_068995.1	43571539	43573181	LOC106879000	0	+	G-protein coupled receptor 183-A, transcript variant X2
NC_068995.1	43572308	43572314	0.3210185170173645	NC_068995.1	43571539	43573181	LOC106879000	0	+	G-protein coupled receptor 183-A, transcript variant X1
NC_068995.1	43572308	43572314	0.3210185170173645	NC_068995.1	43571539	43573181	LOC106879000	0	+	G-protein coupled receptor 183-A, transcript variant X2
NC_068995.1	43572315	43572342	0.39721953868865967	NC_068995.1	43571539	43573181	LOC106879000	0	+	G-protein coupled receptor 183-A, transcript variant X1
NC_068995.1	43572315	43572342	0.39721953868865967	NC_068995.1	43571539	43573181	LOC106879000	0	+	G-protein coupled receptor 183-A, transcript variant X2
NC_068995.1	43572369	43572386	0.5943350791931152	NC_068995.1	43571539	43573181	LOC106879000	0	+	G-protein coupled receptor 183-A, transcript variant X1
NC_068995.1	43572369	43572386	0.5943350791931152	NC_068995.1	43571539	43573181	LOC106879000	0	+	G-protein coupled receptor 183-A, transcript variant X2
NC_068995.1	43572434	43572454	0.5194469094276428	NC_068995.1	43571539	43573181	LOC106879000	0	+	G-protein coupled receptor 183-A, transcript variant X1
NC_068995.1	43572434	43572454	0.5194469094276428	NC_068995.1	43571539	43573181	LOC106879000	0	+	G-protein coupled receptor 183-A, transcript variant X2
NC_068995.1	43572466	43572510	0.39188873767852783	NC_068995.1	43571539	43573181	LOC106879000	0	+	G-protein coupled receptor 183-A, transcript variant X1
NC_068995.1	43572466	43572510	0.39188873767852783	NC_068995.1	43571539	43573181	LOC106879000	0	+	G-protein coupled receptor 183-A, transcript variant X2
NC_068995.1	43572531	43572562	0.4112735986709595	NC_068995.1	43571539	43573181	LOC106879000	0	+	G-protein coupled receptor 183-A, transcript variant X1
NC_068995.1	43572531	43572562	0.4112735986709595	NC_068995.1	43571539	43573181	LOC106879000	0	+	G-protein coupled receptor 183-A, transcript variant X2
NC_068995.1	43572589	43572604	0.33200228214263916	NC_068995.1	43571539	43573181	LOC106879000	0	+	G-protein coupled receptor 183-A, transcript variant X1
NC_068995.1	43572589	43572604	0.33200228214263916	NC_068995.1	43571539	43573181	LOC106879000	0	+	G-protein coupled receptor 183-A, transcript variant X2
NC_068995.1	43572674	43572728	0.8404137492179871	NC_068995.1	43571539	43573181	LOC106879000	0	+	G-protein coupled receptor 183-A, transcript variant X1
NC_068995.1	43572674	43572728	0.8404137492179871	NC_068995.1	43571539	43573181	LOC106879000	0	+	G-protein coupled receptor 183-A, transcript variant X2
NC_068995.1	43572735	43572772	0.8384106755256653	NC_068995.1	43571539	43573181	LOC106879000	0	+	G-protein coupled receptor 183-A, transcript variant X1
NC_068995.1	43572735	43572772	0.8384106755256653	NC_068995.1	43571539	43573181	LOC106879000	0	+	G-protein coupled receptor 183-A, transcript variant X2
NC_068995.1	43572774	43572788	0.6353932619094849	NC_068995.1	43571539	43573181	LOC106879000	0	+	G-protein coupled receptor 183-A, transcript variant X1
NC_068995.1	43572774	43572788	0.6353932619094849	NC_068995.1	43571539	43573181	LOC106879000	0	+	G-protein coupled receptor 183-A, transcript variant X2
NC_068995.1	43572814	43572831	0.506871223449707	NC_068995.1	43571539	43573181	LOC106879000	0	+	G-protein coupled receptor 183-A, transcript variant X1
NC_068995.1	43572814	43572831	0.506871223449707	NC_068995.1	43571539	43573181	LOC106879000	0	+	G-protein coupled receptor 183-A, transcript variant X2
NC_068995.1	53384609	53384623	0.3866020143032074	NC_068995.1	53384414	53385929	LOC106878164	0	+	leucine-rich repeat serine/threonine-protein kinase 1
NC_068996.1	9456879	9456884	0.26600906252861023	NC_068996.1	9453561	9460186	LOC106875156	0	+	Krueppel-like factor luna
NC_068996.1	35585850	35585856	0.31028619408607483	NC_068996.1	35583058	35585893	LOC106883931	0	+	titin, transcript variant X1
NC_068996.1	35585850	35585856	0.31028619408607483	NC_068996.1	35583058	35585893	LOC106883931	0	+	titin, transcript variant X3
NC_068996.1	35585850	35585856	0.31028619408607483	NC_068996.1	35583058	35585893	LOC106883931	0	+	titin, transcript variant X2
NC_068996.1	38706946	38706951	0.3709185719490051	NC_068996.1	38706482	38707071	LOC106883596	0	+	DCN1-like protein 4, transcript variant X2
NC_068996.1	49349674	49349694	0.8079368472099304	NC_068996.1	49349480	49349975	LOC106877586	0	+	putative mediator of RNA polymerase II transcription subunit 26, transcript variant X2
NC_068996.1	49349674	49349694	0.8079368472099304	NC_068996.1	49349477	49349975	LOC106877586	0	+	putative mediator of RNA polymerase II transcription subunit 26, transcript variant X4
NC_068996.1	49349674	49349694	0.8079368472099304	NC_068996.1	49349475	49349975	LOC106877586	0	+	putative mediator of RNA polymerase II transcription subunit 26, transcript variant X5
NC_068996.1	49349674	49349694	0.8079368472099304	NC_068996.1	49349480	49349975	LOC106877586	0	+	putative mediator of RNA polymerase II transcription subunit 26, transcript variant X1
NC_068996.1	49349708	49349725	0.8194413185119629	NC_068996.1	49349480	49349975	LOC106877586	0	+	putative mediator of RNA polymerase II transcription subunit 26, transcript variant X2
NC_068996.1	49349708	49349725	0.8194413185119629	NC_068996.1	49349477	49349975	LOC106877586	0	+	putative mediator of RNA polymerase II transcription subunit 26, transcript variant X4
NC_068996.1	49349708	49349725	0.8194413185119629	NC_068996.1	49349475	49349975	LOC106877586	0	+	putative mediator of RNA polymerase II transcription subunit 26, transcript variant X5
NC_068996.1	49349708	49349725	0.8194413185119629	NC_068996.1	49349480	49349975	LOC106877586	0	+	putative mediator of RNA polymerase II transcription subunit 26, transcript variant X1
NC_068996.1	49349794	49349809	0.4402860403060913	NC_068996.1	49349480	49349975	LOC106877586	0	+	putative mediator of RNA polymerase II transcription subunit 26, transcript variant X2
NC_068996.1	49349794	49349809	0.4402860403060913	NC_068996.1	49349477	49349975	LOC106877586	0	+	putative mediator of RNA polymerase II transcription subunit 26, transcript variant X4
NC_068996.1	49349794	49349809	0.4402860403060913	NC_068996.1	49349475	49349975	LOC106877586	0	+	putative mediator of RNA polymerase II transcription subunit 26, transcript variant X5
NC_068996.1	49349794	49349809	0.4402860403060913	NC_068996.1	49349480	49349975	LOC106877586	0	+	putative mediator of RNA polymerase II transcription subunit 26, transcript variant X1
NC_068997.1	9110937	9110952	0.6764332056045532	NC_068997.1	9110916	9111127	LOC106869581	0	+	protein BANP, transcript variant X1
NC_068997.1	9110937	9110952	0.6764332056045532	NC_068997.1	9110919	9111127	LOC106869581	0	+	protein BANP, transcript variant X2
NC_068997.1	9110937	9110952	0.6764332056045532	NC_068997.1	9110912	9111127	LOC106869581	0	+	protein BANP, transcript variant X3
NC_068997.1	9110937	9110952	0.6764332056045532	NC_068997.1	9110914	9111127	LOC106869581	0	+	protein BANP, transcript variant X4
NC_068997.1	16150648	16150678	0.5035727620124817	NC_068997.1	16150556	16150829	LOC106867583	0	+	zinc finger homeobox protein 3, transcript variant X8
NC_068997.1	27899052	27899058	0.28767117857933044	NC_068997.1	27898964	27899155	LOC106872655	0	+	beta-1,3-galactosyl-O-glycosyl-glycoprotein beta-1,6-N-acetylglucosaminyltransferase
NC_068997.1	29386138	29386154	0.5976923704147339	NC_068997.1	29386092	29386478	LOC106878388	0	+	cytoplasmic dynein 2 intermediate chain 1, transcript variant X3
NC_068997.1	37230326	37230364	0.8550412058830261	NC_068997.1	37229960	37230421	LOC106871424	0	+	poly(rC)-binding protein 3, transcript variant X19
NC_068997.1	37230326	37230364	0.8550412058830261	NC_068997.1	37229963	37230421	LOC106871424	0	+	poly(rC)-binding protein 3, transcript variant X15
NC_068997.1	37230326	37230364	0.8550412058830261	NC_068997.1	37229961	37230421	LOC106871424	0	+	poly(rC)-binding protein 3, transcript variant X21
NC_068997.1	37230326	37230364	0.8550412058830261	NC_068997.1	37229958	37230421	LOC106871424	0	+	poly(rC)-binding protein 3, transcript variant X14
NC_068997.1	37230326	37230364	0.8550412058830261	NC_068997.1	37229960	37230421	LOC106871424	0	+	poly(rC)-binding protein 3, transcript variant X6
NC_068997.1	37230326	37230364	0.8550412058830261	NC_068997.1	37229960	37230421	LOC106871424	0	+	poly(rC)-binding protein 3, transcript variant X18
NC_068997.1	37230326	37230364	0.8550412058830261	NC_068997.1	37229960	37230421	LOC106871424	0	+	poly(rC)-binding protein 3, transcript variant X7
NC_068997.1	37230326	37230364	0.8550412058830261	NC_068997.1	37229960	37230421	LOC106871424	0	+	poly(rC)-binding protein 3, transcript variant X2
NC_068997.1	37230326	37230364	0.8550412058830261	NC_068997.1	37229961	37230421	LOC106871424	0	+	poly(rC)-binding protein 3, transcript variant X20
NC_068997.1	37230326	37230364	0.8550412058830261	NC_068997.1	37229961	37230421	LOC106871424	0	+	poly(rC)-binding protein 3, transcript variant X22
NC_068997.1	37230326	37230364	0.8550412058830261	NC_068997.1	37229960	37230421	LOC106871424	0	+	poly(rC)-binding protein 3, transcript variant X1
NC_068997.1	37230326	37230364	0.8550412058830261	NC_068997.1	37229959	37230421	LOC106871424	0	+	poly(rC)-binding protein 3, transcript variant X17
NC_068997.1	40982992	40983056	0.8599812388420105	NC_068997.1	40982928	40983505	LOC106867422	0	+	NGFI-A-binding protein 1, transcript variant X7
NC_068997.1	40982992	40983056	0.8599812388420105	NC_068997.1	40982921	40983505	LOC106867422	0	+	NGFI-A-binding protein 1, transcript variant X4
NC_068997.1	40982992	40983056	0.8599812388420105	NC_068997.1	40982925	40983505	LOC106867422	0	+	NGFI-A-binding protein 1, transcript variant X5
NC_068997.1	40982992	40983056	0.8599812388420105	NC_068997.1	40982924	40983505	LOC106867422	0	+	NGFI-A-binding protein 1, transcript variant X1
NC_068997.1	40982992	40983056	0.8599812388420105	NC_068997.1	40982924	40983505	LOC106867422	0	+	NGFI-A-binding protein 1, transcript variant X3
NC_068997.1	40982992	40983056	0.8599812388420105	NC_068997.1	40982929	40983505	LOC106867422	0	+	NGFI-A-binding protein 1, transcript variant X11
NC_068997.1	40983342	40983359	0.7979522943496704	NC_068997.1	40982928	40983505	LOC106867422	0	+	NGFI-A-binding protein 1, transcript variant X7
NC_068997.1	40983342	40983359	0.7979522943496704	NC_068997.1	40982921	40983505	LOC106867422	0	+	NGFI-A-binding protein 1, transcript variant X4
NC_068997.1	40983342	40983359	0.7979522943496704	NC_068997.1	40982925	40983505	LOC106867422	0	+	NGFI-A-binding protein 1, transcript variant X5
NC_068997.1	40983342	40983359	0.7979522943496704	NC_068997.1	40982924	40983505	LOC106867422	0	+	NGFI-A-binding protein 1, transcript variant X1
NC_068997.1	40983342	40983359	0.7979522943496704	NC_068997.1	40982924	40983505	LOC106867422	0	+	NGFI-A-binding protein 1, transcript variant X3
NC_068997.1	40983342	40983359	0.7979522943496704	NC_068997.1	40982929	40983505	LOC106867422	0	+	NGFI-A-binding protein 1, transcript variant X11
NC_068997.1	40983386	40983402	0.7838584184646606	NC_068997.1	40982928	40983505	LOC106867422	0	+	NGFI-A-binding protein 1, transcript variant X7
NC_068997.1	40983386	40983402	0.7838584184646606	NC_068997.1	40982921	40983505	LOC106867422	0	+	NGFI-A-binding protein 1, transcript variant X4
NC_068997.1	40983386	40983402	0.7838584184646606	NC_068997.1	40982925	40983505	LOC106867422	0	+	NGFI-A-binding protein 1, transcript variant X5
NC_068997.1	40983386	40983402	0.7838584184646606	NC_068997.1	40982924	40983505	LOC106867422	0	+	NGFI-A-binding protein 1, transcript variant X1
NC_068997.1	40983386	40983402	0.7838584184646606	NC_068997.1	40982924	40983505	LOC106867422	0	+	NGFI-A-binding protein 1, transcript variant X3
NC_068997.1	40983386	40983402	0.7838584184646606	NC_068997.1	40982929	40983505	LOC106867422	0	+	NGFI-A-binding protein 1, transcript variant X11
NC_068997.1	40989650	40989668	0.5281625986099243	NC_068997.1	40989523	40989997	LOC106867422	0	+	NGFI-A-binding protein 1, transcript variant X8
NC_068997.1	41652076	41652096	0.686238169670105	NC_068997.1	41647489	41652468	LOC106870717	0	+	saxiphilin
NC_068997.1	41652098	41652139	0.6064543724060059	NC_068997.1	41647489	41652468	LOC106870717	0	+	saxiphilin
NC_068997.1	48838761	48838769	0.3122605085372925	NC_068997.1	48838727	48838938	LOC106868213	0	+	uncharacterized LOC106868213, transcript variant X1
NC_068997.1	48838777	48838810	0.3169291913509369	NC_068997.1	48838727	48838938	LOC106868213	0	+	uncharacterized LOC106868213, transcript variant X1
NC_068997.1	52819371	52819396	0.5249181389808655	NC_068997.1	52819025	52819568	LOC106877277	0	+	probable myosin light chain kinase DDB_G0279831
NC_068998.1	205707	205725	0.8254364728927612	NC_068998.1	205707	205937	LOC106871672	0	+	peripheral plasma membrane protein CASK, transcript variant X8
NC_068998.1	305423	305431	0.3567339777946472	NC_068998.1	304955	305454	LOC106871672	0	+	peripheral plasma membrane protein CASK, transcript variant X9
NC_068998.1	9817629	9817655	0.4129009544849396	NC_068998.1	9817483	9818604	LOC106874611	0	+	glycoprotein endo-alpha-1,2-mannosidase, transcript variant X1
NC_068998.1	9817874	9817888	0.46665534377098083	NC_068998.1	9817483	9818604	LOC106874611	0	+	glycoprotein endo-alpha-1,2-mannosidase, transcript variant X1
NC_068998.1	9818131	9818153	0.7642995715141296	NC_068998.1	9817483	9818604	LOC106874611	0	+	glycoprotein endo-alpha-1,2-mannosidase, transcript variant X1
NC_068998.1	9818208	9818271	0.9367129802703857	NC_068998.1	9817483	9818604	LOC106874611	0	+	glycoprotein endo-alpha-1,2-mannosidase, transcript variant X1
NC_068998.1	9818334	9818376	0.8313104510307312	NC_068998.1	9817483	9818604	LOC106874611	0	+	glycoprotein endo-alpha-1,2-mannosidase, transcript variant X1
NC_068998.1	16674528	16674593	0.2555418908596039	NC_068998.1	16674472	16674593	LOC106871195	0	+	histone-arginine methyltransferase CARM1, transcript variant X3
NC_068998.1	48701274	48701291	0.8864598274230957	NC_068998.1	48701250	48702194	LOC106877878	0	+	uncharacterized LOC106877878, transcript variant X2
NC_068998.1	48702365	48702375	0.7531256079673767	NC_068998.1	48702365	48702475	LOC106877878	0	+	uncharacterized LOC106877878, transcript variant X4
NC_068998.1	48702365	48702375	0.7531256079673767	NC_068998.1	48702365	48702475	LOC106877878	0	+	uncharacterized LOC106877878, transcript variant X1
NC_068998.1	48869886	48869921	0.7423216104507446	NC_068998.1	48869209	48870230	LOC106877776	0	+	dual specificity protein phosphatase 14, transcript variant X2
NC_068998.1	48869940	48869992	0.7343542575836182	NC_068998.1	48869209	48870230	LOC106877776	0	+	dual specificity protein phosphatase 14, transcript variant X2
NC_068998.1	54905513	54905518	0.4505869448184967	NC_068998.1	54904951	54905620	LOC106883074	0	+	protein prune homolog 2, transcript variant X3
NC_068998.1	54905513	54905518	0.4505869448184967	NC_068998.1	54904952	54905620	LOC106883074	0	+	protein prune homolog 2, transcript variant X4
NC_068998.1	54905513	54905518	0.4505869448184967	NC_068998.1	54904950	54905620	LOC106883074	0	+	protein prune homolog 2, transcript variant X1
NC_068999.1	2320968	2320991	0.7196223735809326	NC_068999.1	2320968	2321039	LOC106880375	0	+	regucalcin, transcript variant X2
NC_068999.1	2628595	2628611	0.7924109101295471	NC_068999.1	2628145	2628709	LOC106882692	0	+	aristaless-related homeobox protein, transcript variant X1
NC_068999.1	2628595	2628611	0.7924109101295471	NC_068999.1	2628145	2628689	LOC106882692	0	+	aristaless-related homeobox protein, transcript variant X2
NC_068999.1	3138179	3138192	0.7444398403167725	NC_068999.1	3133022	3138525	LOC106880266	0	+	run domain Beclin-1-interacting and cysteine-rich domain-containing protein, transcript variant X2
NC_068999.1	4931185	4931204	0.5391069650650024	NC_068999.1	4931185	4931313	LOC106869432	0	+	CAP-Gly domain-containing linker protein 3, transcript variant X1
NC_068999.1	4931185	4931204	0.5391069650650024	NC_068999.1	4931185	4931313	LOC106869432	0	+	CAP-Gly domain-containing linker protein 3, transcript variant X2
NC_068999.1	5634030	5634032	0.7462061047554016	NC_068999.1	5634030	5634270	LOC106869569	0	+	uncharacterized LOC106869569, transcript variant X1
NC_068999.1	7172204	7172259	0.7413296699523926	NC_068999.1	7172204	7172768	LOC106867241	0	+	pyroglutamylated RF-amide peptide receptor
NC_068999.1	22021430	22021441	0.9521673917770386	NC_068999.1	22021430	22021491	LOC106872941	0	+	uncharacterized LOC106872941
NC_068999.1	24387978	24387983	0.5220626592636108	NC_068999.1	24387901	24388086	LOC106884107	0	+	ras-related protein Rap-2c, transcript variant X3
NC_068999.1	24387984	24388000	0.368895024061203	NC_068999.1	24387901	24388086	LOC106884107	0	+	ras-related protein Rap-2c, transcript variant X3
NC_068999.1	26595109	26595127	0.7252896428108215	NC_068999.1	26595078	26595214	LOC106877572	0	+	activating signal cointegrator 1 complex subunit 1, transcript variant X2
NC_068999.1	49262430	49262447	0.8133150339126587	NC_068999.1	49260849	49262701	LOC106877383	0	+	gastric triacylglycerol lipase
NC_068999.1	49262545	49262583	0.7351408004760742	NC_068999.1	49260849	49262701	LOC106877383	0	+	gastric triacylglycerol lipase
NC_068999.1	52190165	52190183	0.6549027562141418	NC_068999.1	52190106	52190435	LOC106878180	0	+	uncharacterized LOC106878180, transcript variant X4
NC_068999.1	53681418	53681456	0.8994240164756775	NC_068999.1	53681029	53681470	LOC106875423	0	+	monocarboxylate transporter 13, transcript variant X10
NC_068999.1	53681418	53681456	0.8994240164756775	NC_068999.1	53681028	53681470	LOC106875423	0	+	monocarboxylate transporter 13, transcript variant X8
NC_068999.1	53681418	53681456	0.8994240164756775	NC_068999.1	53681028	53681470	LOC106875423	0	+	monocarboxylate transporter 13, transcript variant X7
NC_068999.1	53681418	53681456	0.8994240164756775	NC_068999.1	53681032	53681470	LOC106875423	0	+	monocarboxylate transporter 13, transcript variant X11
NC_068999.1	53681418	53681456	0.8994240164756775	NC_068999.1	53681029	53681470	LOC106875423	0	+	monocarboxylate transporter 13, transcript variant X9
NC_068999.1	53681418	53681456	0.8994240164756775	NC_068999.1	53681032	53681470	LOC106875423	0	+	monocarboxylate transporter 13, transcript variant X1
NC_068999.1	53738411	53738438	0.6847405433654785	NC_068999.1	53737773	53738526	LOC106875423	0	+	monocarboxylate transporter 13, transcript variant X2
NC_068999.1	54054444	54054461	0.5265238285064697	NC_068999.1	54054323	54054512	LOC106875405	0	+	uncharacterized LOC106875405, transcript variant X1
NC_068999.1	54054444	54054461	0.5265238285064697	NC_068999.1	54054323	54054512	LOC106875405	0	+	uncharacterized LOC106875405, transcript variant X2
NC_069000.1	990338	990352	0.40796950459480286	NC_069000.1	990045	990639	LOC106877552	0	+	uncharacterized LOC106877552, transcript variant X2
NC_069000.1	990363	990374	0.3783322274684906	NC_069000.1	990355	990639	LOC106877552	0	+	uncharacterized LOC106877552, transcript variant X6
NC_069000.1	990363	990374	0.3783322274684906	NC_069000.1	990045	990639	LOC106877552	0	+	uncharacterized LOC106877552, transcript variant X2
NC_069000.1	6744410	6744464	0.7234248518943787	NC_069000.1	6744262	6744570	LOC106869218	0	+	mitochondrial carnitine/acylcarnitine carrier protein, transcript variant X3
NC_069000.1	6744410	6744464	0.7234248518943787	NC_069000.1	6744262	6744570	LOC106869218	0	+	mitochondrial carnitine/acylcarnitine carrier protein, transcript variant X1
NC_069000.1	6744410	6744464	0.7234248518943787	NC_069000.1	6744262	6744570	LOC106869218	0	+	mitochondrial carnitine/acylcarnitine carrier protein, transcript variant X2
NC_069000.1	6744516	6744544	0.42636972665786743	NC_069000.1	6744262	6744570	LOC106869218	0	+	mitochondrial carnitine/acylcarnitine carrier protein, transcript variant X3
NC_069000.1	6744516	6744544	0.42636972665786743	NC_069000.1	6744262	6744570	LOC106869218	0	+	mitochondrial carnitine/acylcarnitine carrier protein, transcript variant X1
NC_069000.1	6744516	6744544	0.42636972665786743	NC_069000.1	6744262	6744570	LOC106869218	0	+	mitochondrial carnitine/acylcarnitine carrier protein, transcript variant X2
NC_069000.1	6744549	6744554	0.2807701528072357	NC_069000.1	6744262	6744570	LOC106869218	0	+	mitochondrial carnitine/acylcarnitine carrier protein, transcript variant X3
NC_069000.1	6744549	6744554	0.2807701528072357	NC_069000.1	6744262	6744570	LOC106869218	0	+	mitochondrial carnitine/acylcarnitine carrier protein, transcript variant X1
NC_069000.1	6744549	6744554	0.2807701528072357	NC_069000.1	6744262	6744570	LOC106869218	0	+	mitochondrial carnitine/acylcarnitine carrier protein, transcript variant X2
NC_069000.1	6744559	6744570	0.42256298661231995	NC_069000.1	6744262	6744570	LOC106869218	0	+	mitochondrial carnitine/acylcarnitine carrier protein, transcript variant X3
NC_069000.1	6744559	6744570	0.42256298661231995	NC_069000.1	6744262	6744570	LOC106869218	0	+	mitochondrial carnitine/acylcarnitine carrier protein, transcript variant X1
NC_069000.1	6744559	6744570	0.42256298661231995	NC_069000.1	6744262	6744570	LOC106869218	0	+	mitochondrial carnitine/acylcarnitine carrier protein, transcript variant X2
NC_069000.1	7025520	7025534	0.8391731977462769	NC_069000.1	7025520	7025670	LOC106869195	0	+	TBC1 domain family member 20, transcript variant X2
NC_069000.1	9590066	9590103	0.6430174708366394	NC_069000.1	9590044	9590282	LOC106874755	0	+	palmitoyltransferase ZDHHC11, transcript variant X3
NC_069000.1	9590105	9590127	0.6919124126434326	NC_069000.1	9590044	9590282	LOC106874755	0	+	palmitoyltransferase ZDHHC11, transcript variant X3
NC_069000.1	9613613	9613648	0.8191824555397034	NC_069000.1	9613008	9614310	LOC106874755	0	+	palmitoyltransferase ZDHHC11, transcript variant X2
NC_069000.1	17460541	17460566	0.2897145450115204	NC_069000.1	17460045	17460566	LOC106881629	0	+	uncharacterized LOC106881629, transcript variant X2
NC_069000.1	17460541	17460565	0.2897145450115204	NC_069000.1	17460045	17460565	LOC106881629	0	+	uncharacterized LOC106881629, transcript variant X1
NC_069000.1	18535321	18535353	0.709231436252594	NC_069000.1	18535240	18535447	LOC106876504	0	+	BTB/POZ domain-containing protein 17, transcript variant X2
NC_069000.1	33898025	33898031	0.3034715950489044	NC_069000.1	33897576	33898269	LOC106879369	0	+	monocarboxylate transporter 9, transcript variant X3
NC_069000.1	34229048	34229073	0.375033974647522	NC_069000.1	34229029	34230301	LOC106876102	0	+	ataxin-1, transcript variant X1
NC_069000.1	34229048	34229073	0.375033974647522	NC_069000.1	34229026	34230301	LOC106876102	0	+	ataxin-1, transcript variant X2
NC_069000.1	34229106	34229125	0.36399468779563904	NC_069000.1	34229029	34230301	LOC106876102	0	+	ataxin-1, transcript variant X1
NC_069000.1	34229106	34229125	0.36399468779563904	NC_069000.1	34229026	34230301	LOC106876102	0	+	ataxin-1, transcript variant X2
NC_069000.1	34229214	34229226	0.38202783465385437	NC_069000.1	34229029	34230301	LOC106876102	0	+	ataxin-1, transcript variant X1
NC_069000.1	34229214	34229226	0.38202783465385437	NC_069000.1	34229026	34230301	LOC106876102	0	+	ataxin-1, transcript variant X2
NC_069000.1	34229232	34229238	0.27292099595069885	NC_069000.1	34229029	34230301	LOC106876102	0	+	ataxin-1, transcript variant X1
NC_069000.1	34229232	34229238	0.27292099595069885	NC_069000.1	34229026	34230301	LOC106876102	0	+	ataxin-1, transcript variant X2
NC_069000.1	34229257	34229271	0.34111884236335754	NC_069000.1	34229029	34230301	LOC106876102	0	+	ataxin-1, transcript variant X1
NC_069000.1	34229257	34229271	0.34111884236335754	NC_069000.1	34229026	34230301	LOC106876102	0	+	ataxin-1, transcript variant X2
NC_069000.1	34229352	34229357	0.31660765409469604	NC_069000.1	34229029	34230301	LOC106876102	0	+	ataxin-1, transcript variant X1
NC_069000.1	34229352	34229357	0.31660765409469604	NC_069000.1	34229026	34230301	LOC106876102	0	+	ataxin-1, transcript variant X2
NC_069000.1	34229352	34229357	0.31660765409469604	NC_069000.1	34229343	34230301	LOC106876102	0	+	ataxin-1, transcript variant X3
NC_069000.1	36459539	36459544	0.37190136313438416	NC_069000.1	36459380	36459605	LOC106882134	0	+	uncharacterized LOC106882134, transcript variant X2
NC_069000.1	36459539	36459544	0.37190136313438416	NC_069000.1	36459381	36459605	LOC106882134	0	+	uncharacterized LOC106882134, transcript variant X3
NC_069000.1	36459539	36459544	0.37190136313438416	NC_069000.1	36459381	36459605	LOC106882134	0	+	uncharacterized LOC106882134, transcript variant X4
NC_069000.1	36459548	36459555	0.35387948155403137	NC_069000.1	36459380	36459605	LOC106882134	0	+	uncharacterized LOC106882134, transcript variant X2
NC_069000.1	36459548	36459555	0.35387948155403137	NC_069000.1	36459381	36459605	LOC106882134	0	+	uncharacterized LOC106882134, transcript variant X3
NC_069000.1	36459548	36459555	0.35387948155403137	NC_069000.1	36459381	36459605	LOC106882134	0	+	uncharacterized LOC106882134, transcript variant X4
NC_069000.1	39041871	39041879	0.36532196402549744	NC_069000.1	39041399	39041926	LOC106873878	0	+	uncharacterized LOC106873878, transcript variant X3
NC_069000.1	39041871	39041879	0.36532196402549744	NC_069000.1	39041399	39041926	LOC106873878	0	+	uncharacterized LOC106873878, transcript variant X4
NC_069000.1	39041871	39041879	0.36532196402549744	NC_069000.1	39041399	39041926	LOC106873878	0	+	uncharacterized LOC106873878, transcript variant X1
NC_069000.1	39041871	39041879	0.36532196402549744	NC_069000.1	39041399	39041926	LOC106873878	0	+	uncharacterized LOC106873878, transcript variant X7
NC_069000.1	39041871	39041879	0.36532196402549744	NC_069000.1	39041399	39041926	LOC106873878	0	+	uncharacterized LOC106873878, transcript variant X2
NC_069000.1	39041871	39041879	0.36532196402549744	NC_069000.1	39041399	39041926	LOC106873878	0	+	uncharacterized LOC106873878, transcript variant X6
NC_069000.1	39041871	39041879	0.36532196402549744	NC_069000.1	39041399	39041926	LOC106873878	0	+	uncharacterized LOC106873878, transcript variant X5
NC_069000.1	40591172	40591217	0.4946979880332947	NC_069000.1	40590630	40591464	LOC106878613	0	+	uncharacterized LOC106878613, transcript variant X2
NC_069000.1	40605469	40605515	0.5004240274429321	NC_069000.1	40605446	40605591	LOC106878613	0	+	uncharacterized LOC106878613, transcript variant X3
NC_069000.1	41665048	41665095	0.9348676800727844	NC_069000.1	41664910	41666290	LOC106875574	0	+	sphingomyelin phosphodiesterase 5, transcript variant X2
NC_069000.1	45821621	45821635	0.5141352415084839	NC_069000.1	45821570	45821728	LOC106881221	0	+	monocarboxylate transporter 9, transcript variant X2
NC_069000.1	45821621	45821635	0.5141352415084839	NC_069000.1	45821570	45821728	LOC106881221	0	+	monocarboxylate transporter 9, transcript variant X1
NC_069000.1	46638767	46638772	0.34121522307395935	NC_069000.1	46638482	46639016	LOC106874353	0	+	uncharacterized LOC106874353, transcript variant X6
NC_069000.1	46638767	46638772	0.34121522307395935	NC_069000.1	46638482	46639016	LOC106874353	0	+	uncharacterized LOC106874353, transcript variant X3
NC_069000.1	46638767	46638772	0.34121522307395935	NC_069000.1	46638482	46639016	LOC106874353	0	+	uncharacterized LOC106874353, transcript variant X2
NC_069000.1	46638767	46638772	0.34121522307395935	NC_069000.1	46638482	46639016	LOC106874353	0	+	uncharacterized LOC106874353, transcript variant X1
NC_069000.1	46638767	46638772	0.34121522307395935	NC_069000.1	46638482	46639016	LOC106874353	0	+	uncharacterized LOC106874353, transcript variant X4
NC_069000.1	47158723	47158728	0.511978805065155	NC_069000.1	47158469	47159909	LOC106871286	0	+	retinoic acid receptor RXR-alpha-B
NC_069000.1	47158739	47158744	0.33038732409477234	NC_069000.1	47158469	47159909	LOC106871286	0	+	retinoic acid receptor RXR-alpha-B
NC_069001.1	8089801	8089817	0.7678965926170349	NC_069001.1	8089739	8090224	LOC106876937	0	+	zinc finger protein 239, transcript variant X1
NC_069001.1	8110550	8110555	0.38580572605133057	NC_069001.1	8110089	8112076	LOC106876940	0	+	zinc finger protein 492, transcript variant X2
NC_069001.1	8110550	8110555	0.38580572605133057	NC_069001.1	8110089	8112076	LOC106876940	0	+	zinc finger protein 492, transcript variant X1
NC_069001.1	16935337	16935341	0.8980771899223328	NC_069001.1	16935337	16935637	LOC106877431	0	+	Golgi-associated plant pathogenesis-related protein 1
NC_069001.1	16935474	16935530	0.9183229804039001	NC_069001.1	16935337	16935637	LOC106877431	0	+	Golgi-associated plant pathogenesis-related protein 1
NC_069001.1	32263816	32263830	0.8920408487319946	NC_069001.1	32263816	32264007	LOC128250433	0	+	zinc finger protein OZF-like
NC_069001.1	32330955	32330969	0.5806978940963745	NC_069001.1	32330952	32331435	LOC106882008	0	+	zinc finger protein 271-like, transcript variant X2
NC_069001.1	32330955	32330969	0.5806978940963745	NC_069001.1	32330952	32331076	LOC106882008	0	+	zinc finger protein 271-like, transcript variant X1
NC_069001.1	32673851	32673874	0.5477624535560608	NC_069001.1	32673349	32674483	LOC106882020	0	+	serine/arginine repetitive matrix protein 5, transcript variant X3
NC_069001.1	37056564	37056569	0.4696088135242462	NC_069001.1	37056564	37056759	LOC128250461	0	+	zinc finger protein 271-like, transcript variant X9
NC_069001.1	37056581	37056602	0.5083920359611511	NC_069001.1	37056564	37056759	LOC128250461	0	+	zinc finger protein 271-like, transcript variant X9
NC_069001.1	37087462	37087486	0.49373316764831543	NC_069001.1	37087444	37088112	LOC106884110	0	+	zinc finger protein 493
NC_069001.1	37190523	37190536	0.39644578099250793	NC_069001.1	37190512	37190624	LOC106868788	0	+	UBX domain-containing protein 11, transcript variant X2
NC_069001.1	37265007	37265020	0.47756707668304443	NC_069001.1	37263972	37267944	LOC106868795	0	+	zinc finger protein OZF, transcript variant X1
NC_069001.1	37757219	37757242	0.8630477786064148	NC_069001.1	37756180	37757389	LOC106868804	0	+	zinc finger protein 239, transcript variant X3
NC_069001.1	37764214	37764240	0.8781245350837708	NC_069001.1	37764150	37764616	LOC106868804	0	+	zinc finger protein 239, transcript variant X2
NC_069001.1	37784039	37784053	0.36714568734169006	NC_069001.1	37783864	37784142	LOC106868802	0	+	zinc finger protein 91
NC_069001.1	37841500	37841530	0.66717928647995	NC_069001.1	37841072	37842176	LOC106879629	0	+	zinc finger protein ZFP2-like
NC_069001.1	37841535	37841560	0.6900154948234558	NC_069001.1	37841072	37842176	LOC106879629	0	+	zinc finger protein ZFP2-like
NC_069001.1	37841583	37841607	0.7431473135948181	NC_069001.1	37841072	37842176	LOC106879629	0	+	zinc finger protein ZFP2-like
NC_069001.1	37850256	37850279	0.25505661964416504	NC_069001.1	37849304	37850279	LOC106879629	0	+	zinc finger protein ZFP2-like
NC_069002.1	1897044	1897050	0.27829572558403015	NC_069002.1	1897021	1897429	LOC106879976	0	+	TWiK family of potassium channels protein 18, transcript variant X2
NC_069002.1	1897044	1897050	0.27829572558403015	NC_069002.1	1897021	1897429	LOC106879976	0	+	TWiK family of potassium channels protein 18, transcript variant X1
NC_069002.1	1897141	1897173	0.4857631325721741	NC_069002.1	1897021	1897429	LOC106879976	0	+	TWiK family of potassium channels protein 18, transcript variant X2
NC_069002.1	1897141	1897173	0.4857631325721741	NC_069002.1	1897021	1897429	LOC106879976	0	+	TWiK family of potassium channels protein 18, transcript variant X1
NC_069002.1	4668807	4668810	0.4527897834777832	NC_069002.1	4668807	4669998	LOC106868677	0	+	fibroblast growth factor receptor 2
NC_069002.1	8107828	8107842	0.32625913619995117	NC_069002.1	8107826	8107972	LOC106869942	0	+	equilibrative nucleoside transporter 1
NC_069002.1	9210379	9210389	0.46872973442077637	NC_069002.1	9210361	9210566	LOC106874147	0	+	uncharacterized LOC106874147
NC_069002.1	9210406	9210413	0.33361583948135376	NC_069002.1	9210361	9210566	LOC106874147	0	+	uncharacterized LOC106874147
NC_069002.1	9210459	9210464	0.381824254989624	NC_069002.1	9210361	9210566	LOC106874147	0	+	uncharacterized LOC106874147
NC_069002.1	9392554	9392559	0.48099011182785034	NC_069002.1	9391699	9392762	LOC106874151	0	+	uncharacterized LOC106874151, transcript variant X1
NC_069002.1	9392569	9392576	0.3450232148170471	NC_069002.1	9391699	9392762	LOC106874151	0	+	uncharacterized LOC106874151, transcript variant X1
NC_069002.1	9392577	9392587	0.3458085060119629	NC_069002.1	9391699	9392762	LOC106874151	0	+	uncharacterized LOC106874151, transcript variant X1
NC_069002.1	9392595	9392600	0.44991666078567505	NC_069002.1	9391699	9392762	LOC106874151	0	+	uncharacterized LOC106874151, transcript variant X1
NC_069002.1	9392603	9392616	0.4045715928077698	NC_069002.1	9391699	9392762	LOC106874151	0	+	uncharacterized LOC106874151, transcript variant X1
NC_069002.1	9445814	9445824	0.6450768113136292	NC_069002.1	9445380	9445941	LOC106874143	0	+	uncharacterized LOC106874143
NC_069002.1	9445825	9445906	0.9186237454414368	NC_069002.1	9445380	9445941	LOC106874143	0	+	uncharacterized LOC106874143
NC_069002.1	10513839	10513844	0.321090966463089	NC_069002.1	10513204	10515093	LOC106867413	0	+	neuropeptide Y receptor type 5
NC_069002.1	10514038	10514064	0.49290940165519714	NC_069002.1	10513204	10515093	LOC106867413	0	+	neuropeptide Y receptor type 5
NC_069002.1	10514158	10514176	0.35638242959976196	NC_069002.1	10513204	10515093	LOC106867413	0	+	neuropeptide Y receptor type 5
NC_069002.1	10514819	10514883	0.7636172771453857	NC_069002.1	10513204	10515093	LOC106867413	0	+	neuropeptide Y receptor type 5
NC_069002.1	10514942	10514964	0.6737430095672607	NC_069002.1	10513204	10515093	LOC106867413	0	+	neuropeptide Y receptor type 5
NC_069002.1	13673879	13673897	0.8088207840919495	NC_069002.1	13673823	13673912	LOC106869879	0	+	N-glycosylase/DNA lyase, transcript variant X1
NC_069002.1	13673879	13673897	0.8088207840919495	NC_069002.1	13673823	13673912	LOC106869879	0	+	N-glycosylase/DNA lyase, transcript variant X4
NC_069002.1	13673879	13673897	0.8088207840919495	NC_069002.1	13673823	13673912	LOC106869879	0	+	N-glycosylase/DNA lyase, transcript variant X3
NC_069002.1	25179824	25179875	0.46145835518836975	NC_069002.1	25179815	25180164	LOC106873133	0	+	uncharacterized LOC106873133
NC_069002.1	28306897	28306959	0.9248820543289185	NC_069002.1	28306737	28307276	LOC106878540	0	+	uncharacterized LOC106878540, transcript variant X3
NC_069002.1	28306897	28306959	0.9248820543289185	NC_069002.1	28306731	28307276	LOC106878540	0	+	uncharacterized LOC106878540, transcript variant X2
NC_069002.1	28306897	28306959	0.9248820543289185	NC_069002.1	28306731	28307276	LOC106878540	0	+	uncharacterized LOC106878540, transcript variant X1
NC_069002.1	29182386	29182395	0.3323514461517334	NC_069002.1	29182324	29182598	LOC128250516	0	+	uncharacterized LOC128250516, transcript variant X1
NC_069002.1	29182386	29182395	0.3323514461517334	NC_069002.1	29182334	29182598	LOC128250516	0	+	uncharacterized LOC128250516, transcript variant X2
NC_069002.1	29182396	29182408	0.5184609889984131	NC_069002.1	29182324	29182598	LOC128250516	0	+	uncharacterized LOC128250516, transcript variant X1
NC_069002.1	29182396	29182408	0.5184609889984131	NC_069002.1	29182334	29182598	LOC128250516	0	+	uncharacterized LOC128250516, transcript variant X2
NC_069002.1	36791159	36791199	0.4129197597503662	NC_069002.1	36791116	36791394	LOC106874451	0	+	casein kinase I, transcript variant X1
NC_069002.1	36791159	36791199	0.4129197597503662	NC_069002.1	36791127	36791394	LOC106874451	0	+	casein kinase I, transcript variant X3
NC_069002.1	36791159	36791199	0.4129197597503662	NC_069002.1	36791141	36791394	LOC106874451	0	+	casein kinase I, transcript variant X4
NC_069002.1	37405491	37405519	0.42032766342163086	NC_069002.1	37405070	37405999	LOC106880422	0	+	transmembrane protein 184B, transcript variant X2
NC_069002.1	37405816	37405824	0.3369894027709961	NC_069002.1	37405070	37405999	LOC106880422	0	+	transmembrane protein 184B, transcript variant X2
NC_069002.1	37405825	37405830	0.2646839916706085	NC_069002.1	37405070	37405999	LOC106880422	0	+	transmembrane protein 184B, transcript variant X2
NC_069002.1	37506714	37506730	0.47624778747558594	NC_069002.1	37506712	37506791	LOC106877696	0	+	target of rapamycin complex subunit lst8, transcript variant X2
NC_069003.1	3399890	3399910	0.5031721591949463	NC_069003.1	3395713	3401232	LOC106877689	0	+	galactoside alpha-(1,2)-fucosyltransferase 2, transcript variant X1
NC_069003.1	4183040	4183067	0.6572502255439758	NC_069003.1	4182857	4183239	LOC128250586	0	+	voltage-dependent calcium channel gamma-5 subunit-like
NC_069003.1	4183093	4183112	0.7132833003997803	NC_069003.1	4182857	4183239	LOC128250586	0	+	voltage-dependent calcium channel gamma-5 subunit-like
NC_069003.1	5528739	5528757	0.5574040412902832	NC_069003.1	5528473	5529150	LOC106871347	0	+	uncharacterized LOC106871347, transcript variant X2
NC_069003.1	5528739	5528757	0.5574040412902832	NC_069003.1	5528473	5529150	LOC106871347	0	+	uncharacterized LOC106871347, transcript variant X1
NC_069003.1	5528739	5528757	0.5574040412902832	NC_069003.1	5528473	5529150	LOC106871347	0	+	uncharacterized LOC106871347, transcript variant X4
NC_069003.1	7145639	7145650	0.3393659293651581	NC_069003.1	7145520	7146245	LOC106873854	0	+	cerebellar degeneration-related protein 2
NC_069003.1	7145651	7145660	0.29659777879714966	NC_069003.1	7145520	7146245	LOC106873854	0	+	cerebellar degeneration-related protein 2
NC_069003.1	11488207	11488216	0.503157377243042	NC_069003.1	11488041	11488518	LOC106881279	0	+	F-box/WD repeat-containing protein 9, transcript variant X3
NC_069003.1	11488221	11488232	0.4375704824924469	NC_069003.1	11488041	11488518	LOC106881279	0	+	F-box/WD repeat-containing protein 9, transcript variant X3
NC_069003.1	11689825	11689856	0.37768009305000305	NC_069003.1	11688333	11690973	LOC106880355	0	+	putative ferric-chelate reductase 1, transcript variant X2
NC_069003.1	11689890	11689907	0.5258116126060486	NC_069003.1	11688333	11690973	LOC106880355	0	+	putative ferric-chelate reductase 1, transcript variant X2
NC_069003.1	17304822	17304839	0.391651451587677	NC_069003.1	17304700	17305110	LOC106875849	0	+	galactoside alpha-(1,2)-fucosyltransferase 2, transcript variant X3
NC_069003.1	17304822	17304839	0.391651451587677	NC_069003.1	17304700	17305110	LOC106875849	0	+	galactoside alpha-(1,2)-fucosyltransferase 2, transcript variant X2
NC_069003.1	20299463	20299481	0.6611872911453247	NC_069003.1	20298914	20300366	LOC106873787	0	+	serine/threonine-protein phosphatase 6 regulatory ankyrin repeat subunit B
NC_069003.1	20299731	20299736	0.37473589181900024	NC_069003.1	20298914	20300366	LOC106873787	0	+	serine/threonine-protein phosphatase 6 regulatory ankyrin repeat subunit B
NC_069003.1	29082958	29082974	0.6214370727539062	NC_069003.1	29082917	29083614	LOC106877242	0	+	somatostatin receptor type 2, transcript variant X3
NC_069003.1	29082958	29082974	0.6214370727539062	NC_069003.1	29082917	29083614	LOC106877242	0	+	somatostatin receptor type 2, transcript variant X1
NC_069003.1	29082958	29082974	0.6214370727539062	NC_069003.1	29082917	29083614	LOC106877242	0	+	somatostatin receptor type 2, transcript variant X2
NC_069003.1	29082979	29082998	0.7208312153816223	NC_069003.1	29082917	29083614	LOC106877242	0	+	somatostatin receptor type 2, transcript variant X3
NC_069003.1	29082979	29082998	0.7208312153816223	NC_069003.1	29082917	29083614	LOC106877242	0	+	somatostatin receptor type 2, transcript variant X1
NC_069003.1	29082979	29082998	0.7208312153816223	NC_069003.1	29082917	29083614	LOC106877242	0	+	somatostatin receptor type 2, transcript variant X2
NC_069003.1	33435601	33435616	0.742877721786499	NC_069003.1	33433844	33435736	LOC106875496	0	+	uncharacterized LOC106875496
NC_069003.1	33454699	33454712	0.5775611996650696	NC_069003.1	33454616	33455095	LOC106875494	0	+	bone morphogenetic protein 7
NC_069003.1	33591965	33592005	0.40820378065109253	NC_069003.1	33591382	33592351	LOC106868162	0	+	heparan sulfate glucosamine 3-O-sulfotransferase 5, transcript variant X7
NC_069003.1	33591965	33592005	0.40820378065109253	NC_069003.1	33591372	33592351	LOC106868162	0	+	heparan sulfate glucosamine 3-O-sulfotransferase 5, transcript variant X2
NC_069003.1	33591965	33592005	0.40820378065109253	NC_069003.1	33591382	33592351	LOC106868162	0	+	heparan sulfate glucosamine 3-O-sulfotransferase 5, transcript variant X4
NC_069004.1	1845875	1845890	0.7519845962524414	NC_069004.1	1845847	1845960	LOC106875900	0	+	ubiquitin conjugation factor E4 A, transcript variant X1
NC_069004.1	2206210	2206237	0.6880099177360535	NC_069004.1	2205050	2206502	LOC106877533	0	+	uncharacterized LOC106877533, transcript variant X1
NC_069004.1	2206270	2206290	0.8439452052116394	NC_069004.1	2205050	2206502	LOC106877533	0	+	uncharacterized LOC106877533, transcript variant X1
NC_069004.1	2206361	2206386	0.7404899597167969	NC_069004.1	2205050	2206502	LOC106877533	0	+	uncharacterized LOC106877533, transcript variant X1
NC_069004.1	2528701	2528748	0.819084882736206	NC_069004.1	2528697	2529589	LOC106881429	0	+	sialin-like, transcript variant X1
NC_069004.1	2528778	2528801	0.8502147793769836	NC_069004.1	2528697	2529589	LOC106881429	0	+	sialin-like, transcript variant X1
NC_069004.1	2540991	2541014	0.4742790758609772	NC_069004.1	2540147	2541099	LOC106881429	0	+	sialin-like, transcript variant X2
NC_069004.1	2540991	2541014	0.4742790758609772	NC_069004.1	2540147	2541099	LOC106881429	0	+	sialin-like, transcript variant X3
NC_069004.1	2540991	2541014	0.4742790758609772	NC_069004.1	2540147	2541099	LOC106881429	0	+	sialin-like, transcript variant X1
NC_069004.1	2541015	2541021	0.33372318744659424	NC_069004.1	2540147	2541099	LOC106881429	0	+	sialin-like, transcript variant X2
NC_069004.1	2541015	2541021	0.33372318744659424	NC_069004.1	2540147	2541099	LOC106881429	0	+	sialin-like, transcript variant X3
NC_069004.1	2541015	2541021	0.33372318744659424	NC_069004.1	2540147	2541099	LOC106881429	0	+	sialin-like, transcript variant X1
NC_069004.1	8976044	8976053	0.2767248749732971	NC_069004.1	8975937	8976504	LOC106880251	0	+	uncharacterized LOC106880251, transcript variant X5
NC_069004.1	8976044	8976053	0.2767248749732971	NC_069004.1	8975952	8976504	LOC106880251	0	+	uncharacterized LOC106880251, transcript variant X3
NC_069004.1	8976044	8976053	0.2767248749732971	NC_069004.1	8975952	8976504	LOC106880251	0	+	uncharacterized LOC106880251, transcript variant X4
NC_069004.1	8976044	8976053	0.2767248749732971	NC_069004.1	8975924	8976504	LOC106880251	0	+	uncharacterized LOC106880251, transcript variant X2
NC_069004.1	8976044	8976053	0.2767248749732971	NC_069004.1	8975953	8976504	LOC106880251	0	+	uncharacterized LOC106880251, transcript variant X1
NC_069004.1	9544058	9544094	0.7643718719482422	NC_069004.1	9544044	9544304	LOC106876234	0	+	tetratricopeptide repeat protein 38, transcript variant X1
NC_069004.1	9544058	9544094	0.7643718719482422	NC_069004.1	9544043	9544304	LOC106876234	0	+	tetratricopeptide repeat protein 38, transcript variant X2
NC_069004.1	9544099	9544119	0.6361080408096313	NC_069004.1	9544044	9544304	LOC106876234	0	+	tetratricopeptide repeat protein 38, transcript variant X1
NC_069004.1	9544099	9544119	0.6361080408096313	NC_069004.1	9544043	9544304	LOC106876234	0	+	tetratricopeptide repeat protein 38, transcript variant X2
NC_069004.1	9544167	9544189	0.4969199299812317	NC_069004.1	9544044	9544304	LOC106876234	0	+	tetratricopeptide repeat protein 38, transcript variant X1
NC_069004.1	9544167	9544189	0.4969199299812317	NC_069004.1	9544043	9544304	LOC106876234	0	+	tetratricopeptide repeat protein 38, transcript variant X2
NC_069004.1	16583257	16583264	0.5518521070480347	NC_069004.1	16583244	16583597	LOC106869828	0	+	nuclear receptor coactivator 3, transcript variant X8
NC_069004.1	17267811	17267823	0.4606199264526367	NC_069004.1	17267793	17268066	LOC106879130	0	+	uncharacterized LOC106879130, transcript variant X7
NC_069004.1	17267811	17267823	0.4606199264526367	NC_069004.1	17267793	17268066	LOC106879130	0	+	uncharacterized LOC106879130, transcript variant X6
NC_069004.1	17267811	17267823	0.4606199264526367	NC_069004.1	17267793	17268066	LOC106879130	0	+	uncharacterized LOC106879130, transcript variant X4
NC_069004.1	17267811	17267823	0.4606199264526367	NC_069004.1	17267793	17268066	LOC106879130	0	+	uncharacterized LOC106879130, transcript variant X5
NC_069004.1	17267842	17267852	0.31720468401908875	NC_069004.1	17267793	17268066	LOC106879130	0	+	uncharacterized LOC106879130, transcript variant X7
NC_069004.1	17267842	17267852	0.31720468401908875	NC_069004.1	17267793	17268066	LOC106879130	0	+	uncharacterized LOC106879130, transcript variant X6
NC_069004.1	17267842	17267852	0.31720468401908875	NC_069004.1	17267793	17268066	LOC106879130	0	+	uncharacterized LOC106879130, transcript variant X4
NC_069004.1	17267842	17267852	0.31720468401908875	NC_069004.1	17267793	17268066	LOC106879130	0	+	uncharacterized LOC106879130, transcript variant X5
NC_069004.1	31898491	31898508	0.5296560525894165	NC_069004.1	31898247	31899169	LOC106882839	0	+	adhesion G protein-coupled receptor B1, transcript variant X6
NC_069004.1	31898491	31898508	0.5296560525894165	NC_069004.1	31898247	31899747	LOC106882839	0	+	adhesion G protein-coupled receptor B1, transcript variant X4
NC_069004.1	31898491	31898508	0.5296560525894165	NC_069004.1	31898247	31899747	LOC106882839	0	+	adhesion G protein-coupled receptor B1, transcript variant X2
NC_069004.1	31898491	31898508	0.5296560525894165	NC_069004.1	31898246	31899747	LOC106882839	0	+	adhesion G protein-coupled receptor B1, transcript variant X7
NC_069004.1	33400401	33400406	0.3420553207397461	NC_069004.1	33400401	33400520	LOC106873784	0	+	myosin regulatory light chain 12A, transcript variant X1
NC_069005.1	6923144	6923217	0.792881429195404	NC_069005.1	6923144	6923416	LOC106875049	0	+	uncharacterized LOC106875049
NC_069005.1	6923221	6923237	0.5089807510375977	NC_069005.1	6923144	6923416	LOC106875049	0	+	uncharacterized LOC106875049
NC_069005.1	14796044	14796049	0.30241164565086365	NC_069005.1	14796038	14796883	LOC106871259	0	+	eukaryotic translation initiation factor 4 gamma 1, transcript variant X1
NC_069005.1	14796044	14796049	0.30241164565086365	NC_069005.1	14796038	14796883	LOC106871259	0	+	eukaryotic translation initiation factor 4 gamma 1, transcript variant X3
NC_069005.1	14796050	14796056	0.40946152806282043	NC_069005.1	14796038	14796883	LOC106871259	0	+	eukaryotic translation initiation factor 4 gamma 1, transcript variant X1
NC_069005.1	14796050	14796056	0.40946152806282043	NC_069005.1	14796038	14796883	LOC106871259	0	+	eukaryotic translation initiation factor 4 gamma 1, transcript variant X3
NC_069005.1	21316012	21316029	0.4765835404396057	NC_069005.1	21315791	21316172	LOC106878722	0	+	putative uncharacterized protein DDB_G0282133
NC_069005.1	21316086	21316097	0.3883560299873352	NC_069005.1	21315791	21316172	LOC106878722	0	+	putative uncharacterized protein DDB_G0282133
NC_069005.1	21316098	21316127	0.4055202305316925	NC_069005.1	21315791	21316172	LOC106878722	0	+	putative uncharacterized protein DDB_G0282133
NC_069005.1	22363277	22363283	0.3002222776412964	NC_069005.1	22358767	22366852	LOC106882576	0	+	cytochrome P450 2U1
NC_069005.1	26645134	26645146	0.2755996584892273	NC_069005.1	26644875	26645213	LOC106877623	0	+	slit homolog 3 protein, transcript variant X2
NC_069005.1	26645134	26645146	0.2755996584892273	NC_069005.1	26644876	26645213	LOC106877623	0	+	slit homolog 3 protein, transcript variant X1
NC_069005.1	28999937	28999983	0.9377023577690125	NC_069005.1	28999643	29000800	LOC106883896	0	+	NAD(+) hydrolase sarm1
NC_069005.1	28999988	29000045	0.9513947367668152	NC_069005.1	28999643	29000800	LOC106883896	0	+	NAD(+) hydrolase sarm1
NC_069005.1	31347960	31347973	0.5175148248672485	NC_069005.1	31347871	31348038	LOC106880688	0	+	uncharacterized LOC106880688, transcript variant X1
NC_069005.1	31347960	31347973	0.5175148248672485	NC_069005.1	31347871	31348034	LOC106880688	0	+	uncharacterized LOC106880688, transcript variant X2
NC_069005.1	35261416	35261418	0.8411732912063599	NC_069005.1	35261416	35261579	LOC106872871	0	+	protection of telomeres protein 1, transcript variant X3
NC_069005.1	35261416	35261418	0.8411732912063599	NC_069005.1	35261416	35261523	LOC106872871	0	+	protection of telomeres protein 1, transcript variant X2
NC_069005.1	35261416	35261418	0.8411732912063599	NC_069005.1	35261416	35261523	LOC106872871	0	+	protection of telomeres protein 1, transcript variant X4
NC_069006.1	7477576	7477584	0.2858187258243561	NC_069006.1	7477242	7477783	LOC106874644	0	+	uncharacterized LOC106874644
NC_069006.1	19075974	19075986	0.47966107726097107	NC_069006.1	19075921	19077495	LOC106870348	0	+	protein retinal degeneration B-like, transcript variant X4
NC_069006.1	19075974	19075986	0.47966107726097107	NC_069006.1	19075915	19077495	LOC106870348	0	+	protein retinal degeneration B-like, transcript variant X5
NC_069006.1	19075974	19075986	0.47966107726097107	NC_069006.1	19075918	19077495	LOC106870348	0	+	protein retinal degeneration B-like, transcript variant X1
NC_069006.1	19075974	19075986	0.47966107726097107	NC_069006.1	19075917	19077495	LOC106870348	0	+	protein retinal degeneration B-like, transcript variant X7
NC_069006.1	19075974	19075986	0.47966107726097107	NC_069006.1	19075914	19077495	LOC106870348	0	+	protein retinal degeneration B-like, transcript variant X6
NC_069006.1	19076321	19076326	0.3220342695713043	NC_069006.1	19075921	19077495	LOC106870348	0	+	protein retinal degeneration B-like, transcript variant X4
NC_069006.1	19076321	19076326	0.3220342695713043	NC_069006.1	19075915	19077495	LOC106870348	0	+	protein retinal degeneration B-like, transcript variant X5
NC_069006.1	19076321	19076326	0.3220342695713043	NC_069006.1	19075918	19077495	LOC106870348	0	+	protein retinal degeneration B-like, transcript variant X1
NC_069006.1	19076321	19076326	0.3220342695713043	NC_069006.1	19075917	19077495	LOC106870348	0	+	protein retinal degeneration B-like, transcript variant X7
NC_069006.1	19076321	19076326	0.3220342695713043	NC_069006.1	19075914	19077495	LOC106870348	0	+	protein retinal degeneration B-like, transcript variant X6
NC_069006.1	19077702	19077717	0.3708046078681946	NC_069006.1	19077540	19078419	LOC106870348	0	+	protein retinal degeneration B-like, transcript variant X2
NC_069006.1	19077944	19077982	0.895341694355011	NC_069006.1	19077540	19078419	LOC106870348	0	+	protein retinal degeneration B-like, transcript variant X2
NC_069006.1	19078030	19078049	0.8811048269271851	NC_069006.1	19077540	19078419	LOC106870348	0	+	protein retinal degeneration B-like, transcript variant X2
NC_069006.1	19078069	19078088	0.8530270457267761	NC_069006.1	19077540	19078419	LOC106870348	0	+	protein retinal degeneration B-like, transcript variant X2
NC_069006.1	19078169	19078176	0.4116184413433075	NC_069006.1	19077540	19078419	LOC106870348	0	+	protein retinal degeneration B-like, transcript variant X2
NC_069006.1	19078179	19078188	0.3874542713165283	NC_069006.1	19077540	19078419	LOC106870348	0	+	protein retinal degeneration B-like, transcript variant X2
NC_069006.1	19648458	19648473	0.9236837029457092	NC_069006.1	19648458	19649827	LOC106872381	0	+	forkhead-associated domain-containing protein 1, transcript variant X2
NC_069006.1	22703338	22703354	0.5752573609352112	NC_069006.1	22703330	22703549	LOC106876518	0	+	D-glucuronyl C5-epimerase, transcript variant X3
NC_069006.1	26262969	26263006	0.7473276853561401	NC_069006.1	26262969	26263165	LOC106882123	0	+	placenta-specific gene 8 protein, transcript variant X2
NC_069006.1	26262971	26263006	0.7473276853561401	NC_069006.1	26262971	26263177	LOC106882123	0	+	placenta-specific gene 8 protein, transcript variant X1
NC_069006.1	26465885	26465906	0.4020683169364929	NC_069006.1	26465355	26468410	LOC106882118	0	+	uncharacterized LOC106882118
NC_069006.1	26466837	26466842	0.32645541429519653	NC_069006.1	26465355	26468410	LOC106882118	0	+	uncharacterized LOC106882118
NC_069006.1	26466994	26467008	0.3522596061229706	NC_069006.1	26465355	26468410	LOC106882118	0	+	uncharacterized LOC106882118
NC_069007.1	4008661	4008669	0.2876378893852234	NC_069007.1	4008633	4008760	LOC106879168	0	+	uncharacterized LOC106879168
NC_069007.1	7026130	7026158	0.7309693694114685	NC_069007.1	7024627	7026410	LOC106868984	0	+	dentin sialophosphoprotein
NC_069007.1	7026175	7026209	0.8039000630378723	NC_069007.1	7024627	7026410	LOC106868984	0	+	dentin sialophosphoprotein
NC_069007.1	7026233	7026260	0.7372772097587585	NC_069007.1	7024627	7026410	LOC106868984	0	+	dentin sialophosphoprotein
NC_069007.1	13054105	13054113	0.8971792459487915	NC_069007.1	13054105	13054575	LOC106867683	0	+	prostaglandin G/H synthase 1, transcript variant X2
NC_069007.1	13054107	13054113	0.8971792459487915	NC_069007.1	13054107	13054575	LOC106867683	0	+	prostaglandin G/H synthase 1, transcript variant X1
NC_069007.1	13054165	13054190	0.9262421131134033	NC_069007.1	13054105	13054575	LOC106867683	0	+	prostaglandin G/H synthase 1, transcript variant X2
NC_069007.1	13054165	13054190	0.9262421131134033	NC_069007.1	13054107	13054575	LOC106867683	0	+	prostaglandin G/H synthase 1, transcript variant X1
NC_069007.1	14328729	14328743	0.42423364520072937	NC_069007.1	14327311	14329374	LOC106878772	0	+	zinc finger protein OZF
NC_069007.1	14328910	14328929	0.6180164217948914	NC_069007.1	14327311	14329374	LOC106878772	0	+	zinc finger protein OZF
NC_069007.1	16841986	16842016	0.9033411145210266	NC_069007.1	16841701	16842792	LOC106881978	0	+	protein SPEC3
NC_069007.1	18525107	18525130	0.44045549631118774	NC_069007.1	18525107	18525248	LOC106883794	0	+	uncharacterized LOC106883794, transcript variant X2
NC_069007.1	18525107	18525130	0.44045549631118774	NC_069007.1	18525107	18525300	LOC106883794	0	+	uncharacterized LOC106883794, transcript variant X1
NC_069007.1	20858711	20858717	0.4273277819156647	NC_069007.1	20858074	20858787	LOC128246991	0	+	zinc finger protein 98-like
NC_069007.1	20991876	20991881	0.28779336810112	NC_069007.1	20991868	20992225	LOC106870986	0	+	uncharacterized transmembrane protein DDB_G0285607
NC_069007.1	20992223	20992225	0.3908979892730713	NC_069007.1	20991868	20992225	LOC106870986	0	+	uncharacterized transmembrane protein DDB_G0285607
NC_069007.1	21393193	21393199	0.3388001620769501	NC_069007.1	21392441	21393622	LOC106867801	0	+	probable serine/threonine-protein kinase MARK-A, transcript variant X2
NC_069008.1	1585243	1585261	0.8787117600440979	NC_069008.1	1585128	1585748	LOC128251087	0	+	zinc finger protein 239-like, transcript variant X1
NC_069008.1	1585243	1585261	0.8787117600440979	NC_069008.1	1585128	1585748	LOC128251087	0	+	zinc finger protein 239-like, transcript variant X2
NC_069008.1	1585632	1585646	0.42856234312057495	NC_069008.1	1585128	1585748	LOC128251087	0	+	zinc finger protein 239-like, transcript variant X1
NC_069008.1	1585632	1585646	0.42856234312057495	NC_069008.1	1585128	1585748	LOC128251087	0	+	zinc finger protein 239-like, transcript variant X2
NC_069008.1	2146133	2146150	0.810617983341217	NC_069008.1	2146081	2146268	LOC106878339	0	+	zinc finger protein 271, transcript variant X2
NC_069008.1	5778727	5778738	0.4511590600013733	NC_069008.1	5778727	5778877	LOC106871782	0	+	zinc finger protein 271-like
NC_069008.1	7417175	7417184	0.5346250534057617	NC_069008.1	7417022	7417364	LOC106872547	0	+	zinc finger protein OZF
NC_069008.1	8565840	8565883	0.6096569299697876	NC_069008.1	8565824	8566207	LOC128251187	0	+	peptidase inhibitor 15-like
NC_069008.1	11912310	11912317	0.312136173248291	NC_069008.1	11912137	11912421	LOC106873531	0	+	zinc finger protein 271, transcript variant X2
NC_069008.1	11965746	11965764	0.704400897026062	NC_069008.1	11965497	11966791	LOC106873529	0	+	uncharacterized LOC106873529
NC_069008.1	11965824	11965841	0.6982606053352356	NC_069008.1	11965497	11966791	LOC106873529	0	+	uncharacterized LOC106873529
NC_069008.1	11965905	11965932	0.7437103986740112	NC_069008.1	11965497	11966791	LOC106873529	0	+	uncharacterized LOC106873529
NC_069008.1	12231369	12231374	0.5152639150619507	NC_069008.1	12231369	12231482	LOC106868404	0	+	zinc finger protein 239, transcript variant X1
NC_069008.1	13103316	13103340	0.7413950562477112	NC_069008.1	13102264	13103624	LOC128251175	0	+	zinc finger protein 271-like
NC_069008.1	15035782	15035796	0.4209834635257721	NC_069008.1	15034470	15036677	LOC106873065	0	+	zinc finger protein 271, transcript variant X4
NC_069008.1	15184601	15184612	0.36463725566864014	NC_069008.1	15184189	15185514	LOC106873073	0	+	zinc finger protein 239
NC_069008.1	15184613	15184625	0.379656583070755	NC_069008.1	15184189	15185514	LOC106873073	0	+	zinc finger protein 239
NC_069008.1	15185331	15185336	0.3221604824066162	NC_069008.1	15184189	15185514	LOC106873073	0	+	zinc finger protein 239
NC_069008.1	15313457	15313476	0.5872963070869446	NC_069008.1	15313117	15313671	LOC106873058	0	+	zinc finger protein 62 homolog, transcript variant X1
NC_069008.1	15453878	15453898	0.5921088457107544	NC_069008.1	15453315	15454076	LOC106872079	0	+	zinc finger protein 239, transcript variant X2
NC_069008.1	15484792	15484815	0.8706544637680054	NC_069008.1	15484755	15484901	LOC128251079	0	+	zinc finger protein 117-like, transcript variant X2
NC_069008.1	15484837	15484853	0.9184563755989075	NC_069008.1	15484755	15484901	LOC128251079	0	+	zinc finger protein 117-like, transcript variant X2
NC_069008.1	15508006	15508013	0.3500995337963104	NC_069008.1	15507076	15508169	LOC106872079	0	+	zinc finger protein 239, transcript variant X1
NC_069008.1	15573108	15573126	0.7058654427528381	NC_069008.1	15572738	15573280	LOC128251075	0	+	zinc finger protein 135-like, transcript variant X1
NC_069008.1	15945096	15945101	0.2838001251220703	NC_069008.1	15945092	15945283	LOC106883567	0	+	zinc finger protein OZF-like
NC_069008.1	16133016	16133032	0.8039581775665283	NC_069008.1	16131844	16134167	LOC106868503	0	+	zinc finger protein 208
NC_069008.1	16133073	16133097	0.8842474818229675	NC_069008.1	16131844	16134167	LOC106868503	0	+	zinc finger protein 208
NC_069008.1	16513709	16513717	0.3922511339187622	NC_069008.1	16513709	16514047	LOC128251121	0	+	zinc finger protein 665-like, transcript variant X2
NC_069008.1	16513709	16513717	0.3922511339187622	NC_069008.1	16513709	16514117	LOC128251121	0	+	zinc finger protein 665-like, transcript variant X1
NC_069008.1	16513729	16513752	0.3736688494682312	NC_069008.1	16513709	16514047	LOC128251121	0	+	zinc finger protein 665-like, transcript variant X2
NC_069008.1	16513729	16513752	0.3736688494682312	NC_069008.1	16513709	16514117	LOC128251121	0	+	zinc finger protein 665-like, transcript variant X1
NC_069008.1	16575508	16575520	0.3980233371257782	NC_069008.1	16574907	16576180	LOC106883481	0	+	zinc finger protein 429, transcript variant X1
NC_069009.1	550020	550051	0.8901086449623108	NC_069009.1	549747	550535	LOC128251256	0	+	zinc finger protein 836-like
NC_069009.1	1044971	1044975	0.5470193028450012	NC_069009.1	1044971	1045275	LOC106867743	0	+	zinc finger protein 98-like, transcript variant X1
NC_069009.1	1044971	1044975	0.5470193028450012	NC_069009.1	1044971	1045275	LOC106867743	0	+	zinc finger protein 98-like, transcript variant X2
NC_069009.1	1144060	1144082	0.7351224422454834	NC_069009.1	1143813	1144382	LOC106867742	0	+	uncharacterized LOC106867742, transcript variant X2
NC_069009.1	1144288	1144307	0.8118069767951965	NC_069009.1	1143813	1144382	LOC106867742	0	+	uncharacterized LOC106867742, transcript variant X2
NC_069009.1	1318876	1318891	0.5429525375366211	NC_069009.1	1318700	1319036	LOC106873425	0	+	zinc finger protein OZF
NC_069009.1	1380314	1380330	0.7749183177947998	NC_069009.1	1379900	1380353	LOC106873435	0	+	zinc finger protein OZF, transcript variant X4
NC_069009.1	1652429	1652452	0.4789911210536957	NC_069009.1	1651964	1652867	LOC106878082	0	+	zinc finger protein 260
NC_069009.1	1717025	1717044	0.6975568532943726	NC_069009.1	1716756	1717436	LOC106884131	0	+	mesoderm-specific transcript homolog protein
NC_069009.1	1717118	1717137	0.8037057518959045	NC_069009.1	1716756	1717436	LOC106884131	0	+	mesoderm-specific transcript homolog protein
NC_069009.1	1717145	1717152	0.7646898627281189	NC_069009.1	1716756	1717436	LOC106884131	0	+	mesoderm-specific transcript homolog protein
NC_069009.1	3171685	3171726	0.48091572523117065	NC_069009.1	3171479	3172380	LOC106871537	0	+	uncharacterized LOC106871537
NC_069009.1	4160295	4160313	0.8458078503608704	NC_069009.1	4159916	4161394	LOC106878260	0	+	zinc finger protein 271-like, transcript variant X1
NC_069009.1	8673007	8673016	0.3305170238018036	NC_069009.1	8672701	8673184	LOC106868303	0	+	toll-like receptor 2 type-2
NC_069009.1	9558349	9558362	0.6818735003471375	NC_069009.1	9558349	9558529	LOC106878784	0	+	zinc finger protein 62 homolog
NC_069010.1	3034698	3034715	0.6390669941902161	NC_069010.1	3034698	3035080	LOC106883927	0	+	E3 ubiquitin-protein ligase MIB2, transcript variant X4
NC_069010.1	3034697	3034715	0.6390669941902161	NC_069010.1	3034697	3035080	LOC106883927	0	+	E3 ubiquitin-protein ligase MIB2, transcript variant X2
NC_069010.1	4654288	4654293	0.2909487187862396	NC_069010.1	4653845	4654562	LOC106884179	0	+	coiled-coil domain-containing protein 74B
NC_069010.1	4654326	4654331	0.3114677667617798	NC_069010.1	4653845	4654562	LOC106884179	0	+	coiled-coil domain-containing protein 74B
NC_069010.1	4654342	4654349	0.2791820168495178	NC_069010.1	4653845	4654562	LOC106884179	0	+	coiled-coil domain-containing protein 74B
NC_069010.1	6504105	6504111	0.6139642000198364	NC_069010.1	6504105	6504207	LOC106877142	0	+	uncharacterized LOC106877142
NC_069010.1	7415777	7415831	0.955345094203949	NC_069010.1	7415740	7416977	LOC106870580	0	+	protein polybromo-1
NC_069010.1	7416211	7416216	0.3409575819969177	NC_069010.1	7415740	7416977	LOC106870580	0	+	protein polybromo-1
NC_069010.1	7416530	7416538	0.34914812445640564	NC_069010.1	7415740	7416977	LOC106870580	0	+	protein polybromo-1
NC_069010.1	7416548	7416555	0.2908327877521515	NC_069010.1	7415740	7416977	LOC106870580	0	+	protein polybromo-1
NC_069010.1	7444351	7444365	0.5028463006019592	NC_069010.1	7442993	7445487	LOC106874992	0	+	uncharacterized LOC106874992
NC_069010.1	7444484	7444502	0.8578855991363525	NC_069010.1	7442993	7445487	LOC106874992	0	+	uncharacterized LOC106874992
NC_069010.1	9021778	9021785	0.3603598475456238	NC_069010.1	9021080	9021900	LOC106879204	0	+	F-box only protein 8, transcript variant X2
NC_069010.1	9021778	9021785	0.3603598475456238	NC_069010.1	9021081	9022215	LOC106879204	0	+	F-box only protein 8, transcript variant X1
NC_069010.1	9400579	9400588	0.45817831158638	NC_069010.1	9400295	9401022	LOC106882469	0	+	cytospin-A, transcript variant X3
NC_069010.1	9400637	9400644	0.4444372355937958	NC_069010.1	9400295	9401022	LOC106882469	0	+	cytospin-A, transcript variant X3
NW_026315910.1	19447	19454	0.3474779427051544	NW_026315910.1	19270	20148	LOC106875647	0	+	ankyrin repeat and sterile alpha motif domain-containing protein 1B
NW_026315910.1	19464	19481	0.37070852518081665	NW_026315910.1	19270	20148	LOC106875647	0	+	ankyrin repeat and sterile alpha motif domain-containing protein 1B
NW_026315910.1	19937	19942	0.29279157519340515	NW_026315910.1	19270	20148	LOC106875647	0	+	ankyrin repeat and sterile alpha motif domain-containing protein 1B
NW_026365845.1	30671	30692	0.9001368284225464	NW_026365845.1	29963	31486	LOC106878974	0	+	zinc finger protein 665, transcript variant X1
NW_026365845.1	31318	31333	0.7267618179321289	NW_026365845.1	29963	31486	LOC106878974	0	+	zinc finger protein 665, transcript variant X1
NW_026430925.1	19560	19579	0.8487594723701477	NW_026430925.1	19368	19614	LOC106879904	0	+	zinc finger protein 180
NW_026439423.1	13804	13825	0.8769475817680359	NW_026439423.1	13786	13955	LOC106881960	0	+	uncharacterized LOC106881960, transcript variant X1
NW_026439423.1	13804	13825	0.8769475817680359	NW_026439423.1	13779	13955	LOC106881960	0	+	uncharacterized LOC106881960, transcript variant X2
NW_026439423.1	13888	13896	0.4964873790740967	NW_026439423.1	13786	13955	LOC106881960	0	+	uncharacterized LOC106881960, transcript variant X1
NW_026439423.1	13888	13896	0.4964873790740967	NW_026439423.1	13779	13955	LOC106881960	0	+	uncharacterized LOC106881960, transcript variant X2
