NC_068981.1	3924974	3924981	0.39797264337539673	NC_068981.1	3924748	3924991	LOC106870901	0	-
NC_068981.1	3980953	3980964	0.4748847782611847	NC_068981.1	3980857	3981526	LOC106870637	0	+
NC_068981.1	3980953	3980964	0.4748847782611847	NC_068981.1	3980858	3981526	LOC106870637	0	+
NC_068981.1	3980965	3980979	0.4102168381214142	NC_068981.1	3980857	3981526	LOC106870637	0	+
NC_068981.1	3980965	3980979	0.4102168381214142	NC_068981.1	3980858	3981526	LOC106870637	0	+
NC_068981.1	4205272	4205277	0.3484044671058655	NC_068981.1	4204994	4205499	LOC106880950	0	+
NC_068981.1	4646235	4646312	0.9560199975967407	NC_068981.1	4644302	4646718	LOC106875876	0	-
NC_068981.1	4646235	4646312	0.9560199975967407	NC_068981.1	4644302	4646718	LOC106875876	0	-
NC_068981.1	4646353	4646384	0.9177535176277161	NC_068981.1	4644302	4646718	LOC106875876	0	-
NC_068981.1	4646353	4646384	0.9177535176277161	NC_068981.1	4644302	4646718	LOC106875876	0	-
NC_068981.1	4646604	4646611	0.41314461827278137	NC_068981.1	4644302	4646718	LOC106875876	0	-
NC_068981.1	4646604	4646611	0.41314461827278137	NC_068981.1	4644302	4646718	LOC106875876	0	-
NC_068981.1	12598451	12598490	0.8872810006141663	NC_068981.1	12598104	12598863	LOC106870672	0	-
NC_068981.1	12598451	12598490	0.8872810006141663	NC_068981.1	12598104	12598863	LOC106870672	0	-
NC_068981.1	18287520	18287525	0.3341490924358368	NC_068981.1	18285336	18287991	LOC106867686	0	+
NC_068981.1	21680628	21680655	0.35280799865722656	NC_068981.1	21680628	21680950	LOC106878512	0	+
NC_068981.1	24596616	24596640	0.6527881026268005	NC_068981.1	24596616	24601370	LOC106874648	0	+
NC_068981.1	26238036	26238056	0.4637632369995117	NC_068981.1	26236366	26238400	LOC106876180	0	-
NC_068981.1	26238036	26238056	0.4637632369995117	NC_068981.1	26236366	26238400	LOC106876180	0	-
NC_068981.1	26238036	26238056	0.4637632369995117	NC_068981.1	26236366	26238400	LOC106876180	0	-
NC_068981.1	26238036	26238056	0.4637632369995117	NC_068981.1	26236366	26238400	LOC106876180	0	-
NC_068981.1	26238036	26238056	0.4637632369995117	NC_068981.1	26236366	26238400	LOC106876180	0	-
NC_068981.1	26238036	26238056	0.4637632369995117	NC_068981.1	26236366	26238400	LOC106876180	0	-
NC_068981.1	26238036	26238056	0.4637632369995117	NC_068981.1	26236366	26238400	LOC106876180	0	-
NC_068981.1	33429602	33429616	0.42311081290245056	NC_068981.1	33428432	33430115	LOC106878029	0	-
NC_068981.1	33430830	33430896	0.9353736042976379	NC_068981.1	33430383	33430896	LOC106878029	0	-
NC_068981.1	33430830	33430893	0.9353736042976379	NC_068981.1	33430383	33430893	LOC106878029	0	-
NC_068981.1	33430830	33430896	0.9353736042976379	NC_068981.1	33430383	33431086	LOC106878029	0	-
NC_068981.1	33430830	33430893	0.9353736042976379	NC_068981.1	33430383	33430893	LOC106878029	0	-
NC_068981.1	33430830	33430893	0.9353736042976379	NC_068981.1	33430383	33430893	LOC106878029	0	-
NC_068981.1	33430830	33430896	0.9353736042976379	NC_068981.1	33430383	33430905	LOC106878029	0	-
NC_068981.1	33430830	33430890	0.9353736042976379	NC_068981.1	33430383	33430890	LOC106878029	0	-
NC_068981.1	33538880	33538895	0.7950547933578491	NC_068981.1	33538845	33538959	LOC106879639	0	+
NC_068981.1	41962313	41962334	0.6623407602310181	NC_068981.1	41962252	41962608	LOC106869199	0	+
NC_068981.1	57425594	57425607	0.6349166035652161	NC_068981.1	57425510	57425635	LOC106881034	0	+
NC_068981.1	59152244	59152262	0.3934893012046814	NC_068981.1	59151959	59153916	LOC106877850	0	-
NC_068981.1	59152244	59152262	0.3934893012046814	NC_068981.1	59151959	59153916	LOC106877850	0	-
NC_068981.1	59152244	59152262	0.3934893012046814	NC_068981.1	59151959	59153916	LOC106877850	0	-
NC_068981.1	71144051	71144064	0.3506838083267212	NC_068981.1	71144008	71144351	LOC106870560	0	+
NC_068981.1	71144051	71144064	0.3506838083267212	NC_068981.1	71144008	71144351	LOC106870560	0	+
NC_068981.1	71144070	71144086	0.37082892656326294	NC_068981.1	71144008	71144351	LOC106870560	0	+
NC_068981.1	71144070	71144086	0.37082892656326294	NC_068981.1	71144008	71144351	LOC106870560	0	+
NC_068981.1	72581835	72581845	0.486611545085907	NC_068981.1	72581809	72582629	LOC106871880	0	+
NC_068981.1	72581856	72581863	0.3028542399406433	NC_068981.1	72581809	72582629	LOC106871880	0	+
NC_068981.1	72581907	72581936	0.45020678639411926	NC_068981.1	72581809	72582629	LOC106871880	0	+
NC_068981.1	72581941	72581976	0.4532289206981659	NC_068981.1	72581809	72582629	LOC106871880	0	+
NC_068981.1	72582015	72582059	0.45894965529441833	NC_068981.1	72581809	72582629	LOC106871880	0	+
NC_068981.1	72582290	72582331	0.9457438588142395	NC_068981.1	72581809	72582629	LOC106871880	0	+
NC_068981.1	72582510	72582560	0.8724070191383362	NC_068981.1	72581809	72582629	LOC106871880	0	+
NC_068981.1	78832939	78832944	0.30642184615135193	NC_068981.1	78832781	78833196	LOC106883562	0	-
NC_068981.1	79962658	79962745	0.9318451881408691	NC_068981.1	79962186	79963537	LOC106877089	0	+
NC_068981.1	79962658	79962745	0.9318451881408691	NC_068981.1	79962186	79963537	LOC106877089	0	+
NC_068981.1	79962658	79962745	0.9318451881408691	NC_068981.1	79962186	79963537	LOC106877089	0	+
NC_068981.1	79962879	79962899	0.870308518409729	NC_068981.1	79962186	79963537	LOC106877089	0	+
NC_068981.1	79962879	79962899	0.870308518409729	NC_068981.1	79962186	79963537	LOC106877089	0	+
NC_068981.1	79962879	79962899	0.870308518409729	NC_068981.1	79962186	79963537	LOC106877089	0	+
NC_068981.1	79972217	79972222	0.30679720640182495	NC_068981.1	79970603	79972719	LOC106877089	0	+
NC_068981.1	85872008	85872022	0.40718406438827515	NC_068981.1	85872008	85872147	LOC106868575	0	+
NC_068981.1	85872008	85872022	0.40718406438827515	NC_068981.1	85872008	85872147	LOC106868575	0	+
NC_068981.1	85872008	85872022	0.40718406438827515	NC_068981.1	85872008	85872147	LOC106868575	0	+
NC_068981.1	88831743	88831772	0.35483473539352417	NC_068981.1	88831503	88832487	LOC128246973	0	+
NC_068981.1	88831781	88831801	0.5376116633415222	NC_068981.1	88831503	88832487	LOC128246973	0	+
NC_068981.1	88831862	88831898	0.6724786758422852	NC_068981.1	88831503	88832487	LOC128246973	0	+
NC_068981.1	88831905	88831963	0.6913018822669983	NC_068981.1	88831503	88832487	LOC128246973	0	+
NC_068981.1	88832000	88832039	0.740706205368042	NC_068981.1	88831503	88832487	LOC128246973	0	+
NC_068981.1	88832075	88832104	0.7103646397590637	NC_068981.1	88831503	88832487	LOC128246973	0	+
NC_068981.1	88832254	88832265	0.35099148750305176	NC_068981.1	88831503	88832487	LOC128246973	0	+
NC_068981.1	88832329	88832334	0.4300693869590759	NC_068981.1	88831503	88832487	LOC128246973	0	+
NC_068981.1	89555718	89555733	0.52520352602005	NC_068981.1	89555302	89555944	LOC106874239	0	+
NC_068981.1	89555756	89555773	0.46643492579460144	NC_068981.1	89555302	89555944	LOC106874239	0	+
NC_068981.1	91493488	91493506	0.6821677088737488	NC_068981.1	91493188	91493864	LOC106874534	0	+
NC_068981.1	91493512	91493532	0.6377658843994141	NC_068981.1	91493188	91493864	LOC106874534	0	+
NC_068981.1	91493540	91493564	0.6240014433860779	NC_068981.1	91493188	91493864	LOC106874534	0	+
NC_068981.1	91493623	91493636	0.46655985713005066	NC_068981.1	91493188	91493864	LOC106874534	0	+
NC_068981.1	98293411	98293430	0.3943670392036438	NC_068981.1	98293247	98293452	LOC106882607	0	-
NC_068981.1	98650218	98650240	0.800283670425415	NC_068981.1	98650097	98650539	LOC106876178	0	-
NC_068981.1	98650218	98650240	0.800283670425415	NC_068981.1	98650075	98650539	LOC106876178	0	-
NC_068981.1	98650269	98650285	0.8690367937088013	NC_068981.1	98650097	98650539	LOC106876178	0	-
NC_068981.1	98650269	98650285	0.8690367937088013	NC_068981.1	98650075	98650539	LOC106876178	0	-
NC_068981.1	98650333	98650351	0.8871791362762451	NC_068981.1	98650097	98650539	LOC106876178	0	-
NC_068981.1	98650333	98650351	0.8871791362762451	NC_068981.1	98650075	98650539	LOC106876178	0	-
NC_068981.1	102207387	102207403	0.6920775175094604	NC_068981.1	102206813	102208727	LOC106874363	0	-
NC_068981.1	102207426	102207444	0.648124635219574	NC_068981.1	102206813	102208727	LOC106874363	0	-
NC_068981.1	105384224	105384230	0.3352067470550537	NC_068981.1	105382716	105384732	LOC106871082	0	+
NC_068981.1	105384224	105384230	0.3352067470550537	NC_068981.1	105382717	105384732	LOC106871082	0	+
NC_068981.1	105384224	105384230	0.3352067470550537	NC_068981.1	105382716	105384732	LOC106871082	0	+
NC_068981.1	108273898	108273913	0.4972047209739685	NC_068981.1	108273194	108274132	LOC106881157	0	-
NC_068981.1	108533527	108533584	0.9422887563705444	NC_068981.1	108533429	108533684	LOC106883614	0	-
NC_068981.1	109167015	109167034	0.3893698453903198	NC_068981.1	109166844	109168596	LOC106868484	0	+
NC_068981.1	109167015	109167034	0.3893698453903198	NC_068981.1	109166841	109168596	LOC106868484	0	+
NC_068981.1	114003900	114003907	0.43961167335510254	NC_068981.1	114003692	114004273	LOC106881736	0	-
NC_068981.1	118402583	118402636	0.7392698526382446	NC_068981.1	118401591	118402899	LOC106879694	0	-
NC_068981.1	118402583	118402636	0.7392698526382446	NC_068981.1	118401591	118402896	LOC106879694	0	-
NC_068981.1	130514405	130514420	0.45966270565986633	NC_068981.1	130514337	130514545	LOC106868390	0	+
NC_068981.1	131732125	131732143	0.47228479385375977	NC_068981.1	131731690	131732374	LOC106882617	0	+
NC_068981.1	132449691	132449714	0.33802491426467896	NC_068981.1	132449687	132450062	LOC106870292	0	+
NC_068981.1	132449691	132449714	0.33802491426467896	NC_068981.1	132449687	132450062	LOC106870292	0	+
NC_068981.1	132449691	132449714	0.33802491426467896	NC_068981.1	132449687	132450036	LOC106870292	0	+
NC_068981.1	132449691	132449714	0.33802491426467896	NC_068981.1	132449687	132450062	LOC106870292	0	+
NC_068981.1	132449691	132449714	0.33802491426467896	NC_068981.1	132449687	132450036	LOC106870292	0	+
NC_068981.1	132449691	132449714	0.33802491426467896	NC_068981.1	132449686	132450036	LOC106870292	0	+
NC_068981.1	132449691	132449714	0.33802491426467896	NC_068981.1	132449687	132450036	LOC106870292	0	+
NC_068981.1	132449691	132449714	0.33802491426467896	NC_068981.1	132449679	132450036	LOC106870292	0	+
NC_068981.1	132449691	132449714	0.33802491426467896	NC_068981.1	132449687	132450036	LOC106870292	0	+
NC_068981.1	132449691	132449714	0.33802491426467896	NC_068981.1	132449687	132450062	LOC106870292	0	+
NC_068981.1	132449751	132449779	0.3398967683315277	NC_068981.1	132449687	132450062	LOC106870292	0	+
NC_068981.1	132449751	132449779	0.3398967683315277	NC_068981.1	132449687	132450062	LOC106870292	0	+
NC_068981.1	132449751	132449779	0.3398967683315277	NC_068981.1	132449687	132450036	LOC106870292	0	+
NC_068981.1	132449751	132449779	0.3398967683315277	NC_068981.1	132449687	132450062	LOC106870292	0	+
NC_068981.1	132449751	132449779	0.3398967683315277	NC_068981.1	132449687	132450036	LOC106870292	0	+
NC_068981.1	132449751	132449779	0.3398967683315277	NC_068981.1	132449686	132450036	LOC106870292	0	+
NC_068981.1	132449751	132449779	0.3398967683315277	NC_068981.1	132449687	132450036	LOC106870292	0	+
NC_068981.1	132449751	132449779	0.3398967683315277	NC_068981.1	132449679	132450036	LOC106870292	0	+
NC_068981.1	132449751	132449779	0.3398967683315277	NC_068981.1	132449687	132450036	LOC106870292	0	+
NC_068981.1	132449751	132449779	0.3398967683315277	NC_068981.1	132449687	132450062	LOC106870292	0	+
NC_068981.1	144681807	144681812	0.37510284781455994	NC_068981.1	144681559	144682298	LOC106868068	0	+
NC_068981.1	144681818	144681824	0.30762144923210144	NC_068981.1	144681559	144682298	LOC106868068	0	+
NC_068981.1	149348291	149348322	0.7510475516319275	NC_068981.1	149347960	149348594	LOC106875923	0	-
NC_068981.1	149348551	149348556	0.37609484791755676	NC_068981.1	149347960	149348594	LOC106875923	0	-
NC_068981.1	156331245	156331264	0.4104718565940857	NC_068981.1	156331128	156332173	LOC106868444	0	+
NC_068981.1	158881327	158881346	0.6248395442962646	NC_068981.1	158880149	158881556	LOC106882875	0	-
NC_068981.1	159433507	159433523	0.5325594544410706	NC_068981.1	159432574	159433620	LOC106884427	0	-
NC_068981.1	159433533	159433548	0.5573015809059143	NC_068981.1	159432574	159433620	LOC106884427	0	-
NC_068981.1	159777858	159777865	0.9097282886505127	NC_068981.1	159777693	159777865	LOC106884425	0	-
NC_068981.1	159777858	159777863	0.9097282886505127	NC_068981.1	159777693	159777863	LOC106884425	0	-
NC_068981.1	160496991	160497008	0.5429022312164307	NC_068981.1	160496688	160497070	LOC106884421	0	-
NC_068981.1	167434280	167434303	0.4539777934551239	NC_068981.1	167433849	167434736	LOC106883135	0	+
NC_068981.1	167434280	167434303	0.4539777934551239	NC_068981.1	167433849	167434736	LOC106883135	0	+
NC_068981.1	167434383	167434431	0.6959502100944519	NC_068981.1	167433849	167434736	LOC106883135	0	+
NC_068981.1	167434383	167434431	0.6959502100944519	NC_068981.1	167433849	167434736	LOC106883135	0	+
NC_068981.1	167796145	167796165	0.5989585518836975	NC_068981.1	167796116	167796608	LOC106883135	0	+
NC_068981.1	167796268	167796288	0.5742945671081543	NC_068981.1	167796116	167796608	LOC106883135	0	+
NC_068981.1	167796304	167796313	0.3532465696334839	NC_068981.1	167796116	167796608	LOC106883135	0	+
NC_068981.1	173570870	173570877	0.33604696393013	NC_068981.1	173570535	173571031	LOC106867662	0	-
NC_068981.1	173930150	173930175	0.8767848014831543	NC_068981.1	173930057	173930194	LOC106867653	0	-
NC_068981.1	173930150	173930175	0.8767848014831543	NC_068981.1	173930076	173930194	LOC106867653	0	-
NC_068981.1	173930150	173930175	0.8767848014831543	NC_068981.1	173930072	173930193	LOC106867653	0	-
NC_068981.1	173930150	173930175	0.8767848014831543	NC_068981.1	173930072	173930194	LOC106867653	0	-
NC_068981.1	174030321	174030337	0.8988268375396729	NC_068981.1	174030289	174030901	LOC128249386	0	+
NC_068981.1	174099843	174099860	0.552167534828186	NC_068981.1	174099834	174101612	LOC128249386	0	+
NC_068981.1	179053462	179053468	0.36590325832366943	NC_068981.1	179053272	179053476	LOC106868400	0	-
NC_068981.1	179053469	179053476	0.34974294900894165	NC_068981.1	179053272	179053476	LOC106868400	0	-
NC_068981.1	180672817	180672833	0.8717519044876099	NC_068981.1	180672226	180673206	LOC106873025	0	+
NC_068981.1	181810270	181810277	0.327962189912796	NC_068981.1	181810121	181810340	LOC106872705	0	+
NC_068981.1	184023572	184023580	0.5063260197639465	NC_068981.1	184022541	184023580	LOC106879325	0	-
NC_068981.1	184023572	184023581	0.5063260197639465	NC_068981.1	184022541	184023581	LOC106879325	0	-
NC_068981.1	185996414	185996431	0.7178669571876526	NC_068981.1	185996345	185997509	LOC106879245	0	+
NC_068981.1	185996414	185996431	0.7178669571876526	NC_068981.1	185996350	185997565	LOC106879245	0	+
NC_068981.1	185996414	185996431	0.7178669571876526	NC_068981.1	185996350	185997565	LOC106879245	0	+
NC_068981.1	185996414	185996431	0.7178669571876526	NC_068981.1	185996346	185996848	LOC106879245	0	+
NC_068981.1	185997400	185997414	0.4858333468437195	NC_068981.1	185996345	185997509	LOC106879245	0	+
NC_068981.1	185997400	185997414	0.4858333468437195	NC_068981.1	185996350	185997565	LOC106879245	0	+
NC_068981.1	185997400	185997414	0.4858333468437195	NC_068981.1	185996350	185997565	LOC106879245	0	+
NC_068981.1	185997424	185997441	0.4655422270298004	NC_068981.1	185996345	185997509	LOC106879245	0	+
NC_068981.1	185997424	185997441	0.4655422270298004	NC_068981.1	185996350	185997565	LOC106879245	0	+
NC_068981.1	185997424	185997441	0.4655422270298004	NC_068981.1	185996350	185997565	LOC106879245	0	+
NC_068981.1	185997447	185997463	0.42616015672683716	NC_068981.1	185996345	185997509	LOC106879245	0	+
NC_068981.1	185997447	185997463	0.42616015672683716	NC_068981.1	185996350	185997565	LOC106879245	0	+
NC_068981.1	185997447	185997463	0.42616015672683716	NC_068981.1	185996350	185997565	LOC106879245	0	+
NC_068981.1	186012845	186012858	0.36712586879730225	NC_068981.1	186012364	186013088	LOC106879245	0	+
NC_068981.1	194220593	194220606	0.43530258536338806	NC_068981.1	194220386	194221047	LOC106869904	0	-
NC_068981.1	194220593	194220606	0.43530258536338806	NC_068981.1	194220386	194221030	LOC106869904	0	-
NC_068981.1	194220629	194220644	0.5572043657302856	NC_068981.1	194220386	194221047	LOC106869904	0	-
NC_068981.1	194220629	194220644	0.5572043657302856	NC_068981.1	194220386	194221030	LOC106869904	0	-
NC_068981.1	194220705	194220729	0.6263635754585266	NC_068981.1	194220386	194221047	LOC106869904	0	-
NC_068981.1	194220705	194220729	0.6263635754585266	NC_068981.1	194220386	194221030	LOC106869904	0	-
NC_068981.1	199802649	199802672	0.7604124546051025	NC_068981.1	199802409	199803036	LOC106877327	0	+
NC_068981.1	199802649	199802672	0.7604124546051025	NC_068981.1	199802409	199803036	LOC106877327	0	+
NC_068982.1	512464	512481	0.4718310832977295	NC_068982.1	512446	512597	LOC106870751	0	+
NC_068982.1	582229	582242	0.44600817561149597	NC_068982.1	582071	582614	LOC106870759	0	+
NC_068982.1	582243	582304	0.47308066487312317	NC_068982.1	582071	582614	LOC106870759	0	+
NC_068982.1	8670382	8670399	0.3006923198699951	NC_068982.1	8670190	8670874	LOC106876592	0	+
NC_068982.1	37526382	37526399	0.4220634996891022	NC_068982.1	37526081	37526572	LOC106873456	0	+
NC_068982.1	41891441	41891457	0.41516998410224915	NC_068982.1	41891142	41891489	LOC106880541	0	-
NC_068982.1	48810068	48810085	0.42332765460014343	NC_068982.1	48809607	48810788	LOC106871625	0	-
NC_068982.1	48810068	48810085	0.42332765460014343	NC_068982.1	48809607	48810788	LOC106871625	0	-
NC_068982.1	60530020	60530024	0.5532771348953247	NC_068982.1	60530020	60530940	LOC106869439	0	+
NC_068982.1	60530020	60530024	0.5532771348953247	NC_068982.1	60530020	60530940	LOC106869439	0	+
NC_068982.1	60530020	60530024	0.5532771348953247	NC_068982.1	60530020	60530945	LOC106869439	0	+
NC_068982.1	65095774	65095783	0.3107326924800873	NC_068982.1	65094862	65096141	LOC106868679	0	+
NC_068982.1	65095774	65095783	0.3107326924800873	NC_068982.1	65094863	65096141	LOC106868679	0	+
NC_068982.1	66072835	66072849	0.7052768468856812	NC_068982.1	66072201	66073022	LOC106870396	0	+
NC_068982.1	68093519	68093524	0.4011920392513275	NC_068982.1	68093436	68093657	LOC106871674	0	+
NC_068982.1	68093535	68093540	0.37301474809646606	NC_068982.1	68093436	68093657	LOC106871674	0	+
NC_068982.1	77444049	77444071	0.331220418214798	NC_068982.1	77444044	77444378	LOC106882417	0	+
NC_068982.1	77444077	77444084	0.43995174765586853	NC_068982.1	77444044	77444378	LOC106882417	0	+
NC_068982.1	77444094	77444101	0.3008001148700714	NC_068982.1	77444044	77444378	LOC106882417	0	+
NC_068982.1	77711255	77711276	0.9117655754089355	NC_068982.1	77711253	77711337	LOC106868410	0	+
NC_068982.1	78371670	78371686	0.8112418055534363	NC_068982.1	78371579	78371686	LOC106868412	0	-
NC_068982.1	84851458	84851461	0.8502418994903564	NC_068982.1	84850823	84851461	LOC106870969	0	-
NC_068982.1	89084287	89084301	0.3165135383605957	NC_068982.1	89083563	89084991	LOC106874449	0	+
NC_068982.1	90689947	90689969	0.8674869537353516	NC_068982.1	90689234	90690115	LOC106874430	0	-
NC_068982.1	90689947	90689969	0.8674869537353516	NC_068982.1	90689234	90690114	LOC106874430	0	-
NC_068982.1	90689947	90689969	0.8674869537353516	NC_068982.1	90689234	90690115	LOC106874430	0	-
NC_068982.1	90689989	90690017	0.8046246767044067	NC_068982.1	90689234	90690115	LOC106874430	0	-
NC_068982.1	90689989	90690017	0.8046246767044067	NC_068982.1	90689234	90690114	LOC106874430	0	-
NC_068982.1	90689989	90690017	0.8046246767044067	NC_068982.1	90689234	90690115	LOC106874430	0	-
NC_068982.1	92656686	92656702	0.8008518815040588	NC_068982.1	92656678	92656944	LOC106883999	0	-
NC_068982.1	92976589	92976596	0.2992784082889557	NC_068982.1	92976380	92976600	LOC106874266	0	-
NC_068982.1	94650431	94650440	0.47462591528892517	NC_068982.1	94649887	94651453	LOC106883318	0	+
NC_068982.1	94650431	94650440	0.47462591528892517	NC_068982.1	94649887	94651453	LOC106883318	0	+
NC_068982.1	94650431	94650440	0.47462591528892517	NC_068982.1	94649887	94651453	LOC106883318	0	+
NC_068982.1	94650431	94650440	0.47462591528892517	NC_068982.1	94649887	94651453	LOC106883318	0	+
NC_068982.1	94650431	94650440	0.47462591528892517	NC_068982.1	94649887	94651453	LOC106883318	0	+
NC_068982.1	94650431	94650440	0.47462591528892517	NC_068982.1	94649887	94651453	LOC106883318	0	+
NC_068982.1	94650431	94650440	0.47462591528892517	NC_068982.1	94649887	94651453	LOC106883318	0	+
NC_068982.1	94650431	94650440	0.47462591528892517	NC_068982.1	94649887	94651453	LOC106883318	0	+
NC_068982.1	94650431	94650440	0.47462591528892517	NC_068982.1	94649887	94651453	LOC106883318	0	+
NC_068982.1	94650431	94650440	0.47462591528892517	NC_068982.1	94649887	94651453	LOC106883318	0	+
NC_068982.1	94650549	94650554	0.3556705117225647	NC_068982.1	94649887	94651453	LOC106883318	0	+
NC_068982.1	94650549	94650554	0.3556705117225647	NC_068982.1	94649887	94651453	LOC106883318	0	+
NC_068982.1	94650549	94650554	0.3556705117225647	NC_068982.1	94649887	94651453	LOC106883318	0	+
NC_068982.1	94650549	94650554	0.3556705117225647	NC_068982.1	94649887	94651453	LOC106883318	0	+
NC_068982.1	94650549	94650554	0.3556705117225647	NC_068982.1	94649887	94651453	LOC106883318	0	+
NC_068982.1	94650549	94650554	0.3556705117225647	NC_068982.1	94649887	94651453	LOC106883318	0	+
NC_068982.1	94650549	94650554	0.3556705117225647	NC_068982.1	94649887	94651453	LOC106883318	0	+
NC_068982.1	94650549	94650554	0.3556705117225647	NC_068982.1	94649887	94651453	LOC106883318	0	+
NC_068982.1	94650549	94650554	0.3556705117225647	NC_068982.1	94649887	94651453	LOC106883318	0	+
NC_068982.1	94650549	94650554	0.3556705117225647	NC_068982.1	94649887	94651453	LOC106883318	0	+
NC_068982.1	94650563	94650571	0.2960115969181061	NC_068982.1	94649887	94651453	LOC106883318	0	+
NC_068982.1	94650563	94650571	0.2960115969181061	NC_068982.1	94649887	94651453	LOC106883318	0	+
NC_068982.1	94650563	94650571	0.2960115969181061	NC_068982.1	94649887	94651453	LOC106883318	0	+
NC_068982.1	94650563	94650571	0.2960115969181061	NC_068982.1	94649887	94651453	LOC106883318	0	+
NC_068982.1	94650563	94650571	0.2960115969181061	NC_068982.1	94649887	94651453	LOC106883318	0	+
NC_068982.1	94650563	94650571	0.2960115969181061	NC_068982.1	94649887	94651453	LOC106883318	0	+
NC_068982.1	94650563	94650571	0.2960115969181061	NC_068982.1	94649887	94651453	LOC106883318	0	+
NC_068982.1	94650563	94650571	0.2960115969181061	NC_068982.1	94649887	94651453	LOC106883318	0	+
NC_068982.1	94650563	94650571	0.2960115969181061	NC_068982.1	94649887	94651453	LOC106883318	0	+
NC_068982.1	94650563	94650571	0.2960115969181061	NC_068982.1	94649887	94651453	LOC106883318	0	+
NC_068982.1	95956793	95956813	0.8757764101028442	NC_068982.1	95956749	95957534	LOC106873212	0	+
NC_068982.1	95956978	95956995	0.8811760544776917	NC_068982.1	95956749	95957534	LOC106873212	0	+
NC_068982.1	98721893	98721899	0.6172754168510437	NC_068982.1	98720710	98721899	LOC128247071	0	-
NC_068982.1	100493889	100493891	0.37358030676841736	NC_068982.1	100493889	100494064	LOC106871624	0	-
NC_068982.1	100493889	100493891	0.37358030676841736	NC_068982.1	100493889	100494064	LOC106871624	0	-
NC_068982.1	100493889	100493891	0.37358030676841736	NC_068982.1	100493889	100494064	LOC106871624	0	-
NC_068982.1	100493889	100493891	0.37358030676841736	NC_068982.1	100493889	100494064	LOC106871624	0	-
NC_068982.1	100493889	100493891	0.37358030676841736	NC_068982.1	100493889	100494064	LOC106871624	0	-
NC_068982.1	104966012	104966025	0.4639100432395935	NC_068982.1	104965905	104966443	LOC106882524	0	-
NC_068982.1	104966036	104966042	0.3695342242717743	NC_068982.1	104965905	104966443	LOC106882524	0	-
NC_068982.1	105373282	105373290	0.31472089886665344	NC_068982.1	105373266	105375189	LOC106870387	0	+
NC_068982.1	105373282	105373290	0.31472089886665344	NC_068982.1	105373265	105373637	LOC106870387	0	+
NC_068982.1	105373537	105373586	0.3438594937324524	NC_068982.1	105373266	105375189	LOC106870387	0	+
NC_068982.1	105373537	105373586	0.3438594937324524	NC_068982.1	105373265	105373637	LOC106870387	0	+
NC_068982.1	105373587	105373593	0.2806224524974823	NC_068982.1	105373266	105375189	LOC106870387	0	+
NC_068982.1	105373587	105373593	0.2806224524974823	NC_068982.1	105373265	105373637	LOC106870387	0	+
NC_068982.1	105374316	105374325	0.3951042592525482	NC_068982.1	105373266	105375189	LOC106870387	0	+
NC_068982.1	105374382	105374411	0.6657723188400269	NC_068982.1	105373266	105375189	LOC106870387	0	+
NC_068982.1	105374692	105374704	0.5757786631584167	NC_068982.1	105373266	105375189	LOC106870387	0	+
NC_068982.1	110845673	110845679	0.2881706655025482	NC_068982.1	110845236	110846092	LOC106884307	0	-
NC_068982.1	110845963	110845980	0.6627032160758972	NC_068982.1	110845236	110846092	LOC106884307	0	-
NC_068982.1	113862083	113862100	0.6107190847396851	NC_068982.1	113862083	113863668	LOC106871173	0	+
NC_068982.1	113862394	113862414	0.6540567874908447	NC_068982.1	113862083	113863668	LOC106871173	0	+
NC_068982.1	115224538	115224544	0.44521966576576233	NC_068982.1	115224243	115225239	LOC106881128	0	-
NC_068982.1	120651069	120651105	0.6107995510101318	NC_068982.1	120650510	120651643	LOC106875300	0	-
NC_068982.1	120651158	120651182	0.7282918095588684	NC_068982.1	120650510	120651643	LOC106875300	0	-
NC_068982.1	120651184	120651199	0.4912791848182678	NC_068982.1	120650510	120651643	LOC106875300	0	-
NC_068982.1	120651202	120651232	0.4139200448989868	NC_068982.1	120650510	120651643	LOC106875300	0	-
NC_068982.1	124448960	124448967	0.9021618366241455	NC_068982.1	124448692	124448967	LOC106871002	0	-
NC_068982.1	124880554	124880568	0.3170188367366791	NC_068982.1	124880229	124880976	LOC106867206	0	-
NC_068982.1	124880554	124880568	0.3170188367366791	NC_068982.1	124880229	124880976	LOC106867206	0	-
NC_068982.1	124880629	124880651	0.4552086889743805	NC_068982.1	124880229	124880976	LOC106867206	0	-
NC_068982.1	124880629	124880651	0.4552086889743805	NC_068982.1	124880229	124880976	LOC106867206	0	-
NC_068982.1	124880696	124880726	0.4630369544029236	NC_068982.1	124880229	124880976	LOC106867206	0	-
NC_068982.1	124880696	124880726	0.4630369544029236	NC_068982.1	124880229	124880976	LOC106867206	0	-
NC_068982.1	126446424	126446447	0.47880882024765015	NC_068982.1	126446126	126447042	LOC106871219	0	-
NC_068982.1	126446424	126446447	0.47880882024765015	NC_068982.1	126446126	126447042	LOC106871219	0	-
NC_068982.1	126446456	126446478	0.523303210735321	NC_068982.1	126446126	126447042	LOC106871219	0	-
NC_068982.1	126446456	126446478	0.523303210735321	NC_068982.1	126446126	126447042	LOC106871219	0	-
NC_068982.1	133642062	133642067	0.3448255956172943	NC_068982.1	133642038	133642857	LOC106880133	0	+
NC_068982.1	133642068	133642076	0.40409600734710693	NC_068982.1	133642038	133642857	LOC106880133	0	+
NC_068982.1	134310286	134310303	0.45015501976013184	NC_068982.1	134310134	134310975	LOC106873486	0	+
NC_068982.1	134310286	134310303	0.45015501976013184	NC_068982.1	134310135	134310975	LOC106873486	0	+
NC_068982.1	134310286	134310303	0.45015501976013184	NC_068982.1	134310134	134310975	LOC106873486	0	+
NC_068982.1	142188420	142188426	0.5067431926727295	NC_068982.1	142188183	142188738	LOC128247032	0	+
NC_068982.1	142188420	142188426	0.5067431926727295	NC_068982.1	142188183	142188738	LOC128247032	0	+
NC_068982.1	142188420	142188426	0.5067431926727295	NC_068982.1	142188183	142188738	LOC128247032	0	+
NC_068982.1	142188420	142188426	0.5067431926727295	NC_068982.1	142188183	142188738	LOC128247032	0	+
NC_068982.1	142188420	142188426	0.5067431926727295	NC_068982.1	142188183	142188738	LOC128247032	0	+
NC_068982.1	144527887	144527908	0.6590486168861389	NC_068982.1	144527713	144528519	LOC106875150	0	-
NC_068982.1	144527917	144527952	0.6193145513534546	NC_068982.1	144527713	144528519	LOC106875150	0	-
NC_068982.1	144528012	144528021	0.3431779444217682	NC_068982.1	144527713	144528519	LOC106875150	0	-
NC_068982.1	144687390	144687396	0.7349727153778076	NC_068982.1	144687248	144687396	LOC106879211	0	-
NC_068982.1	144792258	144792264	0.3072190582752228	NC_068982.1	144792163	144792477	LOC106879211	0	-
NC_068982.1	144792289	144792320	0.5009890198707581	NC_068982.1	144792163	144792477	LOC106879211	0	-
NC_068982.1	148268488	148268495	0.38767099380493164	NC_068982.1	148268405	148268685	LOC106883112	0	+
NC_068982.1	154645740	154645757	0.5594790577888489	NC_068982.1	154645549	154645834	LOC106878238	0	+
NC_068982.1	161447120	161447127	0.31163641810417175	NC_068982.1	161447006	161447211	LOC106871728	0	+
NC_068982.1	168228664	168228688	0.787635326385498	NC_068982.1	168227541	168228757	LOC106869336	0	+
NC_068982.1	168228664	168228688	0.787635326385498	NC_068982.1	168227541	168228757	LOC106869336	0	+
NC_068982.1	168228664	168228688	0.787635326385498	NC_068982.1	168227541	168232152	LOC106869336	0	+
NC_068982.1	168228664	168228688	0.787635326385498	NC_068982.1	168227541	168232152	LOC106869336	0	+
NC_068982.1	168229169	168229174	0.33051273226737976	NC_068982.1	168227541	168232152	LOC106869336	0	+
NC_068982.1	168229169	168229174	0.33051273226737976	NC_068982.1	168227541	168232152	LOC106869336	0	+
NC_068982.1	168229950	168229998	0.5990567803382874	NC_068982.1	168227541	168232152	LOC106869336	0	+
NC_068982.1	168229950	168229998	0.5990567803382874	NC_068982.1	168227541	168232152	LOC106869336	0	+
NC_068982.1	175815732	175815741	0.36318182945251465	NC_068982.1	175815629	175815821	LOC106882686	0	-
NC_068982.1	175815732	175815741	0.36318182945251465	NC_068982.1	175815629	175815821	LOC106882686	0	-
NC_068982.1	185643936	185643943	0.3967556655406952	NC_068982.1	185643765	185644133	LOC106872597	0	-
NC_068982.1	186281613	186281631	0.6454858183860779	NC_068982.1	186281559	186281829	LOC106873290	0	-
NC_068982.1	186281707	186281745	0.7390446662902832	NC_068982.1	186281559	186281829	LOC106873290	0	-
NC_068982.1	186281759	186281785	0.6659159064292908	NC_068982.1	186281559	186281829	LOC106873290	0	-
NC_068982.1	186281800	186281822	0.6243726015090942	NC_068982.1	186281559	186281829	LOC106873290	0	-
NC_068982.1	187016296	187016306	0.8190657496452332	NC_068982.1	187016275	187016426	LOC106874819	0	+
NC_068982.1	187016296	187016306	0.8190657496452332	NC_068982.1	187016275	187016426	LOC106874819	0	+
NC_068982.1	187886310	187886326	0.4147787094116211	NC_068982.1	187886291	187886424	LOC106872928	0	+
NC_068982.1	187886310	187886326	0.4147787094116211	NC_068982.1	187886287	187886746	LOC106872928	0	+
NC_068982.1	187886310	187886326	0.4147787094116211	NC_068982.1	187886285	187886746	LOC106872928	0	+
NC_068982.1	187886310	187886326	0.4147787094116211	NC_068982.1	187886294	187886424	LOC106872928	0	+
NC_068982.1	188231752	188231785	0.795533299446106	NC_068982.1	188231540	188232121	LOC106873697	0	+
NC_068982.1	188231840	188231884	0.9018651843070984	NC_068982.1	188231540	188232121	LOC106873697	0	+
NC_068983.1	238307	238319	0.639087438583374	NC_068983.1	238140	238319	LOC106884460	0	-
NC_068983.1	238307	238322	0.639087438583374	NC_068983.1	238219	238322	LOC106884460	0	-
NC_068983.1	3733417	3733436	0.5896783471107483	NC_068983.1	3733233	3733466	LOC106875518	0	-
NC_068983.1	3733417	3733436	0.5896783471107483	NC_068983.1	3733233	3733476	LOC106875518	0	-
NC_068983.1	3733417	3733436	0.5896783471107483	NC_068983.1	3733233	3733467	LOC106875518	0	-
NC_068983.1	3733417	3733436	0.5896783471107483	NC_068983.1	3733233	3733476	LOC106875518	0	-
NC_068983.1	3750654	3750673	0.8880289793014526	NC_068983.1	3750028	3750887	LOC106883960	0	-
NC_068983.1	3750840	3750858	0.7827165722846985	NC_068983.1	3750028	3750887	LOC106883960	0	-
NC_068983.1	4933583	4933625	0.9220744371414185	NC_068983.1	4933020	4935066	LOC106879756	0	-
NC_068983.1	4933633	4933683	0.7366458177566528	NC_068983.1	4933020	4935066	LOC106879756	0	-
NC_068983.1	4933888	4933898	0.39669176936149597	NC_068983.1	4933020	4935066	LOC106879756	0	-
NC_068983.1	4934101	4934123	0.4501394033432007	NC_068983.1	4933020	4935066	LOC106879756	0	-
NC_068983.1	4934169	4934178	0.3413330614566803	NC_068983.1	4933020	4935066	LOC106879756	0	-
NC_068983.1	4934183	4934193	0.3311370015144348	NC_068983.1	4933020	4935066	LOC106879756	0	-
NC_068983.1	4934259	4934298	0.5526938438415527	NC_068983.1	4933020	4935066	LOC106879756	0	-
NC_068983.1	6717093	6717098	0.3490414619445801	NC_068983.1	6717061	6717166	LOC106884019	0	+
NC_068983.1	7596672	7596678	0.45107558369636536	NC_068983.1	7596672	7596812	LOC106882033	0	+
NC_068983.1	16391627	16391644	0.6852598786354065	NC_068983.1	16391369	16392109	LOC106874382	0	-
NC_068983.1	16391627	16391644	0.6852598786354065	NC_068983.1	16391478	16392109	LOC106874382	0	-
NC_068983.1	16391728	16391751	0.515324592590332	NC_068983.1	16391369	16392109	LOC106874382	0	-
NC_068983.1	16391728	16391751	0.515324592590332	NC_068983.1	16391478	16392109	LOC106874382	0	-
NC_068983.1	16391760	16391795	0.5121530294418335	NC_068983.1	16391369	16392109	LOC106874382	0	-
NC_068983.1	16391760	16391795	0.5121530294418335	NC_068983.1	16391478	16392109	LOC106874382	0	-
NC_068983.1	16391829	16391834	0.4425939619541168	NC_068983.1	16391369	16392109	LOC106874382	0	-
NC_068983.1	16391829	16391834	0.4425939619541168	NC_068983.1	16391478	16392109	LOC106874382	0	-
NC_068983.1	16391911	16391924	0.34092581272125244	NC_068983.1	16391369	16392109	LOC106874382	0	-
NC_068983.1	16391911	16391924	0.34092581272125244	NC_068983.1	16391478	16392109	LOC106874382	0	-
NC_068983.1	16391932	16391948	0.37112534046173096	NC_068983.1	16391369	16392109	LOC106874382	0	-
NC_068983.1	16391932	16391948	0.37112534046173096	NC_068983.1	16391478	16392109	LOC106874382	0	-
NC_068983.1	16391962	16391973	0.37071311473846436	NC_068983.1	16391369	16392109	LOC106874382	0	-
NC_068983.1	16391962	16391973	0.37071311473846436	NC_068983.1	16391478	16392109	LOC106874382	0	-
NC_068983.1	17259845	17259883	0.4322323501110077	NC_068983.1	17259728	17260562	LOC106873507	0	+
NC_068983.1	20379962	20379968	0.39183464646339417	NC_068983.1	20379651	20380090	LOC106884261	0	+
NC_068983.1	22064527	22064528	0.40692973136901855	NC_068983.1	22064527	22065543	LOC106879193	0	+
NC_068983.1	22064722	22064736	0.7054404020309448	NC_068983.1	22064528	22065543	LOC106879193	0	+
NC_068983.1	22064722	22064736	0.7054404020309448	NC_068983.1	22064527	22065543	LOC106879193	0	+
NC_068983.1	29786278	29786283	0.39747411012649536	NC_068983.1	29785608	29786419	LOC106876733	0	-
NC_068983.1	37516027	37516030	0.42126861214637756	NC_068983.1	37516027	37516250	LOC106878845	0	+
NC_068983.1	37854979	37854982	0.6391958594322205	NC_068983.1	37854979	37855771	LOC106875592	0	+
NC_068983.1	53807977	53807982	0.30214035511016846	NC_068983.1	53807201	53808205	LOC106880479	0	-
NC_068983.1	53807977	53807982	0.30214035511016846	NC_068983.1	53807201	53808203	LOC106880479	0	-
NC_068983.1	53807977	53807982	0.30214035511016846	NC_068983.1	53807201	53808187	LOC106880479	0	-
NC_068983.1	53807989	53808004	0.3532768785953522	NC_068983.1	53807201	53808205	LOC106880479	0	-
NC_068983.1	53807989	53808004	0.3532768785953522	NC_068983.1	53807201	53808203	LOC106880479	0	-
NC_068983.1	53807989	53808004	0.3532768785953522	NC_068983.1	53807201	53808187	LOC106880479	0	-
NC_068983.1	53808017	53808022	0.299659788608551	NC_068983.1	53807201	53808205	LOC106880479	0	-
NC_068983.1	53808017	53808022	0.299659788608551	NC_068983.1	53807201	53808203	LOC106880479	0	-
NC_068983.1	53808017	53808022	0.299659788608551	NC_068983.1	53807201	53808187	LOC106880479	0	-
NC_068983.1	54828361	54828368	0.39144816994667053	NC_068983.1	54828096	54828951	LOC106879863	0	+
NC_068983.1	54828361	54828368	0.39144816994667053	NC_068983.1	54828096	54829974	LOC106879863	0	+
NC_068983.1	54828375	54828386	0.38326579332351685	NC_068983.1	54828096	54828951	LOC106879863	0	+
NC_068983.1	54828375	54828386	0.38326579332351685	NC_068983.1	54828096	54829974	LOC106879863	0	+
NC_068983.1	63430960	63430990	0.3666866421699524	NC_068983.1	63429735	63431554	LOC106880771	0	-
NC_068983.1	63431123	63431139	0.42593908309936523	NC_068983.1	63429735	63431554	LOC106880771	0	-
NC_068983.1	72625256	72625277	0.8228890299797058	NC_068983.1	72625000	72626260	LOC106875473	0	-
NC_068983.1	81219920	81219928	0.3630900979042053	NC_068983.1	81219690	81220386	LOC106881143	0	-
NC_068983.1	81219920	81219928	0.3630900979042053	NC_068983.1	81219690	81220385	LOC106881143	0	-
NC_068983.1	81219920	81219928	0.3630900979042053	NC_068983.1	81219690	81220384	LOC106881143	0	-
NC_068983.1	99097451	99097474	0.6555274724960327	NC_068983.1	99097135	99097534	LOC106877405	0	-
NC_068983.1	99097451	99097474	0.6555274724960327	NC_068983.1	99097135	99097535	LOC106877405	0	-
NC_068983.1	99097492	99097516	0.6738842129707336	NC_068983.1	99097135	99097534	LOC106877405	0	-
NC_068983.1	99097492	99097516	0.6738842129707336	NC_068983.1	99097135	99097535	LOC106877405	0	-
NC_068983.1	99097518	99097534	0.7448834776878357	NC_068983.1	99097135	99097534	LOC106877405	0	-
NC_068983.1	99097518	99097535	0.7448834776878357	NC_068983.1	99097135	99097535	LOC106877405	0	-
NC_068983.1	99484557	99484562	0.41284114122390747	NC_068983.1	99484140	99485371	LOC106881722	0	+
NC_068983.1	99484557	99484562	0.41284114122390747	NC_068983.1	99484140	99485371	LOC106881722	0	+
NC_068983.1	99484564	99484573	0.37695205211639404	NC_068983.1	99484140	99485371	LOC106881722	0	+
NC_068983.1	99484564	99484573	0.37695205211639404	NC_068983.1	99484140	99485371	LOC106881722	0	+
NC_068983.1	100590931	100590935	0.3750559985637665	NC_068983.1	100590856	100590935	LOC106882638	0	-
NC_068983.1	100590931	100590943	0.3750559985637665	NC_068983.1	100590856	100590943	LOC106882638	0	-
NC_068983.1	100590931	100590943	0.3750559985637665	NC_068983.1	100590856	100590959	LOC106882638	0	-
NC_068983.1	105541201	105541208	0.4056408703327179	NC_068983.1	105541112	105541412	LOC106879213	0	+
NC_068983.1	105541201	105541208	0.4056408703327179	NC_068983.1	105541112	105541586	LOC106879213	0	+
NC_068983.1	105541201	105541208	0.4056408703327179	NC_068983.1	105541112	105541412	LOC106879213	0	+
NC_068983.1	105541201	105541208	0.4056408703327179	NC_068983.1	105541113	105541412	LOC106879213	0	+
NC_068983.1	105541201	105541208	0.4056408703327179	NC_068983.1	105541112	105541586	LOC106879213	0	+
NC_068983.1	105541201	105541208	0.4056408703327179	NC_068983.1	105541112	105541412	LOC106879213	0	+
NC_068983.1	105541201	105541208	0.4056408703327179	NC_068983.1	105541112	105541586	LOC106879213	0	+
NC_068983.1	105541215	105541224	0.3501753509044647	NC_068983.1	105541112	105541412	LOC106879213	0	+
NC_068983.1	105541215	105541224	0.3501753509044647	NC_068983.1	105541112	105541586	LOC106879213	0	+
NC_068983.1	105541215	105541224	0.3501753509044647	NC_068983.1	105541112	105541412	LOC106879213	0	+
NC_068983.1	105541215	105541224	0.3501753509044647	NC_068983.1	105541113	105541412	LOC106879213	0	+
NC_068983.1	105541215	105541224	0.3501753509044647	NC_068983.1	105541112	105541586	LOC106879213	0	+
NC_068983.1	105541215	105541224	0.3501753509044647	NC_068983.1	105541112	105541412	LOC106879213	0	+
NC_068983.1	105541215	105541224	0.3501753509044647	NC_068983.1	105541112	105541586	LOC106879213	0	+
NC_068983.1	105972704	105972708	0.8441784381866455	NC_068983.1	105972435	105972708	LOC106883652	0	-
NC_068983.1	108264014	108264053	0.37025898694992065	NC_068983.1	108263433	108264741	LOC106874729	0	-
NC_068983.1	108264114	108264119	0.3605002760887146	NC_068983.1	108263433	108264741	LOC106874729	0	-
NC_068983.1	113901440	113901490	0.25799039006233215	NC_068983.1	113901437	113901490	LOC106868457	0	-
NC_068983.1	115316563	115316591	0.6731692552566528	NC_068983.1	115315882	115317240	LOC106877711	0	-
NC_068983.1	115316707	115316734	0.7535168528556824	NC_068983.1	115315882	115317240	LOC106877711	0	-
NC_068983.1	116199295	116199306	0.31005051732063293	NC_068983.1	116199024	116199396	LOC106870185	0	-
NC_068983.1	118010774	118010807	0.5197089910507202	NC_068983.1	118010613	118011148	LOC106879221	0	+
NC_068983.1	118010808	118010815	0.43760690093040466	NC_068983.1	118010613	118011148	LOC106879221	0	+
NC_068983.1	119506861	119506881	0.4966960549354553	NC_068983.1	119505927	119507049	LOC106876649	0	-
NC_068983.1	119507232	119507242	0.4962824881076813	NC_068983.1	119507105	119507326	LOC106876649	0	-
NC_068983.1	121897986	121898005	0.29993459582328796	NC_068983.1	121897366	121898114	LOC106870146	0	-
NC_068983.1	121898024	121898029	0.2979530692100525	NC_068983.1	121897366	121898114	LOC106870146	0	-
NC_068983.1	121898104	121898109	0.27950596809387207	NC_068983.1	121897366	121898114	LOC106870146	0	-
NC_068983.1	132674797	132674807	0.4839012026786804	NC_068983.1	132674790	132676031	LOC106871529	0	+
NC_068983.1	132674797	132674807	0.4839012026786804	NC_068983.1	132674790	132676031	LOC106871529	0	+
NC_068983.1	132674797	132674807	0.4839012026786804	NC_068983.1	132674790	132676031	LOC106871529	0	+
NC_068983.1	132674817	132674850	0.5598709583282471	NC_068983.1	132674790	132676031	LOC106871529	0	+
NC_068983.1	132674817	132674850	0.5598709583282471	NC_068983.1	132674790	132676031	LOC106871529	0	+
NC_068983.1	132674817	132674850	0.5598709583282471	NC_068983.1	132674790	132676031	LOC106871529	0	+
NC_068983.1	132674918	132674938	0.5768998265266418	NC_068983.1	132674790	132676031	LOC106871529	0	+
NC_068983.1	132674918	132674938	0.5768998265266418	NC_068983.1	132674790	132676031	LOC106871529	0	+
NC_068983.1	132674918	132674938	0.5768998265266418	NC_068983.1	132674790	132676031	LOC106871529	0	+
NC_068983.1	132675178	132675187	0.48083460330963135	NC_068983.1	132674790	132676031	LOC106871529	0	+
NC_068983.1	132675178	132675187	0.48083460330963135	NC_068983.1	132674790	132676031	LOC106871529	0	+
NC_068983.1	132675178	132675187	0.48083460330963135	NC_068983.1	132674790	132676031	LOC106871529	0	+
NC_068983.1	132675213	132675218	0.3030044436454773	NC_068983.1	132674790	132676031	LOC106871529	0	+
NC_068983.1	132675213	132675218	0.3030044436454773	NC_068983.1	132674790	132676031	LOC106871529	0	+
NC_068983.1	132675213	132675218	0.3030044436454773	NC_068983.1	132674790	132676031	LOC106871529	0	+
NC_068983.1	135788526	135788560	0.8091046214103699	NC_068983.1	135788441	135788971	LOC106872010	0	+
NC_068983.1	135788561	135788643	0.8056299090385437	NC_068983.1	135788441	135788971	LOC106872010	0	+
NC_068983.1	136896299	136896315	0.6345709562301636	NC_068983.1	136895984	136897038	LOC106872363	0	-
NC_068983.1	137510557	137510563	0.3768956959247589	NC_068983.1	137510293	137510887	LOC106877741	0	+
NC_068983.1	137510557	137510563	0.3768956959247589	NC_068983.1	137510292	137510887	LOC106877741	0	+
NC_068983.1	145566167	145566183	0.8871752619743347	NC_068983.1	145565898	145566183	LOC106869130	0	-
NC_068983.1	149314356	149314373	0.3490552604198456	NC_068983.1	149314044	149314538	LOC106876670	0	-
NC_068983.1	162547185	162547198	0.3778071105480194	NC_068983.1	162547130	162547347	LOC106867191	0	-
NC_068983.1	163735397	163735411	0.3641250431537628	NC_068983.1	163734885	163735531	LOC106875235	0	+
NC_068983.1	163735434	163735486	0.7597099542617798	NC_068983.1	163734885	163735531	LOC106875235	0	+
NC_068983.1	166514275	166514318	0.4822671711444855	NC_068983.1	166513958	166515343	LOC106867341	0	-
NC_068984.1	1859073	1859091	0.6106048822402954	NC_068984.1	1859057	1859249	LOC106869043	0	+
NC_068984.1	2745877	2745902	0.7337817549705505	NC_068984.1	2745777	2746462	LOC106870014	0	+
NC_068984.1	2745877	2745902	0.7337817549705505	NC_068984.1	2745777	2746462	LOC106870014	0	+
NC_068984.1	2745929	2745975	0.7008060216903687	NC_068984.1	2745777	2746462	LOC106870014	0	+
NC_068984.1	2745929	2745975	0.7008060216903687	NC_068984.1	2745777	2746462	LOC106870014	0	+
NC_068984.1	2746006	2746036	0.7219505310058594	NC_068984.1	2745777	2746462	LOC106870014	0	+
NC_068984.1	2746006	2746036	0.7219505310058594	NC_068984.1	2745777	2746462	LOC106870014	0	+
NC_068984.1	2746070	2746094	0.7268645763397217	NC_068984.1	2745777	2746462	LOC106870014	0	+
NC_068984.1	2746070	2746094	0.7268645763397217	NC_068984.1	2745777	2746462	LOC106870014	0	+
NC_068984.1	2952504	2952518	0.5084418654441833	NC_068984.1	2952180	2953784	LOC106870014	0	+
NC_068984.1	2952957	2952962	0.3935851454734802	NC_068984.1	2952180	2953784	LOC106870014	0	+
NC_068984.1	2953141	2953152	0.3915896415710449	NC_068984.1	2952180	2953784	LOC106870014	0	+
NC_068984.1	2953184	2953219	0.8172034025192261	NC_068984.1	2952180	2953784	LOC106870014	0	+
NC_068984.1	6760900	6760933	0.7008453607559204	NC_068984.1	6760042	6761130	LOC106868713	0	-
NC_068984.1	15254873	15254890	0.8528488278388977	NC_068984.1	15254793	15254970	LOC106877210	0	-
NC_068984.1	15254873	15254890	0.8528488278388977	NC_068984.1	15254793	15254970	LOC106877210	0	-
NC_068984.1	16412417	16412418	0.6614518761634827	NC_068984.1	16412417	16412583	LOC106883437	0	+
NC_068984.1	16412420	16412490	0.7457690834999084	NC_068984.1	16412417	16412583	LOC106883437	0	+
NC_068984.1	16412420	16412490	0.7457690834999084	NC_068984.1	16412418	16412583	LOC106883437	0	+
NC_068984.1	16418408	16418418	0.32551637291908264	NC_068984.1	16418375	16418467	LOC106883437	0	+
NC_068984.1	16629983	16630030	0.6962602734565735	NC_068984.1	16629778	16630250	LOC106875197	0	+
NC_068984.1	21448963	21448978	0.6196088194847107	NC_068984.1	21448897	21448998	LOC106883818	0	+
NC_068984.1	22975202	22975209	0.28293460607528687	NC_068984.1	22975178	22975424	LOC106876760	0	+
NC_068984.1	22975202	22975209	0.28293460607528687	NC_068984.1	22975179	22975424	LOC106876760	0	+
NC_068984.1	22995474	22995479	0.32991114258766174	NC_068984.1	22995439	22996138	LOC106876760	0	+
NC_068984.1	22995474	22995479	0.32991114258766174	NC_068984.1	22995452	22996138	LOC106876760	0	+
NC_068984.1	22995474	22995479	0.32991114258766174	NC_068984.1	22995438	22996138	LOC106876760	0	+
NC_068984.1	23488854	23488860	0.4062367379665375	NC_068984.1	23488787	23488878	LOC106882808	0	+
NC_068984.1	23488871	23488878	0.3307143449783325	NC_068984.1	23488787	23488878	LOC106882808	0	+
NC_068984.1	24471746	24471778	0.5263015627861023	NC_068984.1	24470998	24471823	LOC106883075	0	-
NC_068984.1	38053708	38053724	0.4084908366203308	NC_068984.1	38053636	38054360	LOC106878643	0	+
NC_068984.1	38890062	38890078	0.929893970489502	NC_068984.1	38890047	38890399	LOC106881147	0	-
NC_068984.1	41344909	41344924	0.39352330565452576	NC_068984.1	41344870	41345011	LOC106881780	0	-
NC_068984.1	41882103	41882137	0.8248814940452576	NC_068984.1	41881869	41882153	LOC106881728	0	-
NC_068984.1	41882103	41882137	0.8248814940452576	NC_068984.1	41881869	41882153	LOC106881728	0	-
NC_068984.1	41882103	41882137	0.8248814940452576	NC_068984.1	41881869	41882151	LOC106881728	0	-
NC_068984.1	41882138	41882150	0.5000184178352356	NC_068984.1	41881869	41882153	LOC106881728	0	-
NC_068984.1	41882138	41882150	0.5000184178352356	NC_068984.1	41881869	41882153	LOC106881728	0	-
NC_068984.1	41882138	41882150	0.5000184178352356	NC_068984.1	41881869	41882151	LOC106881728	0	-
NC_068984.1	49496616	49496634	0.7618783116340637	NC_068984.1	49496557	49497095	LOC106881251	0	+
NC_068984.1	49496642	49496655	0.45321691036224365	NC_068984.1	49496557	49497095	LOC106881251	0	+
NC_068984.1	49496908	49496924	0.7907004356384277	NC_068984.1	49496557	49497095	LOC106881251	0	+
NC_068984.1	56379336	56379342	0.41111281514167786	NC_068984.1	56379281	56379411	LOC106882066	0	-
NC_068984.1	56379336	56379342	0.41111281514167786	NC_068984.1	56379281	56379392	LOC106882066	0	-
NC_068984.1	57773068	57773087	0.47554853558540344	NC_068984.1	57768829	57773119	LOC106874710	0	+
NC_068984.1	58842193	58842207	0.4813935458660126	NC_068984.1	58842095	58842383	LOC106881796	0	+
NC_068984.1	58842193	58842207	0.4813935458660126	NC_068984.1	58842093	58842383	LOC106881796	0	+
NC_068984.1	58842193	58842207	0.4813935458660126	NC_068984.1	58842091	58842383	LOC106881796	0	+
NC_068984.1	58842193	58842207	0.4813935458660126	NC_068984.1	58842091	58842383	LOC106881796	0	+
NC_068984.1	59339280	59339285	0.3814855217933655	NC_068984.1	59338593	59340464	LOC106881800	0	-
NC_068984.1	59339280	59339285	0.3814855217933655	NC_068984.1	59338675	59340465	LOC106881800	0	-
NC_068984.1	59339286	59339293	0.334068238735199	NC_068984.1	59338593	59340464	LOC106881800	0	-
NC_068984.1	59339286	59339293	0.334068238735199	NC_068984.1	59338675	59340465	LOC106881800	0	-
NC_068984.1	59340448	59340454	0.28231897950172424	NC_068984.1	59338593	59340464	LOC106881800	0	-
NC_068984.1	59340448	59340454	0.28231897950172424	NC_068984.1	59338675	59340465	LOC106881800	0	-
NC_068984.1	77555113	77555129	0.8143993616104126	NC_068984.1	77554114	77555318	LOC106876165	0	+
NC_068984.1	77567471	77567478	0.334252268075943	NC_068984.1	77566976	77567668	LOC106876165	0	+
NC_068984.1	78678696	78678703	0.38044223189353943	NC_068984.1	78678694	78678894	LOC106877928	0	+
NC_068984.1	83127195	83127293	0.8163254261016846	NC_068984.1	83126522	83128350	LOC128247600	0	-
NC_068984.1	84299624	84299664	0.8954849243164062	NC_068984.1	84299456	84300995	LOC106870722	0	-
NC_068984.1	88615546	88615551	0.37568575143814087	NC_068984.1	88615278	88615679	LOC106869442	0	-
NC_068984.1	94533300	94533325	0.9333288073539734	NC_068984.1	94533075	94533766	LOC106872580	0	+
NC_068984.1	94533300	94533325	0.9333288073539734	NC_068984.1	94533076	94533766	LOC106872580	0	+
NC_068984.1	94533300	94533325	0.9333288073539734	NC_068984.1	94533077	94533766	LOC106872580	0	+
NC_068984.1	94533300	94533325	0.9333288073539734	NC_068984.1	94533078	94533766	LOC106872580	0	+
NC_068984.1	94533300	94533325	0.9333288073539734	NC_068984.1	94533077	94533766	LOC106872580	0	+
NC_068984.1	94533300	94533325	0.9333288073539734	NC_068984.1	94533080	94533766	LOC106872580	0	+
NC_068984.1	94533300	94533325	0.9333288073539734	NC_068984.1	94533079	94533762	LOC106872580	0	+
NC_068984.1	95183691	95183708	0.41218939423561096	NC_068984.1	95180070	95186572	LOC106880552	0	-
NC_068984.1	101420177	101420192	0.33774659037590027	NC_068984.1	101420037	101420327	LOC106878788	0	+
NC_068984.1	105364017	105364033	0.6535808444023132	NC_068984.1	105363315	105364162	LOC106872728	0	+
NC_068984.1	105364017	105364033	0.6535808444023132	NC_068984.1	105363316	105364158	LOC106872728	0	+
NC_068984.1	112292607	112292636	0.7971951961517334	NC_068984.1	112292571	112293485	LOC106878542	0	+
NC_068984.1	112292607	112292636	0.7971951961517334	NC_068984.1	112292578	112293485	LOC106878542	0	+
NC_068984.1	112292669	112292713	0.8153043389320374	NC_068984.1	112292571	112293485	LOC106878542	0	+
NC_068984.1	112292669	112292713	0.8153043389320374	NC_068984.1	112292578	112293485	LOC106878542	0	+
NC_068984.1	112292792	112292813	0.7207104563713074	NC_068984.1	112292571	112293485	LOC106878542	0	+
NC_068984.1	112292792	112292813	0.7207104563713074	NC_068984.1	112292578	112293485	LOC106878542	0	+
NC_068984.1	112292871	112292895	0.7847180962562561	NC_068984.1	112292571	112293485	LOC106878542	0	+
NC_068984.1	112292871	112292895	0.7847180962562561	NC_068984.1	112292578	112293485	LOC106878542	0	+
NC_068984.1	112292901	112292939	0.6692187190055847	NC_068984.1	112292571	112293485	LOC106878542	0	+
NC_068984.1	112292901	112292939	0.6692187190055847	NC_068984.1	112292578	112293485	LOC106878542	0	+
NC_068984.1	118455311	118455317	0.36572715640068054	NC_068984.1	118455287	118455412	LOC106868833	0	-
NC_068984.1	118455318	118455324	0.36674824357032776	NC_068984.1	118455287	118455412	LOC106868833	0	-
NC_068984.1	121652508	121652514	0.2769405245780945	NC_068984.1	121652508	121653133	LOC106880303	0	+
NC_068984.1	126407640	126407681	0.9560419321060181	NC_068984.1	126407397	126408235	LOC106879667	0	-
NC_068984.1	129561009	129561033	0.8736772537231445	NC_068984.1	129560235	129561301	LOC128247635	0	-
NC_068984.1	129578784	129578789	0.40241163969039917	NC_068984.1	129578272	129579721	LOC106872441	0	-
NC_068984.1	131848886	131848904	0.8268693685531616	NC_068984.1	131848706	131849664	LOC106876440	0	+
NC_068984.1	141088530	141088546	0.6557356715202332	NC_068984.1	141088391	141088667	LOC106882280	0	-
NC_068984.1	141088530	141088546	0.6557356715202332	NC_068984.1	141088391	141088671	LOC106882280	0	-
NC_068984.1	141680131	141680146	0.4292246699333191	NC_068984.1	141679943	141680325	LOC106872024	0	-
NC_068984.1	141680149	141680164	0.41514840722084045	NC_068984.1	141679943	141680325	LOC106872024	0	-
NC_068984.1	141680220	141680225	0.3097609579563141	NC_068984.1	141679943	141680325	LOC106872024	0	-
NC_068984.1	141680229	141680234	0.32639721035957336	NC_068984.1	141679943	141680325	LOC106872024	0	-
NC_068984.1	141680308	141680325	0.3811860978603363	NC_068984.1	141679943	141680325	LOC106872024	0	-
NC_068984.1	141743811	141743826	0.640584409236908	NC_068984.1	141743644	141744607	LOC106872024	0	-
NC_068984.1	141743811	141743826	0.640584409236908	NC_068984.1	141743644	141744607	LOC106872024	0	-
NC_068984.1	141743811	141743826	0.640584409236908	NC_068984.1	141743644	141744609	LOC106872024	0	-
NC_068984.1	141743811	141743826	0.640584409236908	NC_068984.1	141743644	141744607	LOC106872024	0	-
NC_068984.1	144372197	144372217	0.5826065540313721	NC_068984.1	144372127	144372412	LOC106881919	0	+
NC_068984.1	145955434	145955479	0.8177624344825745	NC_068984.1	145955343	145956029	LOC106873644	0	+
NC_068984.1	145955486	145955526	0.8871018290519714	NC_068984.1	145955343	145956029	LOC106873644	0	+
NC_068984.1	145955527	145955587	0.8165937066078186	NC_068984.1	145955343	145956029	LOC106873644	0	+
NC_068984.1	146961323	146961328	0.45383793115615845	NC_068984.1	146961269	146961946	LOC106884251	0	+
NC_068984.1	146961323	146961328	0.45383793115615845	NC_068984.1	146961269	146961946	LOC106884251	0	+
NC_068985.1	40551	40570	0.41874513030052185	NC_068985.1	40143	40600	LOC106873773	0	+
NC_068985.1	3340373	3340425	0.6828562021255493	NC_068985.1	3340349	3340425	LOC106867827	0	-
NC_068985.1	7861966	7861983	0.8003142476081848	NC_068985.1	7861401	7862138	LOC106868704	0	+
NC_068985.1	7861966	7861983	0.8003142476081848	NC_068985.1	7861400	7862138	LOC106868704	0	+
NC_068985.1	7994546	7994559	0.7308196425437927	NC_068985.1	7994501	7995473	LOC106871940	0	+
NC_068985.1	7994546	7994559	0.7308196425437927	NC_068985.1	7994501	7995473	LOC106871940	0	+
NC_068985.1	7994546	7994559	0.7308196425437927	NC_068985.1	7994501	7995473	LOC106871940	0	+
NC_068985.1	7994546	7994559	0.7308196425437927	NC_068985.1	7994501	7995473	LOC106871940	0	+
NC_068985.1	7994546	7994559	0.7308196425437927	NC_068985.1	7994501	7995473	LOC106871940	0	+
NC_068985.1	16912192	16912213	0.45955970883369446	NC_068985.1	16912155	16912963	LOC106868377	0	-
NC_068985.1	18218713	18218735	0.48048391938209534	NC_068985.1	18218555	18218760	LOC106871753	0	+
NC_068985.1	19748346	19748351	0.32900846004486084	NC_068985.1	19748315	19748491	LOC106875803	0	+
NC_068985.1	19748378	19748383	0.3658446669578552	NC_068985.1	19748315	19748491	LOC106875803	0	+
NC_068985.1	21952209	21952229	0.900571346282959	NC_068985.1	21952209	21952789	LOC106883081	0	+
NC_068985.1	21952219	21952229	0.900571346282959	NC_068985.1	21952219	21952789	LOC106883081	0	+
NC_068985.1	28542824	28542846	0.6366819739341736	NC_068985.1	28542101	28543310	LOC106868349	0	+
NC_068985.1	28542824	28542846	0.6366819739341736	NC_068985.1	28542102	28543310	LOC106868349	0	+
NC_068985.1	28542866	28542906	0.8356044888496399	NC_068985.1	28542101	28543310	LOC106868349	0	+
NC_068985.1	28542866	28542906	0.8356044888496399	NC_068985.1	28542102	28543310	LOC106868349	0	+
NC_068985.1	28543040	28543075	0.8857243061065674	NC_068985.1	28542101	28543310	LOC106868349	0	+
NC_068985.1	28543040	28543075	0.8857243061065674	NC_068985.1	28542102	28543310	LOC106868349	0	+
NC_068985.1	28543129	28543157	0.8662503361701965	NC_068985.1	28542101	28543310	LOC106868349	0	+
NC_068985.1	28543129	28543157	0.8662503361701965	NC_068985.1	28542102	28543310	LOC106868349	0	+
NC_068985.1	29611174	29611190	0.8788625001907349	NC_068985.1	29610900	29611344	LOC106874827	0	+
NC_068985.1	29611174	29611190	0.8788625001907349	NC_068985.1	29611120	29611344	LOC106874827	0	+
NC_068985.1	29611174	29611190	0.8788625001907349	NC_068985.1	29610916	29611344	LOC106874827	0	+
NC_068985.1	29896043	29896055	0.3559170067310333	NC_068985.1	29895499	29896141	LOC106868717	0	-
NC_068985.1	29896043	29896055	0.3559170067310333	NC_068985.1	29895499	29896142	LOC106868717	0	-
NC_068985.1	31224270	31224301	0.4360770583152771	NC_068985.1	31224165	31224305	LOC106867863	0	+
NC_068985.1	31224270	31224301	0.4360770583152771	NC_068985.1	31224165	31224305	LOC106867863	0	+
NC_068985.1	31224270	31224301	0.4360770583152771	NC_068985.1	31224165	31224305	LOC106867863	0	+
NC_068985.1	39693229	39693286	0.7945492267608643	NC_068985.1	39693148	39693933	LOC106874097	0	+
NC_068985.1	39693229	39693286	0.7945492267608643	NC_068985.1	39693144	39693933	LOC106874097	0	+
NC_068985.1	39693229	39693286	0.7945492267608643	NC_068985.1	39693147	39693933	LOC106874097	0	+
NC_068985.1	39693229	39693286	0.7945492267608643	NC_068985.1	39693147	39693933	LOC106874097	0	+
NC_068985.1	39693542	39693581	0.6071187257766724	NC_068985.1	39693148	39693933	LOC106874097	0	+
NC_068985.1	39693542	39693581	0.6071187257766724	NC_068985.1	39693144	39693933	LOC106874097	0	+
NC_068985.1	39693542	39693581	0.6071187257766724	NC_068985.1	39693147	39693933	LOC106874097	0	+
NC_068985.1	39693542	39693581	0.6071187257766724	NC_068985.1	39693147	39693933	LOC106874097	0	+
NC_068985.1	39693615	39693634	0.48374301195144653	NC_068985.1	39693148	39693933	LOC106874097	0	+
NC_068985.1	39693615	39693634	0.48374301195144653	NC_068985.1	39693144	39693933	LOC106874097	0	+
NC_068985.1	39693615	39693634	0.48374301195144653	NC_068985.1	39693147	39693933	LOC106874097	0	+
NC_068985.1	39693615	39693634	0.48374301195144653	NC_068985.1	39693147	39693933	LOC106874097	0	+
NC_068985.1	39693745	39693753	0.3687251806259155	NC_068985.1	39693148	39693933	LOC106874097	0	+
NC_068985.1	39693745	39693753	0.3687251806259155	NC_068985.1	39693144	39693933	LOC106874097	0	+
NC_068985.1	39693745	39693753	0.3687251806259155	NC_068985.1	39693147	39693933	LOC106874097	0	+
NC_068985.1	39693745	39693753	0.3687251806259155	NC_068985.1	39693147	39693933	LOC106874097	0	+
NC_068985.1	39693757	39693765	0.3322497010231018	NC_068985.1	39693148	39693933	LOC106874097	0	+
NC_068985.1	39693757	39693765	0.3322497010231018	NC_068985.1	39693144	39693933	LOC106874097	0	+
NC_068985.1	39693757	39693765	0.3322497010231018	NC_068985.1	39693147	39693933	LOC106874097	0	+
NC_068985.1	39693757	39693765	0.3322497010231018	NC_068985.1	39693147	39693933	LOC106874097	0	+
NC_068985.1	39860567	39860590	0.5386489629745483	NC_068985.1	39860347	39860705	LOC106879856	0	-
NC_068985.1	39860591	39860662	0.7507545351982117	NC_068985.1	39860347	39860705	LOC106879856	0	-
NC_068985.1	51391818	51391827	0.4512031376361847	NC_068985.1	51391700	51392070	LOC106879154	0	-
NC_068985.1	51391818	51391827	0.4512031376361847	NC_068985.1	51391700	51392077	LOC106879154	0	-
NC_068985.1	51391818	51391827	0.4512031376361847	NC_068985.1	51391700	51392064	LOC106879154	0	-
NC_068985.1	55272935	55272951	0.5546649098396301	NC_068985.1	55272825	55272973	LOC106870012	0	+
NC_068985.1	57458461	57458492	0.6059135794639587	NC_068985.1	57457546	57459794	LOC106868231	0	+
NC_068985.1	57458461	57458492	0.6059135794639587	NC_068985.1	57457546	57459794	LOC106868231	0	+
NC_068985.1	57458570	57458593	0.7443798184394836	NC_068985.1	57457546	57459794	LOC106868231	0	+
NC_068985.1	57458570	57458593	0.7443798184394836	NC_068985.1	57457546	57459794	LOC106868231	0	+
NC_068985.1	57458597	57458616	0.520850419998169	NC_068985.1	57457546	57459794	LOC106868231	0	+
NC_068985.1	57458597	57458616	0.520850419998169	NC_068985.1	57457546	57459794	LOC106868231	0	+
NC_068985.1	57458636	57458702	0.6753222942352295	NC_068985.1	57457546	57459794	LOC106868231	0	+
NC_068985.1	57458636	57458702	0.6753222942352295	NC_068985.1	57457546	57459794	LOC106868231	0	+
NC_068985.1	64694724	64694739	0.7865353226661682	NC_068985.1	64694531	64695106	LOC106881524	0	+
NC_068985.1	64694724	64694739	0.7865353226661682	NC_068985.1	64694531	64695106	LOC106881524	0	+
NC_068985.1	64694724	64694739	0.7865353226661682	NC_068985.1	64694531	64695774	LOC106881524	0	+
NC_068985.1	66022660	66022676	0.43199265003204346	NC_068985.1	66022379	66022882	LOC106872171	0	-
NC_068985.1	66022660	66022676	0.43199265003204346	NC_068985.1	66022379	66022882	LOC106872171	0	-
NC_068985.1	72439071	72439107	0.5835098028182983	NC_068985.1	72438801	72439143	LOC106876214	0	+
NC_068985.1	74109657	74109662	0.32238346338272095	NC_068985.1	74109480	74109827	LOC106869260	0	-
NC_068985.1	74109657	74109662	0.32238346338272095	NC_068985.1	74109480	74109827	LOC106869260	0	-
NC_068985.1	74109657	74109662	0.32238346338272095	NC_068985.1	74109480	74109827	LOC106869260	0	-
NC_068985.1	74109779	74109799	0.5085152983665466	NC_068985.1	74109480	74109827	LOC106869260	0	-
NC_068985.1	74109779	74109799	0.5085152983665466	NC_068985.1	74109480	74109827	LOC106869260	0	-
NC_068985.1	74109779	74109799	0.5085152983665466	NC_068985.1	74109480	74109827	LOC106869260	0	-
NC_068985.1	82339926	82339953	0.6206714510917664	NC_068985.1	82339077	82340192	LOC106881595	0	-
NC_068985.1	96648102	96648109	0.4298887252807617	NC_068985.1	96647161	96648456	LOC106878581	0	-
NC_068985.1	96648102	96648109	0.4298887252807617	NC_068985.1	96647161	96648447	LOC106878581	0	-
NC_068985.1	96648102	96648109	0.4298887252807617	NC_068985.1	96647161	96648477	LOC106878581	0	-
NC_068985.1	102120576	102120587	0.43660640716552734	NC_068985.1	102120104	102121058	LOC106876426	0	+
NC_068985.1	102120576	102120587	0.43660640716552734	NC_068985.1	102120104	102121058	LOC106876426	0	+
NC_068985.1	102120576	102120587	0.43660640716552734	NC_068985.1	102120104	102121058	LOC106876426	0	+
NC_068985.1	102120576	102120587	0.43660640716552734	NC_068985.1	102120104	102121058	LOC106876426	0	+
NC_068985.1	102120576	102120587	0.43660640716552734	NC_068985.1	102120104	102121058	LOC106876426	0	+
NC_068985.1	102120576	102120587	0.43660640716552734	NC_068985.1	102120104	102121058	LOC106876426	0	+
NC_068985.1	102120590	102120602	0.3983163833618164	NC_068985.1	102120104	102121058	LOC106876426	0	+
NC_068985.1	102120590	102120602	0.3983163833618164	NC_068985.1	102120104	102121058	LOC106876426	0	+
NC_068985.1	102120590	102120602	0.3983163833618164	NC_068985.1	102120104	102121058	LOC106876426	0	+
NC_068985.1	102120590	102120602	0.3983163833618164	NC_068985.1	102120104	102121058	LOC106876426	0	+
NC_068985.1	102120590	102120602	0.3983163833618164	NC_068985.1	102120104	102121058	LOC106876426	0	+
NC_068985.1	102120590	102120602	0.3983163833618164	NC_068985.1	102120104	102121058	LOC106876426	0	+
NC_068985.1	102120622	102120631	0.39392656087875366	NC_068985.1	102120104	102121058	LOC106876426	0	+
NC_068985.1	102120622	102120631	0.39392656087875366	NC_068985.1	102120104	102121058	LOC106876426	0	+
NC_068985.1	102120622	102120631	0.39392656087875366	NC_068985.1	102120104	102121058	LOC106876426	0	+
NC_068985.1	102120622	102120631	0.39392656087875366	NC_068985.1	102120104	102121058	LOC106876426	0	+
NC_068985.1	102120622	102120631	0.39392656087875366	NC_068985.1	102120104	102121058	LOC106876426	0	+
NC_068985.1	102120622	102120631	0.39392656087875366	NC_068985.1	102120104	102121058	LOC106876426	0	+
NC_068985.1	103490522	103490541	0.317501962184906	NC_068985.1	103490413	103490555	LOC106876423	0	-
NC_068985.1	105859651	105859669	0.6026743650436401	NC_068985.1	105859101	105859989	LOC106881110	0	-
NC_068985.1	110377803	110377812	0.403812438249588	NC_068985.1	110377765	110377856	LOC106873475	0	+
NC_068985.1	119424643	119424668	0.368791401386261	NC_068985.1	119424514	119425625	LOC106868314	0	+
NC_068985.1	119424681	119424697	0.4832765460014343	NC_068985.1	119424514	119425625	LOC106868314	0	+
NC_068985.1	119425397	119425427	0.6179386973381042	NC_068985.1	119424514	119425625	LOC106868314	0	+
NC_068985.1	119425430	119425453	0.6190279126167297	NC_068985.1	119424514	119425625	LOC106868314	0	+
NC_068985.1	127461562	127461579	0.8500879406929016	NC_068985.1	127461241	127461586	LOC106876637	0	+
NC_068985.1	127463251	127463268	0.9011068344116211	NC_068985.1	127462895	127463614	LOC106876637	0	+
NC_068986.1	108325	108365	0.914319634437561	NC_068986.1	108088	108600	LOC106877595	0	-
NC_068986.1	108376	108396	0.8767178654670715	NC_068986.1	108088	108600	LOC106877595	0	-
NC_068986.1	866565	866583	0.8920119404792786	NC_068986.1	865799	866626	LOC106873603	0	-
NC_068986.1	866565	866583	0.8920119404792786	NC_068986.1	866155	866633	LOC106873603	0	-
NC_068986.1	866565	866583	0.8920119404792786	NC_068986.1	865799	866628	LOC106873603	0	-
NC_068986.1	866565	866583	0.8920119404792786	NC_068986.1	866155	866626	LOC106873603	0	-
NC_068986.1	866565	866583	0.8920119404792786	NC_068986.1	865799	866632	LOC106873603	0	-
NC_068986.1	2246253	2246258	0.4769043028354645	NC_068986.1	2245492	2246582	LOC106867233	0	-
NC_068986.1	3183359	3183370	0.4033484160900116	NC_068986.1	3183281	3183731	LOC106875299	0	-
NC_068986.1	3183375	3183380	0.2673943042755127	NC_068986.1	3183281	3183731	LOC106875299	0	-
NC_068986.1	3183473	3183487	0.3571419417858124	NC_068986.1	3183281	3183731	LOC106875299	0	-
NC_068986.1	20416006	20416064	0.9344040155410767	NC_068986.1	20416002	20416312	LOC106875709	0	+
NC_068986.1	20416006	20416064	0.9344040155410767	NC_068986.1	20415999	20416312	LOC106875709	0	+
NC_068986.1	26677388	26677396	0.41531461477279663	NC_068986.1	26676434	26678271	LOC106880735	0	-
NC_068986.1	35483726	35483729	0.43507304787635803	NC_068986.1	35483726	35483829	LOC106870526	0	+
NC_068986.1	37264997	37265005	0.4023815989494324	NC_068986.1	37264749	37265350	LOC106867500	0	-
NC_068986.1	37264997	37265005	0.4023815989494324	NC_068986.1	37264749	37265347	LOC106867500	0	-
NC_068986.1	41208310	41208332	0.5110983848571777	NC_068986.1	41207275	41208669	LOC106882913	0	+
NC_068986.1	45417266	45417292	0.7009731531143188	NC_068986.1	45417078	45417426	LOC106882562	0	-
NC_068986.1	45417266	45417292	0.7009731531143188	NC_068986.1	45417078	45417428	LOC106882562	0	-
NC_068986.1	45417347	45417352	0.30115413665771484	NC_068986.1	45417078	45417426	LOC106882562	0	-
NC_068986.1	45417347	45417352	0.30115413665771484	NC_068986.1	45417078	45417428	LOC106882562	0	-
NC_068986.1	49968727	49968749	0.9400314092636108	NC_068986.1	49968618	49969300	LOC106877926	0	+
NC_068986.1	49968727	49968749	0.9400314092636108	NC_068986.1	49968615	49969300	LOC106877926	0	+
NC_068986.1	55276618	55276633	0.6033257842063904	NC_068986.1	55276589	55276713	LOC106881730	0	+
NC_068986.1	61448371	61448380	0.427063912153244	NC_068986.1	61448047	61448717	LOC106873629	0	-
NC_068986.1	61448443	61448464	0.5786479711532593	NC_068986.1	61448047	61448717	LOC106873629	0	-
NC_068986.1	64043419	64043434	0.5583562850952148	NC_068986.1	64042869	64043449	LOC106867597	0	-
NC_068986.1	64043419	64043434	0.5583562850952148	NC_068986.1	64042869	64043449	LOC106867597	0	-
NC_068986.1	72220531	72220548	0.6335304379463196	NC_068986.1	72216833	72220711	LOC106873481	0	+
NC_068986.1	72220531	72220548	0.6335304379463196	NC_068986.1	72218425	72220711	LOC106873481	0	+
NC_068986.1	72220531	72220548	0.6335304379463196	NC_068986.1	72218425	72220711	LOC106873481	0	+
NC_068986.1	72220565	72220576	0.3867761790752411	NC_068986.1	72216833	72220711	LOC106873481	0	+
NC_068986.1	72220565	72220576	0.3867761790752411	NC_068986.1	72218425	72220711	LOC106873481	0	+
NC_068986.1	72220565	72220576	0.3867761790752411	NC_068986.1	72218425	72220711	LOC106873481	0	+
NC_068986.1	73092830	73092845	0.7927917242050171	NC_068986.1	73092631	73093123	LOC106873686	0	+
NC_068986.1	83025386	83025406	0.4527011513710022	NC_068986.1	83024474	83025838	LOC106871466	0	-
NC_068986.1	83025453	83025474	0.5454351305961609	NC_068986.1	83024474	83025838	LOC106871466	0	-
NC_068986.1	83025500	83025521	0.5652777552604675	NC_068986.1	83024474	83025838	LOC106871466	0	-
NC_068986.1	83057744	83057751	0.438113272190094	NC_068986.1	83055297	83058021	LOC106871461	0	+
NC_068986.1	83057762	83057767	0.33984899520874023	NC_068986.1	83055297	83058021	LOC106871461	0	+
NC_068986.1	90077971	90077987	0.7405479550361633	NC_068986.1	90077801	90077995	LOC106869792	0	+
NC_068986.1	90077971	90077987	0.7405479550361633	NC_068986.1	90077794	90077995	LOC106869792	0	+
NC_068986.1	90077971	90077987	0.7405479550361633	NC_068986.1	90077793	90077995	LOC106869792	0	+
NC_068986.1	91240031	91240057	0.8481019139289856	NC_068986.1	91239590	91240339	LOC106869802	0	-
NC_068986.1	91240031	91240057	0.8481019139289856	NC_068986.1	91239590	91240340	LOC106869802	0	-
NC_068986.1	91240031	91240057	0.8481019139289856	NC_068986.1	91239590	91240339	LOC106869802	0	-
NC_068986.1	91240031	91240057	0.8481019139289856	NC_068986.1	91239590	91240340	LOC106869802	0	-
NC_068986.1	91240075	91240097	0.9126279354095459	NC_068986.1	91239590	91240339	LOC106869802	0	-
NC_068986.1	91240075	91240097	0.9126279354095459	NC_068986.1	91239590	91240340	LOC106869802	0	-
NC_068986.1	91240075	91240097	0.9126279354095459	NC_068986.1	91239590	91240339	LOC106869802	0	-
NC_068986.1	91240075	91240097	0.9126279354095459	NC_068986.1	91239590	91240340	LOC106869802	0	-
NC_068986.1	91907195	91907235	0.7026267051696777	NC_068986.1	91907024	91907381	LOC106873676	0	-
NC_068986.1	91907195	91907235	0.7026267051696777	NC_068986.1	91907024	91907381	LOC106873676	0	-
NC_068986.1	92939383	92939386	0.503541111946106	NC_068986.1	92939383	92939550	LOC106876343	0	+
NC_068986.1	92939382	92939386	0.503541111946106	NC_068986.1	92939382	92939550	LOC106876343	0	+
NC_068986.1	92939383	92939386	0.503541111946106	NC_068986.1	92939383	92939550	LOC106876343	0	+
NC_068986.1	92939382	92939386	0.503541111946106	NC_068986.1	92939382	92939550	LOC106876343	0	+
NC_068986.1	93458915	93458933	0.39733919501304626	NC_068986.1	93458578	93459095	LOC106876344	0	+
NC_068986.1	93458943	93458964	0.6579383015632629	NC_068986.1	93458578	93459095	LOC106876344	0	+
NC_068986.1	96772353	96772364	0.4699678421020508	NC_068986.1	96771513	96772478	LOC106879975	0	-
NC_068986.1	96772353	96772364	0.4699678421020508	NC_068986.1	96771468	96772478	LOC106879975	0	-
NC_068986.1	96772353	96772364	0.4699678421020508	NC_068986.1	96771666	96772478	LOC106879975	0	-
NC_068986.1	96868766	96868782	0.6116862893104553	NC_068986.1	96868761	96869009	LOC106872546	0	+
NC_068986.1	96869121	96869139	0.9432432651519775	NC_068986.1	96869056	96869619	LOC106872546	0	+
NC_068986.1	106116577	106116592	0.7309566140174866	NC_068986.1	106116577	106116872	LOC106871985	0	+
NC_068986.1	106116577	106116592	0.7309566140174866	NC_068986.1	106116577	106116872	LOC106871985	0	+
NC_068986.1	106116577	106116592	0.7309566140174866	NC_068986.1	106116577	106116872	LOC106871985	0	+
NC_068986.1	106116618	106116630	0.3334704637527466	NC_068986.1	106116577	106116872	LOC106871985	0	+
NC_068986.1	106116618	106116630	0.3334704637527466	NC_068986.1	106116577	106116872	LOC106871985	0	+
NC_068986.1	106116618	106116630	0.3334704637527466	NC_068986.1	106116577	106116872	LOC106871985	0	+
NC_068986.1	106116706	106116714	0.35642725229263306	NC_068986.1	106116577	106116872	LOC106871985	0	+
NC_068986.1	106116706	106116714	0.35642725229263306	NC_068986.1	106116577	106116872	LOC106871985	0	+
NC_068986.1	106116706	106116714	0.35642725229263306	NC_068986.1	106116577	106116872	LOC106871985	0	+
NC_068986.1	107621640	107621675	0.4073742628097534	NC_068986.1	107621345	107621782	LOC106873642	0	-
NC_068986.1	107621640	107621675	0.4073742628097534	NC_068986.1	107621345	107621782	LOC106873642	0	-
NC_068986.1	107621640	107621675	0.4073742628097534	NC_068986.1	107621345	107621782	LOC106873642	0	-
NC_068986.1	107621640	107621675	0.4073742628097534	NC_068986.1	107621345	107621782	LOC106873642	0	-
NC_068986.1	107621640	107621675	0.4073742628097534	NC_068986.1	107621345	107621782	LOC106873642	0	-
NC_068986.1	107621640	107621675	0.4073742628097534	NC_068986.1	107621345	107621782	LOC106873642	0	-
NC_068986.1	107912736	107912786	0.2563241422176361	NC_068986.1	107912619	107912786	LOC106867977	0	-
NC_068986.1	107964809	107964815	0.6314616799354553	NC_068986.1	107964197	107964815	LOC106867981	0	-
NC_068986.1	115004709	115004718	0.31164324283599854	NC_068986.1	115004343	115004887	LOC106872068	0	-
NC_068987.1	338695	338700	0.41319721937179565	NC_068987.1	338661	338825	LOC106872233	0	+
NC_068987.1	877314	877328	0.39855077862739563	NC_068987.1	877135	877564	LOC106877658	0	+
NC_068987.1	877329	877335	0.27837637066841125	NC_068987.1	877135	877564	LOC106877658	0	+
NC_068987.1	877348	877370	0.40989163517951965	NC_068987.1	877135	877564	LOC106877658	0	+
NC_068987.1	877371	877383	0.3521818220615387	NC_068987.1	877135	877564	LOC106877658	0	+
NC_068987.1	877398	877424	0.46137091517448425	NC_068987.1	877135	877564	LOC106877658	0	+
NC_068987.1	3132668	3132674	0.4655025005340576	NC_068987.1	3132081	3132701	LOC106871569	0	+
NC_068987.1	4375160	4375216	0.9586842656135559	NC_068987.1	4374864	4375668	LOC106873584	0	+
NC_068987.1	4375160	4375216	0.9586842656135559	NC_068987.1	4374865	4375668	LOC106873584	0	+
NC_068987.1	4375376	4375391	0.32040712237358093	NC_068987.1	4374864	4375668	LOC106873584	0	+
NC_068987.1	4375376	4375391	0.32040712237358093	NC_068987.1	4374865	4375668	LOC106873584	0	+
NC_068987.1	5203600	5203605	0.3325134217739105	NC_068987.1	5203430	5203685	LOC106881920	0	-
NC_068987.1	6742302	6742312	0.34475913643836975	NC_068987.1	6739827	6743171	LOC106869300	0	+
NC_068987.1	6742302	6742312	0.34475913643836975	NC_068987.1	6739830	6743171	LOC106869300	0	+
NC_068987.1	6742302	6742312	0.34475913643836975	NC_068987.1	6739823	6743171	LOC106869300	0	+
NC_068987.1	6742755	6742798	0.8422175645828247	NC_068987.1	6739827	6743171	LOC106869300	0	+
NC_068987.1	6742755	6742798	0.8422175645828247	NC_068987.1	6739830	6743171	LOC106869300	0	+
NC_068987.1	6742755	6742798	0.8422175645828247	NC_068987.1	6739823	6743171	LOC106869300	0	+
NC_068987.1	6742916	6742939	0.5286209583282471	NC_068987.1	6739827	6743171	LOC106869300	0	+
NC_068987.1	6742916	6742939	0.5286209583282471	NC_068987.1	6739830	6743171	LOC106869300	0	+
NC_068987.1	6742916	6742939	0.5286209583282471	NC_068987.1	6739823	6743171	LOC106869300	0	+
NC_068987.1	7662666	7662694	0.6619383096694946	NC_068987.1	7662556	7662851	LOC106880312	0	-
NC_068987.1	7662666	7662694	0.6619383096694946	NC_068987.1	7662556	7662847	LOC106880312	0	-
NC_068987.1	7662722	7662749	0.890967607498169	NC_068987.1	7662556	7662851	LOC106880312	0	-
NC_068987.1	7662722	7662749	0.890967607498169	NC_068987.1	7662556	7662847	LOC106880312	0	-
NC_068987.1	7662790	7662811	0.8046717643737793	NC_068987.1	7662556	7662851	LOC106880312	0	-
NC_068987.1	7662790	7662811	0.8046717643737793	NC_068987.1	7662556	7662847	LOC106880312	0	-
NC_068987.1	7701200	7701217	0.36588144302368164	NC_068987.1	7701059	7701268	LOC106880315	0	-
NC_068987.1	7701200	7701217	0.36588144302368164	NC_068987.1	7701059	7701268	LOC106880315	0	-
NC_068987.1	7701200	7701217	0.36588144302368164	NC_068987.1	7701059	7701245	LOC106880315	0	-
NC_068987.1	7701259	7701268	0.4550663232803345	NC_068987.1	7701059	7701268	LOC106880315	0	-
NC_068987.1	7701259	7701268	0.4550663232803345	NC_068987.1	7701059	7701268	LOC106880315	0	-
NC_068987.1	14260953	14260981	0.6380425691604614	NC_068987.1	14260905	14261221	LOC106871138	0	+
NC_068987.1	14260953	14260981	0.6380425691604614	NC_068987.1	14260905	14261895	LOC106871138	0	+
NC_068987.1	15912102	15912117	0.7254520058631897	NC_068987.1	15912026	15912348	LOC106873380	0	+
NC_068987.1	18441229	18441242	0.5467536449432373	NC_068987.1	18441203	18441402	LOC106876809	0	+
NC_068987.1	18443559	18443578	0.8737390637397766	NC_068987.1	18443557	18444106	LOC106876809	0	+
NC_068987.1	18443744	18443760	0.8573958277702332	NC_068987.1	18443557	18444106	LOC106876809	0	+
NC_068987.1	19052570	19052585	0.806753933429718	NC_068987.1	19051946	19053430	LOC106881355	0	-
NC_068987.1	19052570	19052585	0.806753933429718	NC_068987.1	19051946	19053537	LOC106881355	0	-
NC_068987.1	19073334	19073355	0.7565358281135559	NC_068987.1	19073060	19074562	LOC106881353	0	-
NC_068987.1	24110765	24110770	0.35147613286972046	NC_068987.1	24110368	24111470	LOC128248340	0	-
NC_068987.1	24110765	24110770	0.35147613286972046	NC_068987.1	24110229	24111470	LOC128248340	0	-
NC_068987.1	24213575	24213600	0.8676490783691406	NC_068987.1	24213568	24213635	LOC106881338	0	-
NC_068987.1	24450195	24450203	0.3326670825481415	NC_068987.1	24449346	24450311	LOC106872828	0	-
NC_068987.1	30102702	30102736	0.8774008750915527	NC_068987.1	30099977	30105287	LOC128248358	0	+
NC_068987.1	30686398	30686403	0.4669727683067322	NC_068987.1	30686255	30686403	LOC106880808	0	-
NC_068987.1	34953702	34953709	0.37551531195640564	NC_068987.1	34952946	34954067	LOC106868402	0	-
NC_068987.1	34990816	34990833	0.6027390956878662	NC_068987.1	34990207	34991084	LOC106868402	0	-
NC_068987.1	34990816	34990833	0.6027390956878662	NC_068987.1	34990207	34991084	LOC106868402	0	-
NC_068987.1	34990816	34990833	0.6027390956878662	NC_068987.1	34990207	34991084	LOC106868402	0	-
NC_068987.1	35072515	35072535	0.7360985279083252	NC_068987.1	35072438	35072535	LOC106868402	0	-
NC_068987.1	44873612	44873619	0.4240962862968445	NC_068987.1	44873189	44873764	LOC106881270	0	-
NC_068987.1	44873628	44873636	0.33446818590164185	NC_068987.1	44873189	44873764	LOC106881270	0	-
NC_068987.1	62200060	62200073	0.4721951186656952	NC_068987.1	62200060	62200080	LOC106884524	0	+
NC_068987.1	62771376	62771414	0.9359508156776428	NC_068987.1	62771282	62771414	LOC106879167	0	-
NC_068987.1	73705773	73705780	0.4072537422180176	NC_068987.1	73705479	73705878	LOC106867909	0	+
NC_068987.1	73705811	73705827	0.4164648652076721	NC_068987.1	73705479	73705878	LOC106867909	0	+
NC_068987.1	74988808	74988826	0.7596148252487183	NC_068987.1	74988800	74988848	LOC106878145	0	+
NC_068987.1	82795719	82795741	0.658065676689148	NC_068987.1	82795141	82796312	LOC128248394	0	+
NC_068987.1	82795719	82795741	0.658065676689148	NC_068987.1	82795141	82796312	LOC128248394	0	+
NC_068987.1	82795719	82795741	0.658065676689148	NC_068987.1	82795141	82796312	LOC128248394	0	+
NC_068987.1	88882078	88882085	0.41502097249031067	NC_068987.1	88881695	88882209	LOC106870565	0	+
NC_068987.1	94432373	94432396	0.38705775141716003	NC_068987.1	94432039	94434459	LOC106883309	0	+
NC_068987.1	94432373	94432396	0.38705775141716003	NC_068987.1	94432039	94434459	LOC106883309	0	+
NC_068987.1	94432373	94432396	0.38705775141716003	NC_068987.1	94432040	94434459	LOC106883309	0	+
NC_068987.1	94432373	94432396	0.38705775141716003	NC_068987.1	94432039	94434459	LOC106883309	0	+
NC_068987.1	94432373	94432396	0.38705775141716003	NC_068987.1	94432039	94434459	LOC106883309	0	+
NC_068987.1	94432373	94432396	0.38705775141716003	NC_068987.1	94432041	94434459	LOC106883309	0	+
NC_068987.1	94432373	94432396	0.38705775141716003	NC_068987.1	94432037	94434459	LOC106883309	0	+
NC_068987.1	94432373	94432396	0.38705775141716003	NC_068987.1	94432041	94434459	LOC106883309	0	+
NC_068987.1	94432373	94432396	0.38705775141716003	NC_068987.1	94432039	94434459	LOC106883309	0	+
NC_068987.1	94432373	94432396	0.38705775141716003	NC_068987.1	94432039	94432561	LOC106883309	0	+
NC_068987.1	94432373	94432396	0.38705775141716003	NC_068987.1	94432040	94434459	LOC106883309	0	+
NC_068987.1	105202770	105202782	0.5772725939750671	NC_068987.1	105202770	105203414	LOC106879084	0	+
NC_068987.1	105202770	105202782	0.5772725939750671	NC_068987.1	105202770	105203680	LOC106879084	0	+
NC_068987.1	105202770	105202782	0.5772725939750671	NC_068987.1	105202770	105203680	LOC106879084	0	+
NC_068988.1	8192885	8192919	0.7945439219474792	NC_068988.1	8191927	8193988	LOC106872159	0	+
NC_068988.1	8192885	8192919	0.7945439219474792	NC_068988.1	8191923	8193988	LOC106872159	0	+
NC_068988.1	15023013	15023027	0.8286274075508118	NC_068988.1	15022947	15023049	LOC106868639	0	-
NC_068988.1	15242076	15242080	0.48064592480659485	NC_068988.1	15242076	15242230	LOC128248506	0	+
NC_068988.1	37487580	37487601	0.9561617970466614	NC_068988.1	37487580	37487747	LOC106876098	0	+
NC_068988.1	38643327	38643330	0.38770198822021484	NC_068988.1	38643327	38643526	LOC106884438	0	+
NC_068988.1	38643323	38643330	0.38770198822021484	NC_068988.1	38643323	38643526	LOC106884438	0	+
NC_068988.1	39883816	39883856	0.797775149345398	NC_068988.1	39883744	39885164	LOC106883669	0	+
NC_068988.1	39883816	39883856	0.797775149345398	NC_068988.1	39883744	39885164	LOC106883669	0	+
NC_068988.1	39883816	39883856	0.797775149345398	NC_068988.1	39883741	39885164	LOC106883669	0	+
NC_068988.1	49959132	49959137	0.39674821496009827	NC_068988.1	49957920	49959753	LOC106880564	0	+
NC_068988.1	49959132	49959137	0.39674821496009827	NC_068988.1	49957920	49959753	LOC106880564	0	+
NC_068988.1	50270543	50270551	0.517809271812439	NC_068988.1	50270353	50270836	LOC106880564	0	+
NC_068988.1	50270543	50270551	0.517809271812439	NC_068988.1	50270353	50270836	LOC106880564	0	+
NC_068988.1	50270543	50270551	0.517809271812439	NC_068988.1	50270354	50270836	LOC106880564	0	+
NC_068988.1	50270543	50270551	0.517809271812439	NC_068988.1	50270353	50270836	LOC106880564	0	+
NC_068988.1	50270556	50270567	0.4137328863143921	NC_068988.1	50270353	50270836	LOC106880564	0	+
NC_068988.1	50270556	50270567	0.4137328863143921	NC_068988.1	50270353	50270836	LOC106880564	0	+
NC_068988.1	50270556	50270567	0.4137328863143921	NC_068988.1	50270354	50270836	LOC106880564	0	+
NC_068988.1	50270556	50270567	0.4137328863143921	NC_068988.1	50270353	50270836	LOC106880564	0	+
NC_068988.1	50280354	50280388	0.5970603823661804	NC_068988.1	50280110	50280887	LOC106880564	0	+
NC_068988.1	50598200	50598205	0.28094926476478577	NC_068988.1	50597860	50598249	LOC106880565	0	-
NC_068988.1	50598210	50598218	0.4688339829444885	NC_068988.1	50597860	50598249	LOC106880565	0	-
NC_068988.1	58342523	58342566	0.4871439039707184	NC_068988.1	58342435	58342779	LOC106881277	0	+
NC_068988.1	58342649	58342675	0.3743308484554291	NC_068988.1	58342435	58342779	LOC106881277	0	+
NC_068988.1	59491616	59491641	0.6194539070129395	NC_068988.1	59491445	59491821	LOC106870912	0	-
NC_068988.1	59491690	59491718	0.42301443219184875	NC_068988.1	59491445	59491821	LOC106870912	0	-
NC_068988.1	65250436	65250448	0.4329531192779541	NC_068988.1	65250414	65250692	LOC106878497	0	+
NC_068988.1	65250436	65250448	0.4329531192779541	NC_068988.1	65250414	65250692	LOC106878497	0	+
NC_068988.1	73872309	73872328	0.5503048896789551	NC_068988.1	73871466	73872509	LOC128248588	0	-
NC_068988.1	74246494	74246509	0.32864922285079956	NC_068988.1	74246494	74252344	LOC128248589	0	-
NC_068988.1	74251682	74251696	0.4171721637248993	NC_068988.1	74246494	74252344	LOC128248589	0	-
NC_068988.1	85620714	85620740	0.520536482334137	NC_068988.1	85620404	85622228	LOC106880044	0	-
NC_068988.1	85620751	85620769	0.5491490960121155	NC_068988.1	85620404	85622228	LOC106880044	0	-
NC_068988.1	85621561	85621594	0.6352197527885437	NC_068988.1	85620404	85622228	LOC106880044	0	-
NC_068988.1	85621776	85621798	0.8573909401893616	NC_068988.1	85620404	85622228	LOC106880044	0	-
NC_068988.1	85621827	85621852	0.8491391539573669	NC_068988.1	85620404	85622228	LOC106880044	0	-
NC_068988.1	85621863	85621892	0.8345955610275269	NC_068988.1	85620404	85622228	LOC106880044	0	-
NC_068988.1	91298720	91298760	0.2588734030723572	NC_068988.1	91297857	91298760	LOC106874585	0	-
NC_068988.1	91352240	91352246	0.2757061719894409	NC_068988.1	91351738	91352476	LOC106874585	0	-
NC_068988.1	91352413	91352432	0.7425510287284851	NC_068988.1	91351738	91352476	LOC106874585	0	-
NC_068988.1	91477728	91477732	0.4190536439418793	NC_068988.1	91477728	91480639	LOC106874583	0	+
NC_068988.1	92843033	92843051	0.40859711170196533	NC_068988.1	92842996	92843153	LOC106874573	0	+
NC_068988.1	93682842	93682869	0.7076061964035034	NC_068988.1	93682751	93683459	LOC106869520	0	+
NC_068988.1	93682887	93682907	0.6149173974990845	NC_068988.1	93682751	93683459	LOC106869520	0	+
NC_068988.1	93684534	93684575	0.8782310485839844	NC_068988.1	93684534	93684628	LOC106869520	0	+
NC_068988.1	93684608	93684621	0.5633160471916199	NC_068988.1	93684534	93684628	LOC106869520	0	+
NC_068988.1	97457373	97457406	0.49709850549697876	NC_068988.1	97457342	97458444	LOC106872559	0	+
NC_068988.1	97457552	97457567	0.6959813833236694	NC_068988.1	97457342	97458444	LOC106872559	0	+
NC_068988.1	97457654	97457671	0.4136480391025543	NC_068988.1	97457342	97458444	LOC106872559	0	+
NC_068989.1	4300651	4300670	0.8276013135910034	NC_068989.1	4300651	4301212	LOC106883685	0	+
NC_068989.1	4300651	4300670	0.8276013135910034	NC_068989.1	4300651	4301212	LOC106883685	0	+
NC_068989.1	4300651	4300670	0.8276013135910034	NC_068989.1	4300651	4301212	LOC106883685	0	+
NC_068989.1	4300651	4300670	0.8276013135910034	NC_068989.1	4300651	4301212	LOC106883685	0	+
NC_068989.1	4300692	4300710	0.830355167388916	NC_068989.1	4300651	4301212	LOC106883685	0	+
NC_068989.1	4300692	4300710	0.830355167388916	NC_068989.1	4300651	4301212	LOC106883685	0	+
NC_068989.1	4300692	4300710	0.830355167388916	NC_068989.1	4300651	4301212	LOC106883685	0	+
NC_068989.1	4300692	4300710	0.830355167388916	NC_068989.1	4300651	4301212	LOC106883685	0	+
NC_068989.1	4300826	4300846	0.8642615079879761	NC_068989.1	4300651	4301212	LOC106883685	0	+
NC_068989.1	4300826	4300846	0.8642615079879761	NC_068989.1	4300651	4301212	LOC106883685	0	+
NC_068989.1	4300826	4300846	0.8642615079879761	NC_068989.1	4300651	4301212	LOC106883685	0	+
NC_068989.1	4300826	4300846	0.8642615079879761	NC_068989.1	4300651	4301212	LOC106883685	0	+
NC_068989.1	5578166	5578175	0.43336018919944763	NC_068989.1	5577447	5579562	LOC106878115	0	-
NC_068989.1	10640213	10640224	0.406130313873291	NC_068989.1	10639902	10640581	LOC106877344	0	+
NC_068989.1	10640213	10640224	0.406130313873291	NC_068989.1	10639902	10640577	LOC106877344	0	+
NC_068989.1	16189349	16189354	0.38186365365982056	NC_068989.1	16188921	16189529	LOC106876900	0	+
NC_068989.1	16189471	16189476	0.3455274701118469	NC_068989.1	16188921	16189529	LOC106876900	0	+
NC_068989.1	16881786	16881804	0.8620059490203857	NC_068989.1	16881684	16882089	LOC106881703	0	+
NC_068989.1	16881856	16881867	0.6671102046966553	NC_068989.1	16881684	16882089	LOC106881703	0	+
NC_068989.1	16882026	16882041	0.8690815567970276	NC_068989.1	16881684	16882089	LOC106881703	0	+
NC_068989.1	18520688	18520706	0.5831764936447144	NC_068989.1	18520576	18521085	LOC106868091	0	+
NC_068989.1	18520813	18520832	0.6537521481513977	NC_068989.1	18520576	18521085	LOC106868091	0	+
NC_068989.1	19491180	19491194	0.4912816882133484	NC_068989.1	19491037	19491534	LOC106876199	0	+
NC_068989.1	22996048	22996073	0.2598930597305298	NC_068989.1	22995929	22996073	LOC106878206	0	-
NC_068989.1	24214860	24214927	0.5657027959823608	NC_068989.1	24214693	24214963	LOC106884214	0	+
NC_068989.1	24216699	24216759	0.45083189010620117	NC_068989.1	24216564	24217061	LOC106884214	0	+
NC_068989.1	27365355	27365366	0.3131422698497772	NC_068989.1	27363981	27365833	LOC106877599	0	+
NC_068989.1	27365355	27365366	0.3131422698497772	NC_068989.1	27363982	27365833	LOC106877599	0	+
NC_068989.1	27365355	27365366	0.3131422698497772	NC_068989.1	27363982	27365833	LOC106877599	0	+
NC_068989.1	27365355	27365366	0.3131422698497772	NC_068989.1	27363982	27365833	LOC106877599	0	+
NC_068989.1	30739104	30739167	0.2584829032421112	NC_068989.1	30739102	30739167	LOC106875847	0	-
NC_068989.1	34747826	34747841	0.6160132884979248	NC_068989.1	34747781	34748019	LOC106874296	0	-
NC_068989.1	40592488	40592497	0.30739253759384155	NC_068989.1	40591668	40592995	LOC106872657	0	+
NC_068989.1	45961676	45961683	0.32883018255233765	NC_068989.1	45961529	45961962	LOC128248758	0	-
NC_068989.1	54064083	54064099	0.35565030574798584	NC_068989.1	54062678	54064220	LOC106868077	0	-
NC_068989.1	55509884	55509901	0.6736123561859131	NC_068989.1	55509689	55510104	LOC106867580	0	-
NC_068989.1	55509991	55510009	0.7579137682914734	NC_068989.1	55509689	55510104	LOC106867580	0	-
NC_068989.1	55510019	55510035	0.7014594078063965	NC_068989.1	55509689	55510104	LOC106867580	0	-
NC_068989.1	55510043	55510059	0.7636443376541138	NC_068989.1	55509689	55510104	LOC106867580	0	-
NC_068989.1	55510095	55510101	0.3584151566028595	NC_068989.1	55509689	55510104	LOC106867580	0	-
NC_068989.1	55512504	55512528	0.7093750834465027	NC_068989.1	55512310	55513834	LOC106867580	0	-
NC_068989.1	55512553	55512583	0.6664887070655823	NC_068989.1	55512310	55513834	LOC106867580	0	-
NC_068989.1	55512736	55512753	0.5105199217796326	NC_068989.1	55512310	55513834	LOC106867580	0	-
NC_068989.1	55513049	55513071	0.7305572628974915	NC_068989.1	55512310	55513834	LOC106867580	0	-
NC_068989.1	55513692	55513708	0.3877827525138855	NC_068989.1	55512310	55513834	LOC106867580	0	-
NC_068989.1	55513709	55513714	0.3021196126937866	NC_068989.1	55512310	55513834	LOC106867580	0	-
NC_068989.1	55513740	55513759	0.35532546043395996	NC_068989.1	55512310	55513834	LOC106867580	0	-
NC_068989.1	58048484	58048520	0.43971097469329834	NC_068989.1	58048150	58048745	LOC106877246	0	-
NC_068989.1	58048595	58048604	0.45739254355430603	NC_068989.1	58048150	58048745	LOC106877246	0	-
NC_068989.1	58048614	58048630	0.41660594940185547	NC_068989.1	58048150	58048745	LOC106877246	0	-
NC_068989.1	58048677	58048690	0.4001524746417999	NC_068989.1	58048150	58048745	LOC106877246	0	-
NC_068989.1	58048709	58048745	0.3984043002128601	NC_068989.1	58048150	58048745	LOC106877246	0	-
NC_068989.1	59853287	59853305	0.6350700855255127	NC_068989.1	59853210	59853367	LOC106871039	0	-
NC_068989.1	65145991	65145994	0.359384685754776	NC_068989.1	65145873	65145994	LOC106879147	0	-
NC_068989.1	67609038	67609047	0.5756913423538208	NC_068989.1	67608738	67609047	LOC106871747	0	-
NC_068989.1	73245220	73245233	0.40260279178619385	NC_068989.1	73245201	73245281	LOC106882886	0	+
NC_068989.1	73960207	73960222	0.518020510673523	NC_068989.1	73959805	73960406	LOC106875983	0	-
NC_068989.1	73960207	73960222	0.518020510673523	NC_068989.1	73959805	73960406	LOC106875983	0	-
NC_068989.1	73960207	73960222	0.518020510673523	NC_068989.1	73959805	73960408	LOC106875983	0	-
NC_068989.1	73960207	73960222	0.518020510673523	NC_068989.1	73959805	73960406	LOC106875983	0	-
NC_068989.1	73960245	73960268	0.8766048550605774	NC_068989.1	73959805	73960406	LOC106875983	0	-
NC_068989.1	73960245	73960268	0.8766048550605774	NC_068989.1	73959805	73960406	LOC106875983	0	-
NC_068989.1	73960245	73960268	0.8766048550605774	NC_068989.1	73959805	73960408	LOC106875983	0	-
NC_068989.1	73960245	73960268	0.8766048550605774	NC_068989.1	73959805	73960406	LOC106875983	0	-
NC_068989.1	73960340	73960394	0.8698444366455078	NC_068989.1	73959805	73960406	LOC106875983	0	-
NC_068989.1	73960340	73960394	0.8698444366455078	NC_068989.1	73959805	73960406	LOC106875983	0	-
NC_068989.1	73960340	73960394	0.8698444366455078	NC_068989.1	73959805	73960408	LOC106875983	0	-
NC_068989.1	73960340	73960394	0.8698444366455078	NC_068989.1	73959805	73960406	LOC106875983	0	-
NC_068989.1	77603169	77603176	0.3482149839401245	NC_068989.1	77603169	77603268	LOC106878079	0	-
NC_068989.1	77603169	77603176	0.3482149839401245	NC_068989.1	77603169	77603268	LOC106878079	0	-
NC_068989.1	80311682	80311701	0.809650719165802	NC_068989.1	80311169	80311849	LOC106872195	0	-
NC_068989.1	80311682	80311701	0.809650719165802	NC_068989.1	80311169	80311849	LOC106872195	0	-
NC_068989.1	80962959	80962975	0.49988189339637756	NC_068989.1	80962836	80963192	LOC106867264	0	-
NC_068989.1	80962959	80962975	0.49988189339637756	NC_068989.1	80962836	80963192	LOC106867264	0	-
NC_068989.1	86133123	86133175	0.5953068137168884	NC_068989.1	86133054	86133237	LOC106882755	0	+
NC_068989.1	88398298	88398339	0.6640930771827698	NC_068989.1	88398142	88398580	LOC106869835	0	-
NC_068989.1	88398298	88398339	0.6640930771827698	NC_068989.1	88398142	88398580	LOC106869835	0	-
NC_068989.1	88398298	88398339	0.6640930771827698	NC_068989.1	88398142	88398580	LOC106869835	0	-
NC_068989.1	88398298	88398339	0.6640930771827698	NC_068989.1	88398142	88398581	LOC106869835	0	-
NC_068989.1	88398450	88398477	0.8584071397781372	NC_068989.1	88398142	88398580	LOC106869835	0	-
NC_068989.1	88398450	88398477	0.8584071397781372	NC_068989.1	88398142	88398580	LOC106869835	0	-
NC_068989.1	88398450	88398477	0.8584071397781372	NC_068989.1	88398142	88398580	LOC106869835	0	-
NC_068989.1	88398450	88398477	0.8584071397781372	NC_068989.1	88398142	88398581	LOC106869835	0	-
NC_068989.1	88398482	88398501	0.8026818633079529	NC_068989.1	88398142	88398580	LOC106869835	0	-
NC_068989.1	88398482	88398501	0.8026818633079529	NC_068989.1	88398142	88398580	LOC106869835	0	-
NC_068989.1	88398482	88398501	0.8026818633079529	NC_068989.1	88398142	88398580	LOC106869835	0	-
NC_068989.1	88398482	88398501	0.8026818633079529	NC_068989.1	88398142	88398581	LOC106869835	0	-
NC_068989.1	88398508	88398533	0.7243116497993469	NC_068989.1	88398142	88398580	LOC106869835	0	-
NC_068989.1	88398508	88398533	0.7243116497993469	NC_068989.1	88398142	88398580	LOC106869835	0	-
NC_068989.1	88398508	88398533	0.7243116497993469	NC_068989.1	88398142	88398580	LOC106869835	0	-
NC_068989.1	88398508	88398533	0.7243116497993469	NC_068989.1	88398142	88398581	LOC106869835	0	-
NC_068989.1	89646575	89646580	0.4348914325237274	NC_068989.1	89646575	89647418	LOC106877657	0	-
NC_068989.1	90919507	90919527	0.536212682723999	NC_068989.1	90919269	90919886	LOC106868310	0	-
NC_068989.1	90919507	90919527	0.536212682723999	NC_068989.1	90919269	90919886	LOC106868310	0	-
NC_068990.1	3240321	3240342	0.779286801815033	NC_068990.1	3240233	3242458	LOC106869052	0	+
NC_068990.1	3240321	3240342	0.779286801815033	NC_068990.1	3240233	3242458	LOC106869052	0	+
NC_068990.1	3240321	3240342	0.779286801815033	NC_068990.1	3240233	3242458	LOC106869052	0	+
NC_068990.1	3240321	3240342	0.779286801815033	NC_068990.1	3240233	3242458	LOC106869052	0	+
NC_068990.1	3240352	3240368	0.7437970638275146	NC_068990.1	3240233	3242458	LOC106869052	0	+
NC_068990.1	3240352	3240368	0.7437970638275146	NC_068990.1	3240233	3242458	LOC106869052	0	+
NC_068990.1	3240352	3240368	0.7437970638275146	NC_068990.1	3240233	3242458	LOC106869052	0	+
NC_068990.1	3240352	3240368	0.7437970638275146	NC_068990.1	3240233	3242458	LOC106869052	0	+
NC_068990.1	3240500	3240531	0.5279552936553955	NC_068990.1	3240233	3242458	LOC106869052	0	+
NC_068990.1	3240500	3240531	0.5279552936553955	NC_068990.1	3240233	3242458	LOC106869052	0	+
NC_068990.1	3240500	3240531	0.5279552936553955	NC_068990.1	3240233	3242458	LOC106869052	0	+
NC_068990.1	3240500	3240531	0.5279552936553955	NC_068990.1	3240233	3242458	LOC106869052	0	+
NC_068990.1	3240532	3240552	0.40577730536460876	NC_068990.1	3240233	3242458	LOC106869052	0	+
NC_068990.1	3240532	3240552	0.40577730536460876	NC_068990.1	3240233	3242458	LOC106869052	0	+
NC_068990.1	3240532	3240552	0.40577730536460876	NC_068990.1	3240233	3242458	LOC106869052	0	+
NC_068990.1	3240532	3240552	0.40577730536460876	NC_068990.1	3240233	3242458	LOC106869052	0	+
NC_068990.1	3240841	3240857	0.5009630918502808	NC_068990.1	3240233	3242458	LOC106869052	0	+
NC_068990.1	3240841	3240857	0.5009630918502808	NC_068990.1	3240233	3242458	LOC106869052	0	+
NC_068990.1	3240841	3240857	0.5009630918502808	NC_068990.1	3240233	3242458	LOC106869052	0	+
NC_068990.1	3240841	3240857	0.5009630918502808	NC_068990.1	3240233	3242458	LOC106869052	0	+
NC_068990.1	3241806	3241848	0.8635537028312683	NC_068990.1	3240233	3242458	LOC106869052	0	+
NC_068990.1	3241806	3241848	0.8635537028312683	NC_068990.1	3240233	3242458	LOC106869052	0	+
NC_068990.1	3241806	3241848	0.8635537028312683	NC_068990.1	3240233	3242458	LOC106869052	0	+
NC_068990.1	3241806	3241848	0.8635537028312683	NC_068990.1	3240233	3242458	LOC106869052	0	+
NC_068990.1	3241945	3241988	0.45850473642349243	NC_068990.1	3240233	3242458	LOC106869052	0	+
NC_068990.1	3241945	3241988	0.45850473642349243	NC_068990.1	3240233	3242458	LOC106869052	0	+
NC_068990.1	3241945	3241988	0.45850473642349243	NC_068990.1	3240233	3242458	LOC106869052	0	+
NC_068990.1	3241945	3241988	0.45850473642349243	NC_068990.1	3240233	3242458	LOC106869052	0	+
NC_068990.1	12175428	12175439	0.391825795173645	NC_068990.1	12175428	12175936	LOC106869227	0	+
NC_068990.1	12175429	12175439	0.391825795173645	NC_068990.1	12175429	12175936	LOC106869227	0	+
NC_068990.1	12175428	12175439	0.391825795173645	NC_068990.1	12175427	12175936	LOC106869227	0	+
NC_068990.1	17276767	17276772	0.546796441078186	NC_068990.1	17276659	17276772	LOC106883983	0	-
NC_068990.1	17276767	17276771	0.546796441078186	NC_068990.1	17276269	17276771	LOC106883983	0	-
NC_068990.1	25583137	25583153	0.9008439183235168	NC_068990.1	25583137	25583948	LOC106880753	0	+
NC_068990.1	29931964	29931968	0.2606469690799713	NC_068990.1	29931964	29932179	LOC106879662	0	+
NC_068990.1	30096913	30096928	0.40408480167388916	NC_068990.1	30096758	30097441	LOC106868200	0	+
NC_068990.1	30096945	30096960	0.4263502359390259	NC_068990.1	30096758	30097441	LOC106868200	0	+
NC_068990.1	30096963	30096980	0.4407080411911011	NC_068990.1	30096758	30097441	LOC106868200	0	+
NC_068990.1	40557078	40557103	0.660801112651825	NC_068990.1	40556987	40558397	LOC106881299	0	+
NC_068990.1	40557139	40557161	0.698396623134613	NC_068990.1	40556987	40558397	LOC106881299	0	+
NC_068990.1	40557341	40557349	0.4315544068813324	NC_068990.1	40556987	40558397	LOC106881299	0	+
NC_068990.1	40576141	40576159	0.7330729961395264	NC_068990.1	40576076	40576699	LOC106881299	0	+
NC_068990.1	45053594	45053614	0.7625185251235962	NC_068990.1	45053594	45053647	LOC106867846	0	+
NC_068990.1	45053591	45053614	0.7625185251235962	NC_068990.1	45053552	45053848	LOC106867846	0	+
NC_068990.1	45416877	45416886	0.7553204298019409	NC_068990.1	45416877	45417829	LOC106874115	0	+
NC_068990.1	46261640	46261666	0.4134473502635956	NC_068990.1	46261384	46262256	LOC106874172	0	+
NC_068990.1	46261740	46261755	0.7271875143051147	NC_068990.1	46261384	46262256	LOC106874172	0	+
NC_068990.1	54106160	54106180	0.2575352191925049	NC_068990.1	54106066	54106180	LOC106877129	0	-
NC_068990.1	54106160	54106174	0.2575352191925049	NC_068990.1	54105647	54106174	LOC106877129	0	-
NC_068990.1	62093935	62093949	0.8303874135017395	NC_068990.1	62093519	62094434	LOC106884059	0	-
NC_068990.1	62093935	62093949	0.8303874135017395	NC_068990.1	62093519	62094438	LOC106884059	0	-
NC_068990.1	63659680	63659698	0.6934263706207275	NC_068990.1	63659095	63659726	LOC106877715	0	-
NC_068990.1	63659680	63659698	0.6934263706207275	NC_068990.1	63659095	63659725	LOC106877715	0	-
NC_068990.1	65221397	65221403	0.3249833583831787	NC_068990.1	65221373	65221515	LOC106879767	0	+
NC_068990.1	70972131	70972138	0.8833861947059631	NC_068990.1	70971261	70972138	LOC106882425	0	-
NC_068990.1	70972131	70972137	0.8833861947059631	NC_068990.1	70971261	70972137	LOC106882425	0	-
NC_068990.1	70972131	70972137	0.8833861947059631	NC_068990.1	70971261	70972137	LOC106882425	0	-
NC_068990.1	70972131	70972140	0.8833861947059631	NC_068990.1	70971261	70972140	LOC106882425	0	-
NC_068990.1	70972131	70972136	0.8833861947059631	NC_068990.1	70971261	70972136	LOC106882425	0	-
NC_068990.1	70972131	70972139	0.8833861947059631	NC_068990.1	70971261	70972139	LOC106882425	0	-
NC_068990.1	70972131	70972137	0.8833861947059631	NC_068990.1	70971261	70972137	LOC106882425	0	-
NC_068990.1	70972131	70972136	0.8833861947059631	NC_068990.1	70971261	70972136	LOC106882425	0	-
NC_068990.1	78653889	78653901	0.3931858539581299	NC_068990.1	78653671	78654360	LOC106869538	0	-
NC_068990.1	78654002	78654021	0.6918139457702637	NC_068990.1	78653671	78654360	LOC106869538	0	-
NC_068990.1	78913125	78913163	0.9124009013175964	NC_068990.1	78912595	78913505	LOC106869536	0	+
NC_068990.1	78913239	78913272	0.8821243643760681	NC_068990.1	78912595	78913505	LOC106869536	0	+
NC_068990.1	78913470	78913491	0.5022568106651306	NC_068990.1	78912595	78913505	LOC106869536	0	+
NC_068990.1	87533072	87533095	0.7220999002456665	NC_068990.1	87532906	87533283	LOC106869943	0	-
NC_068990.1	87533072	87533095	0.7220999002456665	NC_068990.1	87531877	87533283	LOC106869943	0	-
NC_068990.1	87533117	87533163	0.37111979722976685	NC_068990.1	87532906	87533283	LOC106869943	0	-
NC_068990.1	87533117	87533163	0.37111979722976685	NC_068990.1	87531877	87533283	LOC106869943	0	-
NC_068990.1	87533168	87533177	0.28454890847206116	NC_068990.1	87532906	87533283	LOC106869943	0	-
NC_068990.1	87533168	87533177	0.28454890847206116	NC_068990.1	87531877	87533283	LOC106869943	0	-
NC_068990.1	89935716	89935736	0.8793596029281616	NC_068990.1	89935277	89936053	LOC106869417	0	-
NC_068990.1	92141469	92141484	0.6552609801292419	NC_068990.1	92140865	92141536	LOC106876277	0	+
NC_068991.1	81348	81369	0.8285072445869446	NC_068991.1	81348	81372	LOC106881196	0	-
NC_068991.1	2692153	2692164	0.6056872606277466	NC_068991.1	2692153	2692315	LOC106884067	0	+
NC_068991.1	3586125	3586141	0.5539267659187317	NC_068991.1	3585858	3586488	LOC106872108	0	-
NC_068991.1	3586239	3586249	0.39707663655281067	NC_068991.1	3585858	3586488	LOC106872108	0	-
NC_068991.1	3586250	3586267	0.3644293248653412	NC_068991.1	3585858	3586488	LOC106872108	0	-
NC_068991.1	7553920	7553927	0.3182462155818939	NC_068991.1	7553635	7554347	LOC106874885	0	+
NC_068991.1	18979513	18979534	0.41451799869537354	NC_068991.1	18979492	18980971	LOC106880696	0	+
NC_068991.1	18979513	18979534	0.41451799869537354	NC_068991.1	18979492	18980976	LOC106880696	0	+
NC_068991.1	18979923	18979934	0.3106267750263214	NC_068991.1	18979492	18980971	LOC106880696	0	+
NC_068991.1	18979923	18979934	0.3106267750263214	NC_068991.1	18979492	18980976	LOC106880696	0	+
NC_068991.1	18993927	18993963	0.5749019980430603	NC_068991.1	18993794	18994495	LOC106880696	0	+
NC_068991.1	20555261	20555285	0.6650286316871643	NC_068991.1	20554564	20555807	LOC106869243	0	+
NC_068991.1	20555261	20555285	0.6650286316871643	NC_068991.1	20554564	20555807	LOC106869243	0	+
NC_068991.1	24889423	24889445	0.7286482453346252	NC_068991.1	24888126	24889657	LOC106880015	0	-
NC_068991.1	25722837	25722854	0.6721416711807251	NC_068991.1	25722561	25722958	LOC106869641	0	-
NC_068991.1	25722837	25722854	0.6721416711807251	NC_068991.1	25722561	25722958	LOC106869641	0	-
NC_068991.1	25722837	25722854	0.6721416711807251	NC_068991.1	25722561	25722958	LOC106869641	0	-
NC_068991.1	25722837	25722854	0.6721416711807251	NC_068991.1	25722561	25722958	LOC106869641	0	-
NC_068991.1	25722837	25722854	0.6721416711807251	NC_068991.1	25722561	25722958	LOC106869641	0	-
NC_068991.1	25722837	25722854	0.6721416711807251	NC_068991.1	25722561	25722958	LOC106869641	0	-
NC_068991.1	25722927	25722958	0.738572359085083	NC_068991.1	25722561	25722958	LOC106869641	0	-
NC_068991.1	25722927	25722958	0.738572359085083	NC_068991.1	25722561	25722958	LOC106869641	0	-
NC_068991.1	25722927	25722958	0.738572359085083	NC_068991.1	25722561	25722958	LOC106869641	0	-
NC_068991.1	25722927	25722958	0.738572359085083	NC_068991.1	25722561	25722958	LOC106869641	0	-
NC_068991.1	25722927	25722958	0.738572359085083	NC_068991.1	25722561	25722958	LOC106869641	0	-
NC_068991.1	25722927	25722958	0.738572359085083	NC_068991.1	25722561	25722958	LOC106869641	0	-
NC_068991.1	28413314	28413341	0.3699139952659607	NC_068991.1	28413291	28414004	LOC106875245	0	+
NC_068991.1	28413314	28413341	0.3699139952659607	NC_068991.1	28413293	28414008	LOC106875245	0	+
NC_068991.1	28413314	28413341	0.3699139952659607	NC_068991.1	28413292	28414008	LOC106875245	0	+
NC_068991.1	28413314	28413341	0.3699139952659607	NC_068991.1	28413291	28414004	LOC106875245	0	+
NC_068991.1	28413578	28413603	0.6425856947898865	NC_068991.1	28413291	28414004	LOC106875245	0	+
NC_068991.1	28413578	28413603	0.6425856947898865	NC_068991.1	28413293	28414008	LOC106875245	0	+
NC_068991.1	28413578	28413603	0.6425856947898865	NC_068991.1	28413292	28414008	LOC106875245	0	+
NC_068991.1	28413578	28413603	0.6425856947898865	NC_068991.1	28413291	28414004	LOC106875245	0	+
NC_068991.1	28413618	28413643	0.7090792655944824	NC_068991.1	28413291	28414004	LOC106875245	0	+
NC_068991.1	28413618	28413643	0.7090792655944824	NC_068991.1	28413293	28414008	LOC106875245	0	+
NC_068991.1	28413618	28413643	0.7090792655944824	NC_068991.1	28413292	28414008	LOC106875245	0	+
NC_068991.1	28413618	28413643	0.7090792655944824	NC_068991.1	28413291	28414004	LOC106875245	0	+
NC_068991.1	43224519	43224525	0.32575953006744385	NC_068991.1	43224305	43225614	LOC106873166	0	+
NC_068991.1	43224895	43224934	0.8640938997268677	NC_068991.1	43224305	43225614	LOC106873166	0	+
NC_068991.1	43224938	43224969	0.7987349033355713	NC_068991.1	43224305	43225614	LOC106873166	0	+
NC_068991.1	50654424	50654449	0.8520607948303223	NC_068991.1	50652528	50654504	LOC106873924	0	-
NC_068991.1	50654482	50654496	0.9105863571166992	NC_068991.1	50652528	50654504	LOC106873924	0	-
NC_068991.1	50655499	50655513	0.4500525891780853	NC_068991.1	50655343	50656362	LOC106873924	0	-
NC_068991.1	59838413	59838436	0.6630455851554871	NC_068991.1	59838337	59838540	LOC106879599	0	+
NC_068991.1	59838413	59838436	0.6630455851554871	NC_068991.1	59838336	59838540	LOC106879599	0	+
NC_068991.1	59838453	59838458	0.4108238220214844	NC_068991.1	59838337	59838540	LOC106879599	0	+
NC_068991.1	59838453	59838458	0.4108238220214844	NC_068991.1	59838336	59838540	LOC106879599	0	+
NC_068991.1	60150501	60150631	0.8813852667808533	NC_068991.1	60150362	60154001	LOC106869681	0	-
NC_068991.1	60153890	60153895	0.46392735838890076	NC_068991.1	60150362	60154001	LOC106869681	0	-
NC_068991.1	60153896	60153903	0.3806364834308624	NC_068991.1	60150362	60154001	LOC106869681	0	-
NC_068991.1	60154118	60154123	0.8812830448150635	NC_068991.1	60154008	60154123	LOC106869681	0	-
NC_068991.1	60184971	60185035	0.8852939605712891	NC_068991.1	60184831	60189088	LOC106869683	0	-
NC_068991.1	60187497	60187532	0.6897632479667664	NC_068991.1	60184831	60189088	LOC106869683	0	-
NC_068991.1	66769912	66769923	0.4465119540691376	NC_068991.1	66769857	66770506	LOC106869289	0	-
NC_068991.1	71840961	71840981	0.7358052730560303	NC_068991.1	71840961	71841363	LOC106875097	0	+
NC_068991.1	71841012	71841031	0.5044777989387512	NC_068991.1	71840961	71841363	LOC106875097	0	+
NC_068991.1	71990206	71990226	0.7184486389160156	NC_068991.1	71990022	71990412	LOC106875113	0	-
NC_068991.1	71990206	71990226	0.7184486389160156	NC_068991.1	71990022	71990412	LOC106875113	0	-
NC_068991.1	80563540	80563547	0.4768398404121399	NC_068991.1	80563338	80564243	LOC106878525	0	+
NC_068991.1	80563555	80563560	0.39583098888397217	NC_068991.1	80563338	80564243	LOC106878525	0	+
NC_068991.1	80563591	80563597	0.5800425410270691	NC_068991.1	80563338	80564243	LOC106878525	0	+
NC_068991.1	80563600	80563605	0.3500678241252899	NC_068991.1	80563338	80564243	LOC106878525	0	+
NC_068991.1	80742071	80742087	0.6699696779251099	NC_068991.1	80741932	80742105	LOC106877905	0	+
NC_068992.1	8568294	8568313	0.42175665497779846	NC_068992.1	8567977	8568338	LOC106880181	0	-
NC_068992.1	8568294	8568313	0.42175665497779846	NC_068992.1	8567977	8568338	LOC106880181	0	-
NC_068992.1	8568314	8568334	0.5011962652206421	NC_068992.1	8567977	8568338	LOC106880181	0	-
NC_068992.1	8568314	8568334	0.5011962652206421	NC_068992.1	8567977	8568338	LOC106880181	0	-
NC_068992.1	9401116	9401151	0.7622886896133423	NC_068992.1	9399704	9402876	LOC128249191	0	-
NC_068992.1	9402144	9402176	0.6312913298606873	NC_068992.1	9399704	9402876	LOC128249191	0	-
NC_068992.1	9402519	9402526	0.4172397255897522	NC_068992.1	9399704	9402876	LOC128249191	0	-
NC_068992.1	14437532	14437547	0.5530526041984558	NC_068992.1	14437166	14437555	LOC106881863	0	+
NC_068992.1	30848392	30848397	0.4766623079776764	NC_068992.1	30847954	30849332	LOC106869914	0	-
NC_068992.1	30848392	30848397	0.4766623079776764	NC_068992.1	30847954	30849332	LOC106869914	0	-
NC_068992.1	30848392	30848397	0.4766623079776764	NC_068992.1	30847954	30849332	LOC106869914	0	-
NC_068992.1	30848392	30848397	0.4766623079776764	NC_068992.1	30847954	30849332	LOC106869914	0	-
NC_068992.1	30848392	30848397	0.4766623079776764	NC_068992.1	30847954	30849332	LOC106869914	0	-
NC_068992.1	30848392	30848397	0.4766623079776764	NC_068992.1	30847954	30849332	LOC106869914	0	-
NC_068992.1	30848599	30848607	0.38254252076148987	NC_068992.1	30847954	30849332	LOC106869914	0	-
NC_068992.1	30848599	30848607	0.38254252076148987	NC_068992.1	30847954	30849332	LOC106869914	0	-
NC_068992.1	30848599	30848607	0.38254252076148987	NC_068992.1	30847954	30849332	LOC106869914	0	-
NC_068992.1	30848599	30848607	0.38254252076148987	NC_068992.1	30847954	30849332	LOC106869914	0	-
NC_068992.1	30848599	30848607	0.38254252076148987	NC_068992.1	30847954	30849332	LOC106869914	0	-
NC_068992.1	30848599	30848607	0.38254252076148987	NC_068992.1	30847954	30849332	LOC106869914	0	-
NC_068992.1	30848654	30848659	0.3414309620857239	NC_068992.1	30847954	30849332	LOC106869914	0	-
NC_068992.1	30848654	30848659	0.3414309620857239	NC_068992.1	30847954	30849332	LOC106869914	0	-
NC_068992.1	30848654	30848659	0.3414309620857239	NC_068992.1	30847954	30849332	LOC106869914	0	-
NC_068992.1	30848654	30848659	0.3414309620857239	NC_068992.1	30847954	30849332	LOC106869914	0	-
NC_068992.1	30848654	30848659	0.3414309620857239	NC_068992.1	30847954	30849332	LOC106869914	0	-
NC_068992.1	30848654	30848659	0.3414309620857239	NC_068992.1	30847954	30849332	LOC106869914	0	-
NC_068992.1	30849142	30849147	0.3875539004802704	NC_068992.1	30847954	30849332	LOC106869914	0	-
NC_068992.1	30849142	30849147	0.3875539004802704	NC_068992.1	30847954	30849332	LOC106869914	0	-
NC_068992.1	30849142	30849147	0.3875539004802704	NC_068992.1	30847954	30849332	LOC106869914	0	-
NC_068992.1	30849142	30849147	0.3875539004802704	NC_068992.1	30847954	30849332	LOC106869914	0	-
NC_068992.1	30849142	30849147	0.3875539004802704	NC_068992.1	30847954	30849332	LOC106869914	0	-
NC_068992.1	30849142	30849147	0.3875539004802704	NC_068992.1	30847954	30849332	LOC106869914	0	-
NC_068992.1	36112771	36112776	0.348663866519928	NC_068992.1	36111881	36113063	LOC106875675	0	+
NC_068992.1	38168318	38168344	0.8483952283859253	NC_068992.1	38168074	38168350	LOC106877411	0	+
NC_068992.1	38172066	38172084	0.5783892869949341	NC_068992.1	38172066	38172259	LOC106877411	0	+
NC_068992.1	38746034	38746043	0.3467126488685608	NC_068992.1	38745839	38747654	LOC106879504	0	+
NC_068992.1	39356559	39356564	0.31436172127723694	NC_068992.1	39356246	39356783	LOC106877775	0	-
NC_068992.1	42305009	42305023	0.4046362340450287	NC_068992.1	42304812	42305050	LOC106883812	0	-
NC_068992.1	43783594	43783681	0.9465892314910889	NC_068992.1	43783390	43783815	LOC106873081	0	+
NC_068992.1	49339439	49339454	0.5050445199012756	NC_068992.1	49339336	49340043	LOC106871223	0	-
NC_068992.1	49865156	49865195	0.7092062830924988	NC_068992.1	49865150	49865285	LOC106873718	0	+
NC_068992.1	56004704	56004720	0.4304543733596802	NC_068992.1	56004647	56004772	LOC106870124	0	-
NC_068992.1	58822555	58822568	0.614616334438324	NC_068992.1	58822375	58822615	LOC106874495	0	-
NC_068992.1	58822555	58822568	0.614616334438324	NC_068992.1	58822375	58822615	LOC106874495	0	-
NC_068992.1	58850593	58850599	0.3391176760196686	NC_068992.1	58850479	58850993	LOC106874495	0	-
NC_068992.1	58850593	58850599	0.3391176760196686	NC_068992.1	58850479	58850993	LOC106874495	0	-
NC_068992.1	58850593	58850599	0.3391176760196686	NC_068992.1	58850479	58850993	LOC106874495	0	-
NC_068992.1	58850600	58850609	0.31402388215065	NC_068992.1	58850479	58850993	LOC106874495	0	-
NC_068992.1	58850600	58850609	0.31402388215065	NC_068992.1	58850479	58850993	LOC106874495	0	-
NC_068992.1	58850600	58850609	0.31402388215065	NC_068992.1	58850479	58850993	LOC106874495	0	-
NC_068992.1	65810425	65810436	0.3691089451313019	NC_068992.1	65809839	65811193	LOC106884476	0	+
NC_068992.1	65810443	65810451	0.4437142014503479	NC_068992.1	65809839	65811193	LOC106884476	0	+
NC_068993.1	193294	193336	0.8446147441864014	NC_068993.1	193294	193481	LOC106882836	0	+
NC_068993.1	663727	663782	0.9482101202011108	NC_068993.1	663431	664028	LOC106871442	0	-
NC_068993.1	663727	663782	0.9482101202011108	NC_068993.1	663431	664028	LOC106871442	0	-
NC_068993.1	9779776	9779793	0.8204527497291565	NC_068993.1	9779676	9780096	LOC106876425	0	+
NC_068993.1	9779776	9779793	0.8204527497291565	NC_068993.1	9779676	9780096	LOC106876425	0	+
NC_068993.1	9779776	9779793	0.8204527497291565	NC_068993.1	9779676	9780096	LOC106876425	0	+
NC_068993.1	9779776	9779793	0.8204527497291565	NC_068993.1	9779676	9780096	LOC106876425	0	+
NC_068993.1	16990970	16991019	0.672749400138855	NC_068993.1	16990716	16991642	LOC106881088	0	+
NC_068993.1	16999945	16999959	0.584328293800354	NC_068993.1	16999915	17000153	LOC106881088	0	+
NC_068993.1	16999982	16999995	0.5519211292266846	NC_068993.1	16999915	17000153	LOC106881088	0	+
NC_068993.1	17377249	17377265	0.6532200574874878	NC_068993.1	17377183	17377305	LOC106884324	0	+
NC_068993.1	29747316	29747322	0.3089122176170349	NC_068993.1	29747170	29747760	LOC106867229	0	+
NC_068993.1	29747316	29747322	0.3089122176170349	NC_068993.1	29747172	29747760	LOC106867229	0	+
NC_068993.1	34325350	34325366	0.6319922208786011	NC_068993.1	34325044	34326911	LOC106868722	0	-
NC_068993.1	34733888	34733894	0.35928967595100403	NC_068993.1	34733411	34735157	LOC106868424	0	+
NC_068993.1	34733888	34733894	0.35928967595100403	NC_068993.1	34733413	34735157	LOC106868424	0	+
NC_068993.1	44414881	44414895	0.3160247206687927	NC_068993.1	44414873	44415014	LOC106880554	0	+
NC_068993.1	45217513	45217544	0.4143480062484741	NC_068993.1	45217513	45217736	LOC106870559	0	+
NC_068993.1	45217546	45217586	0.44056034088134766	NC_068993.1	45217513	45217736	LOC106870559	0	+
NC_068993.1	45217598	45217613	0.6736090779304504	NC_068993.1	45217513	45217736	LOC106870559	0	+
NC_068993.1	45217628	45217647	0.5436555743217468	NC_068993.1	45217513	45217736	LOC106870559	0	+
NC_068993.1	53342466	53342493	0.8298816084861755	NC_068993.1	53342352	53342927	LOC106867554	0	+
NC_068993.1	54280271	54280293	0.7498114109039307	NC_068993.1	54280130	54280503	LOC106867548	0	-
NC_068993.1	54280271	54280293	0.7498114109039307	NC_068993.1	54280130	54280503	LOC106867548	0	-
NC_068993.1	55190023	55190040	0.9030775427818298	NC_068993.1	55189891	55190121	LOC106881559	0	-
NC_068993.1	55567460	55567475	0.6511109471321106	NC_068993.1	55567440	55567540	LOC106881555	0	+
NC_068993.1	55567460	55567475	0.6511109471321106	NC_068993.1	55567440	55567540	LOC106881555	0	+
NC_068993.1	55567460	55567475	0.6511109471321106	NC_068993.1	55567440	55567540	LOC106881555	0	+
NC_068993.1	55567460	55567475	0.6511109471321106	NC_068993.1	55567440	55567540	LOC106881555	0	+
NC_068993.1	55567460	55567475	0.6511109471321106	NC_068993.1	55567440	55567540	LOC106881555	0	+
NC_068993.1	55649786	55649790	0.7436786890029907	NC_068993.1	55649786	55650053	LOC106881560	0	+
NC_068993.1	56298664	56298673	0.3095952868461609	NC_068993.1	56298372	56299248	LOC106876033	0	+
NC_068993.1	58775029	58775057	0.5701721906661987	NC_068993.1	58774942	58775528	LOC106876689	0	+
NC_068993.1	59020356	59020403	0.6918221116065979	NC_068993.1	59020312	59020713	LOC106876692	0	-
NC_068993.1	59020356	59020403	0.6918221116065979	NC_068993.1	59020305	59020713	LOC106876692	0	-
NC_068993.1	59020567	59020637	0.5125258564949036	NC_068993.1	59020312	59020713	LOC106876692	0	-
NC_068993.1	59020567	59020637	0.5125258564949036	NC_068993.1	59020305	59020713	LOC106876692	0	-
NC_068993.1	59020664	59020696	0.4386364817619324	NC_068993.1	59020312	59020713	LOC106876692	0	-
NC_068993.1	59020664	59020696	0.4386364817619324	NC_068993.1	59020305	59020713	LOC106876692	0	-
NC_068993.1	59463534	59463547	0.7062139511108398	NC_068993.1	59463514	59463791	LOC106867224	0	-
NC_068993.1	59495339	59495344	0.44951915740966797	NC_068993.1	59492736	59495522	LOC106867214	0	+
NC_068993.1	59495345	59495354	0.3365081548690796	NC_068993.1	59492736	59495522	LOC106867214	0	+
NC_068993.1	59520833	59520839	0.39428794384002686	NC_068993.1	59520582	59521067	LOC128249305	0	-
NC_068993.1	59520983	59520992	0.7037718296051025	NC_068993.1	59520582	59521067	LOC128249305	0	-
NC_068993.1	61503766	61503780	0.51649010181427	NC_068993.1	61503615	61504070	LOC106884296	0	-
NC_068993.1	61548423	61548442	0.7635650634765625	NC_068993.1	61548188	61548889	LOC106880864	0	+
NC_068993.1	62733594	62733614	0.49632421135902405	NC_068993.1	62733397	62733702	LOC106884332	0	-
NC_068993.1	62733633	62733663	0.4174378216266632	NC_068993.1	62733397	62733702	LOC106884332	0	-
NC_068993.1	62733666	62733691	0.39461058378219604	NC_068993.1	62733397	62733702	LOC106884332	0	-
NC_068993.1	63081124	63081147	0.45431795716285706	NC_068993.1	63081124	63081275	LOC106884276	0	+
NC_068994.1	743372	743445	0.9024469256401062	NC_068994.1	742123	743977	LOC106879341	0	+
NC_068994.1	1073525	1073532	0.3583833575248718	NC_068994.1	1073308	1073694	LOC106872617	0	-
NC_068994.1	1073525	1073532	0.3583833575248718	NC_068994.1	1073308	1073690	LOC106872617	0	-
NC_068994.1	1073525	1073532	0.3583833575248718	NC_068994.1	1073308	1073690	LOC106872617	0	-
NC_068994.1	1073525	1073532	0.3583833575248718	NC_068994.1	1073308	1073689	LOC106872617	0	-
NC_068994.1	1073551	1073577	0.5544768571853638	NC_068994.1	1073308	1073694	LOC106872617	0	-
NC_068994.1	1073551	1073577	0.5544768571853638	NC_068994.1	1073308	1073690	LOC106872617	0	-
NC_068994.1	1073551	1073577	0.5544768571853638	NC_068994.1	1073308	1073690	LOC106872617	0	-
NC_068994.1	1073551	1073577	0.5544768571853638	NC_068994.1	1073308	1073689	LOC106872617	0	-
NC_068994.1	1472673	1472718	0.5423628687858582	NC_068994.1	1472174	1472825	LOC106873244	0	-
NC_068994.1	1472673	1472718	0.5423628687858582	NC_068994.1	1472174	1472825	LOC106873244	0	-
NC_068994.1	1472673	1472718	0.5423628687858582	NC_068994.1	1472174	1472825	LOC106873244	0	-
NC_068994.1	1472725	1472764	0.49609026312828064	NC_068994.1	1472174	1472825	LOC106873244	0	-
NC_068994.1	1472725	1472764	0.49609026312828064	NC_068994.1	1472174	1472825	LOC106873244	0	-
NC_068994.1	1472725	1472764	0.49609026312828064	NC_068994.1	1472174	1472825	LOC106873244	0	-
NC_068994.1	1546164	1546191	0.4068317413330078	NC_068994.1	1545635	1547260	LOC106873243	0	-
NC_068994.1	1981315	1981334	0.7629185914993286	NC_068994.1	1981036	1982694	LOC106873949	0	-
NC_068994.1	1981339	1981354	0.5144250988960266	NC_068994.1	1981036	1982694	LOC106873949	0	-
NC_068994.1	1981361	1981376	0.7102968692779541	NC_068994.1	1981036	1982694	LOC106873949	0	-
NC_068994.1	1981407	1981426	0.8278883695602417	NC_068994.1	1981036	1982694	LOC106873949	0	-
NC_068994.1	1981474	1981492	0.7981381416320801	NC_068994.1	1981036	1982694	LOC106873949	0	-
NC_068994.1	1981568	1981589	0.7460237145423889	NC_068994.1	1981036	1982694	LOC106873949	0	-
NC_068994.1	1981595	1981612	0.7625225186347961	NC_068994.1	1981036	1982694	LOC106873949	0	-
NC_068994.1	1981620	1981635	0.7166678309440613	NC_068994.1	1981036	1982694	LOC106873949	0	-
NC_068994.1	2207079	2207123	0.5985515713691711	NC_068994.1	2206586	2207157	LOC106873951	0	-
NC_068994.1	2207079	2207123	0.5985515713691711	NC_068994.1	2206586	2207156	LOC106873951	0	-
NC_068994.1	2207079	2207123	0.5985515713691711	NC_068994.1	2206586	2207157	LOC106873951	0	-
NC_068994.1	2487803	2487828	0.6850016713142395	NC_068994.1	2487440	2488016	LOC128249423	0	+
NC_068994.1	2541849	2541858	0.2789176404476166	NC_068994.1	2541643	2542053	LOC106883413	0	-
NC_068994.1	2541859	2541864	0.35348033905029297	NC_068994.1	2541643	2542053	LOC106883413	0	-
NC_068994.1	3448041	3448059	0.5768995881080627	NC_068994.1	3447847	3448388	LOC106870051	0	-
NC_068994.1	3609707	3609714	0.9037910103797913	NC_068994.1	3609279	3609714	LOC106870052	0	-
NC_068994.1	3623695	3623724	0.8811076879501343	NC_068994.1	3622107	3623890	LOC106870070	0	+
NC_068994.1	3623743	3623776	0.874640166759491	NC_068994.1	3622107	3623890	LOC106870070	0	+
NC_068994.1	3626513	3626535	0.7982978224754333	NC_068994.1	3626117	3626895	LOC106870070	0	+
NC_068994.1	3626513	3626535	0.7982978224754333	NC_068994.1	3626117	3626895	LOC106870070	0	+
NC_068994.1	3626783	3626797	0.6075963377952576	NC_068994.1	3626117	3626895	LOC106870070	0	+
NC_068994.1	3626783	3626797	0.6075963377952576	NC_068994.1	3626117	3626895	LOC106870070	0	+
NC_068994.1	3739272	3739285	0.3793344497680664	NC_068994.1	3739187	3739425	LOC106870078	0	-
NC_068994.1	3826305	3826315	0.4066050052642822	NC_068994.1	3825469	3826352	LOC106870067	0	+
NC_068994.1	3826305	3826315	0.4066050052642822	NC_068994.1	3825469	3826352	LOC106870067	0	+
NC_068994.1	3826318	3826324	0.326953262090683	NC_068994.1	3825469	3826352	LOC106870067	0	+
NC_068994.1	3826318	3826324	0.326953262090683	NC_068994.1	3825469	3826352	LOC106870067	0	+
NC_068994.1	3910684	3910702	0.5403731465339661	NC_068994.1	3910605	3911001	LOC106870069	0	-
NC_068994.1	3910684	3910702	0.5403731465339661	NC_068994.1	3910605	3911000	LOC106870069	0	-
NC_068994.1	3934858	3934865	0.34717878699302673	NC_068994.1	3934858	3935958	LOC106870079	0	+
NC_068994.1	3934902	3934939	0.5575569868087769	NC_068994.1	3934858	3935958	LOC106870079	0	+
NC_068994.1	3935090	3935130	0.44374793767929077	NC_068994.1	3934858	3935958	LOC106870079	0	+
NC_068994.1	3935141	3935163	0.5653356313705444	NC_068994.1	3934858	3935958	LOC106870079	0	+
NC_068994.1	3935297	3935325	0.8247120976448059	NC_068994.1	3934858	3935958	LOC106870079	0	+
NC_068994.1	3935590	3935615	0.5452690720558167	NC_068994.1	3934858	3935958	LOC106870079	0	+
NC_068994.1	3935737	3935759	0.6711707711219788	NC_068994.1	3934858	3935958	LOC106870079	0	+
NC_068994.1	4191062	4191080	0.3472461402416229	NC_068994.1	4190932	4192460	LOC106870080	0	+
NC_068994.1	4191113	4191118	0.2942616641521454	NC_068994.1	4190932	4192460	LOC106870080	0	+
NC_068994.1	4191137	4191153	0.4116116166114807	NC_068994.1	4190932	4192460	LOC106870080	0	+
NC_068994.1	4191225	4191244	0.6596049666404724	NC_068994.1	4190932	4192460	LOC106870080	0	+
NC_068994.1	4191347	4191365	0.7045700550079346	NC_068994.1	4190932	4192460	LOC106870080	0	+
NC_068994.1	4191408	4191433	0.7129843235015869	NC_068994.1	4190932	4192460	LOC106870080	0	+
NC_068994.1	4192054	4192084	0.9691095948219299	NC_068994.1	4190932	4192460	LOC106870080	0	+
NC_068994.1	4192207	4192231	0.8781902194023132	NC_068994.1	4190932	4192460	LOC106870080	0	+
NC_068994.1	4785346	4785365	0.6238161325454712	NC_068994.1	4785151	4785541	LOC106870063	0	-
NC_068994.1	4785346	4785365	0.6238161325454712	NC_068994.1	4785151	4785541	LOC106870063	0	-
NC_068994.1	4785346	4785365	0.6238161325454712	NC_068994.1	4785151	4785541	LOC106870063	0	-
NC_068994.1	4785346	4785365	0.6238161325454712	NC_068994.1	4785151	4785538	LOC106870063	0	-
NC_068994.1	4786387	4786398	0.3454481363296509	NC_068994.1	4786243	4786639	LOC106870063	0	-
NC_068994.1	5044579	5044591	0.4052428901195526	NC_068994.1	5044182	5044763	LOC106868328	0	+
NC_068994.1	5044579	5044591	0.4052428901195526	NC_068994.1	5044182	5044713	LOC106868328	0	+
NC_068994.1	5220486	5220516	0.6190254092216492	NC_068994.1	5220397	5220550	LOC106868335	0	-
NC_068994.1	5628266	5628294	0.7966794967651367	NC_068994.1	5628224	5629088	LOC106876630	0	-
NC_068994.1	5628309	5628325	0.6468485593795776	NC_068994.1	5628224	5629088	LOC106876630	0	-
NC_068994.1	5756472	5756572	0.8356651067733765	NC_068994.1	5756427	5756955	LOC106870501	0	+
NC_068994.1	5756472	5756572	0.8356651067733765	NC_068994.1	5756430	5756955	LOC106870501	0	+
NC_068994.1	5915357	5915364	0.44966235756874084	NC_068994.1	5915357	5916199	LOC106882081	0	+
NC_068994.1	7579808	7579813	0.291767418384552	NC_068994.1	7579117	7579940	LOC106875040	0	+
NC_068994.1	7579858	7579871	0.36530801653862	NC_068994.1	7579117	7579940	LOC106875040	0	+
NC_068994.1	12045377	12045417	0.8561352491378784	NC_068994.1	12045095	12045558	LOC106874968	0	-
NC_068994.1	12045520	12045558	0.7621947526931763	NC_068994.1	12045095	12045558	LOC106874968	0	-
NC_068994.1	14051683	14051697	0.4299764037132263	NC_068994.1	14051008	14052126	LOC106880819	0	+
NC_068994.1	14883968	14884004	0.2558295428752899	NC_068994.1	14883804	14884004	LOC106875029	0	-
NC_068994.1	21209207	21209223	0.86867356300354	NC_068994.1	21208965	21209550	LOC106876127	0	-
NC_068994.1	21210971	21210986	0.8854973316192627	NC_068994.1	21209567	21211593	LOC106876127	0	-
NC_068994.1	21210971	21210986	0.8854973316192627	NC_068994.1	21209861	21211593	LOC106876127	0	-
NC_068994.1	21210971	21210986	0.8854973316192627	NC_068994.1	21209675	21211593	LOC106876127	0	-
NC_068994.1	21211249	21211265	0.48393797874450684	NC_068994.1	21209567	21211593	LOC106876127	0	-
NC_068994.1	21211249	21211265	0.48393797874450684	NC_068994.1	21209861	21211593	LOC106876127	0	-
NC_068994.1	21211249	21211265	0.48393797874450684	NC_068994.1	21209675	21211593	LOC106876127	0	-
NC_068994.1	21211289	21211305	0.7555053234100342	NC_068994.1	21209567	21211593	LOC106876127	0	-
NC_068994.1	21211289	21211305	0.7555053234100342	NC_068994.1	21209861	21211593	LOC106876127	0	-
NC_068994.1	21211289	21211305	0.7555053234100342	NC_068994.1	21209675	21211593	LOC106876127	0	-
NC_068994.1	21860915	21860930	0.8296262621879578	NC_068994.1	21860452	21860974	LOC106876579	0	-
NC_068994.1	22427168	22427188	0.7327818274497986	NC_068994.1	22427168	22427320	LOC106884040	0	+
NC_068994.1	22427136	22427139	0.7327818274497986	NC_068994.1	22426857	22427139	LOC106884031	0	-
NC_068994.1	22644705	22644713	0.3934883773326874	NC_068994.1	22644519	22644960	LOC106884026	0	+
NC_068994.1	22930027	22930068	0.4675024449825287	NC_068994.1	22929924	22930102	LOC106884033	0	-
NC_068994.1	28504282	28504297	0.9335474371910095	NC_068994.1	28504282	28504948	LOC106875306	0	+
NC_068994.1	28504604	28504624	0.6548583507537842	NC_068994.1	28504282	28504948	LOC106875306	0	+
NC_068994.1	29915769	29915776	0.4394913613796234	NC_068994.1	29915698	29916160	LOC106873125	0	+
NC_068994.1	29915785	29915792	0.36684852838516235	NC_068994.1	29915698	29916160	LOC106873125	0	+
NC_068994.1	31387232	31387258	0.6374965906143188	NC_068994.1	31386847	31387555	LOC106874058	0	+
NC_068994.1	31387232	31387258	0.6374965906143188	NC_068994.1	31386847	31387555	LOC106874058	0	+
NC_068994.1	31387232	31387258	0.6374965906143188	NC_068994.1	31386849	31387555	LOC106874058	0	+
NC_068994.1	31387232	31387258	0.6374965906143188	NC_068994.1	31386849	31387811	LOC106874058	0	+
NC_068994.1	31387616	31387656	0.7934952974319458	NC_068994.1	31386849	31387811	LOC106874058	0	+
NC_068994.1	31453955	31453972	0.4465135633945465	NC_068994.1	31453700	31454039	LOC106874051	0	-
NC_068994.1	31453955	31453972	0.4465135633945465	NC_068994.1	31453700	31454039	LOC106874051	0	-
NC_068994.1	31637596	31637622	0.5551478862762451	NC_068994.1	31637534	31637652	LOC106874061	0	+
NC_068994.1	32040112	32040120	0.4113210439682007	NC_068994.1	32039877	32041001	LOC106874068	0	+
NC_068994.1	32040112	32040120	0.4113210439682007	NC_068994.1	32039877	32041001	LOC106874068	0	+
NC_068994.1	32040112	32040120	0.4113210439682007	NC_068994.1	32039877	32041001	LOC106874068	0	+
NC_068994.1	32040112	32040120	0.4113210439682007	NC_068994.1	32039877	32041001	LOC106874068	0	+
NC_068994.1	32040123	32040134	0.3575023412704468	NC_068994.1	32039877	32041001	LOC106874068	0	+
NC_068994.1	32040123	32040134	0.3575023412704468	NC_068994.1	32039877	32041001	LOC106874068	0	+
NC_068994.1	32040123	32040134	0.3575023412704468	NC_068994.1	32039877	32041001	LOC106874068	0	+
NC_068994.1	32040123	32040134	0.3575023412704468	NC_068994.1	32039877	32041001	LOC106874068	0	+
NC_068994.1	33325967	33325977	0.361838161945343	NC_068994.1	33325823	33326222	LOC106869384	0	-
NC_068994.1	33325982	33326014	0.8691554665565491	NC_068994.1	33325823	33326222	LOC106869384	0	-
NC_068994.1	33326035	33326067	0.791431188583374	NC_068994.1	33325823	33326222	LOC106869384	0	-
NC_068994.1	33326166	33326205	0.8611820936203003	NC_068994.1	33325823	33326222	LOC106869384	0	-
NC_068994.1	33683555	33683562	0.4301578998565674	NC_068994.1	33682876	33683625	LOC106875084	0	-
NC_068994.1	33683555	33683562	0.4301578998565674	NC_068994.1	33682876	33683627	LOC106875084	0	-
NC_068994.1	33683555	33683562	0.4301578998565674	NC_068994.1	33682876	33683627	LOC106875084	0	-
NC_068994.1	33683588	33683603	0.3130069077014923	NC_068994.1	33682876	33683625	LOC106875084	0	-
NC_068994.1	33683588	33683603	0.3130069077014923	NC_068994.1	33682876	33683627	LOC106875084	0	-
NC_068994.1	33683588	33683603	0.3130069077014923	NC_068994.1	33682876	33683627	LOC106875084	0	-
NC_068994.1	33683612	33683617	0.34376344084739685	NC_068994.1	33682876	33683625	LOC106875084	0	-
NC_068994.1	33683612	33683617	0.34376344084739685	NC_068994.1	33682876	33683627	LOC106875084	0	-
NC_068994.1	33683612	33683617	0.34376344084739685	NC_068994.1	33682876	33683627	LOC106875084	0	-
NC_068994.1	35696302	35696309	0.3846922218799591	NC_068994.1	35695740	35696314	LOC106881593	0	-
NC_068994.1	35862422	35862466	0.7362342476844788	NC_068994.1	35862010	35862468	LOC106868934	0	-
NC_068994.1	37874763	37874772	0.3706941604614258	NC_068994.1	37874335	37874819	LOC106875856	0	-
NC_068994.1	37874763	37874772	0.3706941604614258	NC_068994.1	37874335	37874819	LOC106875856	0	-
NC_068994.1	37874763	37874772	0.3706941604614258	NC_068994.1	37874335	37874818	LOC106875856	0	-
NC_068994.1	38572304	38572323	0.37929651141166687	NC_068994.1	38572077	38572636	LOC106872387	0	-
NC_068994.1	38572338	38572344	0.2777763307094574	NC_068994.1	38572077	38572636	LOC106872387	0	-
NC_068994.1	39161164	39161184	0.5192605257034302	NC_068994.1	39158840	39169264	LOC106872385	0	-
NC_068994.1	40929827	40929845	0.651513397693634	NC_068994.1	40929253	40930432	LOC106872390	0	-
NC_068994.1	40929827	40929845	0.651513397693634	NC_068994.1	40929253	40930432	LOC106872390	0	-
NC_068994.1	40929827	40929845	0.651513397693634	NC_068994.1	40929253	40930432	LOC106872390	0	-
NC_068994.1	42162241	42162246	0.33963167667388916	NC_068994.1	42161688	42162331	LOC106882960	0	-
NC_068994.1	42162241	42162246	0.33963167667388916	NC_068994.1	42161688	42162329	LOC106882960	0	-
NC_068994.1	42162241	42162246	0.33963167667388916	NC_068994.1	42161688	42162330	LOC106882960	0	-
NC_068994.1	42861928	42861945	0.425528347492218	NC_068994.1	42861304	42862631	LOC106879393	0	-
NC_068994.1	42861928	42861945	0.425528347492218	NC_068994.1	42861304	42862631	LOC106879393	0	-
NC_068994.1	42861928	42861945	0.425528347492218	NC_068994.1	42861304	42862631	LOC106879393	0	-
NC_068994.1	42861928	42861945	0.425528347492218	NC_068994.1	42861304	42862631	LOC106879393	0	-
NC_068994.1	42861928	42861945	0.425528347492218	NC_068994.1	42861304	42862632	LOC106879393	0	-
NC_068994.1	42861928	42861945	0.425528347492218	NC_068994.1	42861304	42862631	LOC106879393	0	-
NC_068994.1	42861978	42862017	0.3680347502231598	NC_068994.1	42861304	42862631	LOC106879393	0	-
NC_068994.1	42861978	42862017	0.3680347502231598	NC_068994.1	42861304	42862631	LOC106879393	0	-
NC_068994.1	42861978	42862017	0.3680347502231598	NC_068994.1	42861304	42862631	LOC106879393	0	-
NC_068994.1	42861978	42862017	0.3680347502231598	NC_068994.1	42861304	42862631	LOC106879393	0	-
NC_068994.1	42861978	42862017	0.3680347502231598	NC_068994.1	42861304	42862632	LOC106879393	0	-
NC_068994.1	42861978	42862017	0.3680347502231598	NC_068994.1	42861304	42862631	LOC106879393	0	-
NC_068994.1	42862160	42862204	0.5807707905769348	NC_068994.1	42861304	42862631	LOC106879393	0	-
NC_068994.1	42862160	42862204	0.5807707905769348	NC_068994.1	42861304	42862631	LOC106879393	0	-
NC_068994.1	42862160	42862204	0.5807707905769348	NC_068994.1	42861304	42862631	LOC106879393	0	-
NC_068994.1	42862160	42862204	0.5807707905769348	NC_068994.1	42861304	42862631	LOC106879393	0	-
NC_068994.1	42862160	42862204	0.5807707905769348	NC_068994.1	42861304	42862632	LOC106879393	0	-
NC_068994.1	42862160	42862204	0.5807707905769348	NC_068994.1	42861304	42862631	LOC106879393	0	-
NC_068994.1	42862437	42862443	0.3558272421360016	NC_068994.1	42861304	42862631	LOC106879393	0	-
NC_068994.1	42862437	42862443	0.3558272421360016	NC_068994.1	42861304	42862631	LOC106879393	0	-
NC_068994.1	42862437	42862443	0.3558272421360016	NC_068994.1	42861304	42862631	LOC106879393	0	-
NC_068994.1	42862437	42862443	0.3558272421360016	NC_068994.1	42861304	42862631	LOC106879393	0	-
NC_068994.1	42862437	42862443	0.3558272421360016	NC_068994.1	42861304	42862632	LOC106879393	0	-
NC_068994.1	42862437	42862443	0.3558272421360016	NC_068994.1	42861304	42862631	LOC106879393	0	-
NC_068994.1	43276469	43276477	0.27660131454467773	NC_068994.1	43275547	43277211	LOC106879397	0	-
NC_068994.1	43276469	43276477	0.27660131454467773	NC_068994.1	43275547	43277204	LOC106879397	0	-
NC_068994.1	43276481	43276499	0.3094092011451721	NC_068994.1	43275547	43277211	LOC106879397	0	-
NC_068994.1	43276481	43276499	0.3094092011451721	NC_068994.1	43275547	43277204	LOC106879397	0	-
NC_068994.1	43276809	43276833	0.6794021725654602	NC_068994.1	43275547	43277211	LOC106879397	0	-
NC_068994.1	43276809	43276833	0.6794021725654602	NC_068994.1	43275547	43277204	LOC106879397	0	-
NC_068994.1	43276889	43276907	0.5103346705436707	NC_068994.1	43275547	43277211	LOC106879397	0	-
NC_068994.1	43276889	43276907	0.5103346705436707	NC_068994.1	43275547	43277204	LOC106879397	0	-
NC_068994.1	43276918	43276958	0.536046028137207	NC_068994.1	43275547	43277211	LOC106879397	0	-
NC_068994.1	43276918	43276958	0.536046028137207	NC_068994.1	43275547	43277204	LOC106879397	0	-
NC_068994.1	43744067	43744082	0.8668110966682434	NC_068994.1	43743770	43744262	LOC106878225	0	-
NC_068994.1	44453999	44454006	0.3139180541038513	NC_068994.1	44453724	44454698	LOC106872895	0	-
NC_068994.1	44453999	44454006	0.3139180541038513	NC_068994.1	44453702	44454697	LOC106872895	0	-
NC_068994.1	44453999	44454006	0.3139180541038513	NC_068994.1	44453724	44454697	LOC106872895	0	-
NC_068994.1	44453999	44454006	0.3139180541038513	NC_068994.1	44453724	44454697	LOC106872895	0	-
NC_068994.1	44453999	44454006	0.3139180541038513	NC_068994.1	44453724	44454697	LOC106872895	0	-
NC_068994.1	44453999	44454006	0.3139180541038513	NC_068994.1	44453724	44454697	LOC106872895	0	-
NC_068994.1	44454156	44454184	0.5175749063491821	NC_068994.1	44453724	44454698	LOC106872895	0	-
NC_068994.1	44454156	44454184	0.5175749063491821	NC_068994.1	44453702	44454697	LOC106872895	0	-
NC_068994.1	44454156	44454184	0.5175749063491821	NC_068994.1	44453724	44454697	LOC106872895	0	-
NC_068994.1	44454156	44454184	0.5175749063491821	NC_068994.1	44453724	44454697	LOC106872895	0	-
NC_068994.1	44454156	44454184	0.5175749063491821	NC_068994.1	44453724	44454697	LOC106872895	0	-
NC_068994.1	44454156	44454184	0.5175749063491821	NC_068994.1	44453724	44454697	LOC106872895	0	-
NC_068994.1	44587989	44587994	0.4144476056098938	NC_068994.1	44587379	44588240	LOC106872903	0	+
NC_068994.1	44690858	44690863	0.34011584520339966	NC_068994.1	44690767	44691136	LOC106872898	0	-
NC_068994.1	46222310	46222315	0.33931630849838257	NC_068994.1	46222139	46222335	LOC106870531	0	-
NC_068994.1	46222320	46222328	0.4011516571044922	NC_068994.1	46222139	46222335	LOC106870531	0	-
NC_068994.1	46909137	46909152	0.41989263892173767	NC_068994.1	46908091	46909234	LOC106876377	0	-
NC_068994.1	46936049	46936070	0.5190660357475281	NC_068994.1	46936040	46936333	LOC106876392	0	+
NC_068994.1	46936049	46936070	0.5190660357475281	NC_068994.1	46936038	46936333	LOC106876392	0	+
NC_068994.1	46936049	46936070	0.5190660357475281	NC_068994.1	46936033	46936333	LOC106876392	0	+
NC_068994.1	46936049	46936070	0.5190660357475281	NC_068994.1	46936040	46936333	LOC106876392	0	+
NC_068994.1	46936049	46936070	0.5190660357475281	NC_068994.1	46936039	46936333	LOC106876392	0	+
NC_068994.1	46936049	46936070	0.5190660357475281	NC_068994.1	46936040	46936333	LOC106876392	0	+
NC_068994.1	46936049	46936070	0.5190660357475281	NC_068994.1	46936035	46936333	LOC106876392	0	+
NC_068994.1	46936049	46936070	0.5190660357475281	NC_068994.1	46936040	46936333	LOC106876392	0	+
NC_068994.1	46936049	46936070	0.5190660357475281	NC_068994.1	46936040	46936333	LOC106876392	0	+
NC_068994.1	46936049	46936070	0.5190660357475281	NC_068994.1	46936040	46936333	LOC106876392	0	+
NC_068994.1	46936049	46936070	0.5190660357475281	NC_068994.1	46936039	46936333	LOC106876392	0	+
NC_068994.1	46936049	46936070	0.5190660357475281	NC_068994.1	46936034	46936333	LOC106876392	0	+
NC_068994.1	46936049	46936070	0.5190660357475281	NC_068994.1	46936040	46936333	LOC106876392	0	+
NC_068994.1	46936049	46936070	0.5190660357475281	NC_068994.1	46936040	46936333	LOC106876392	0	+
NC_068994.1	47553068	47553091	0.6864597797393799	NC_068994.1	47552161	47553872	LOC106876384	0	-
NC_068994.1	47553106	47553130	0.5820237994194031	NC_068994.1	47552161	47553872	LOC106876384	0	-
NC_068994.1	47871024	47871048	0.7764896750450134	NC_068994.1	47870822	47871494	LOC106876387	0	+
NC_068994.1	47871024	47871048	0.7764896750450134	NC_068994.1	47870799	47871494	LOC106876387	0	+
NC_068994.1	47871024	47871048	0.7764896750450134	NC_068994.1	47870841	47871494	LOC106876387	0	+
NC_068994.1	48055100	48055117	0.7622485756874084	NC_068994.1	48054973	48055117	LOC106876386	0	-
NC_068994.1	48055100	48055114	0.7622485756874084	NC_068994.1	48054973	48055114	LOC106876386	0	-
NC_068994.1	48055100	48055114	0.7622485756874084	NC_068994.1	48054973	48055114	LOC106876386	0	-
NC_068994.1	57640618	57640642	0.4791131913661957	NC_068994.1	57640518	57640697	LOC106868608	0	-
NC_068994.1	57782956	57782960	0.3669988214969635	NC_068994.1	57782956	57783699	LOC106868605	0	+
NC_068994.1	57782965	57782972	0.3477706015110016	NC_068994.1	57782956	57783699	LOC106868605	0	+
NC_068994.1	57783053	57783076	0.36050042510032654	NC_068994.1	57782956	57783699	LOC106868605	0	+
NC_068994.1	57783225	57783265	0.5408029556274414	NC_068994.1	57782956	57783699	LOC106868605	0	+
NC_068994.1	59047902	59047922	0.4598664343357086	NC_068994.1	59047576	59048135	LOC106875546	0	-
NC_068994.1	59047902	59047922	0.4598664343357086	NC_068994.1	59047576	59048135	LOC106875546	0	-
NC_068994.1	59047902	59047922	0.4598664343357086	NC_068994.1	59047576	59048135	LOC106875546	0	-
NC_068994.1	59047902	59047922	0.4598664343357086	NC_068994.1	59047576	59048135	LOC106875546	0	-
NC_068994.1	59410807	59410825	0.785733163356781	NC_068994.1	59410671	59410829	LOC106878013	0	-
NC_068994.1	59957850	59957885	0.445015549659729	NC_068994.1	59957592	59958461	LOC106882916	0	-
NC_068994.1	59957850	59957885	0.445015549659729	NC_068994.1	59957592	59958466	LOC106882916	0	-
NC_068995.1	1765347	1765366	0.844066321849823	NC_068995.1	1765105	1766313	LOC106874118	0	+
NC_068995.1	1765618	1765624	0.5006760358810425	NC_068995.1	1765105	1766313	LOC106874118	0	+
NC_068995.1	1765625	1765631	0.3800131380558014	NC_068995.1	1765105	1766313	LOC106874118	0	+
NC_068995.1	13171063	13171077	0.6343145370483398	NC_068995.1	13170972	13171087	LOC106875852	0	-
NC_068995.1	13171063	13171077	0.6343145370483398	NC_068995.1	13170972	13171086	LOC106875852	0	-
NC_068995.1	13171063	13171077	0.6343145370483398	NC_068995.1	13170972	13171086	LOC106875852	0	-
NC_068995.1	14417507	14417532	0.9076510071754456	NC_068995.1	14417500	14417634	LOC106873619	0	-
NC_068995.1	14432951	14432966	0.73959881067276	NC_068995.1	14432678	14433203	LOC106873627	0	+
NC_068995.1	29624495	29624514	0.40697503089904785	NC_068995.1	29624168	29625641	LOC106870248	0	-
NC_068995.1	29624495	29624514	0.40697503089904785	NC_068995.1	29624168	29625641	LOC106870248	0	-
NC_068995.1	29624495	29624514	0.40697503089904785	NC_068995.1	29624168	29626082	LOC106870248	0	-
NC_068995.1	33403704	33403723	0.7770646214485168	NC_068995.1	33403337	33404020	LOC106880614	0	+
NC_068995.1	34514591	34514657	0.9557218551635742	NC_068995.1	34513965	34514962	LOC106867458	0	+
NC_068995.1	34514591	34514657	0.9557218551635742	NC_068995.1	34513965	34514962	LOC106867458	0	+
NC_068995.1	35542926	35542941	0.8245781660079956	NC_068995.1	35542815	35543400	LOC106876118	0	+
NC_068995.1	40057126	40057134	0.46822816133499146	NC_068995.1	40056828	40057231	LOC106873514	0	-
NC_068995.1	40057141	40057172	0.43438875675201416	NC_068995.1	40056828	40057231	LOC106873514	0	-
NC_068995.1	42928002	42928028	0.504631519317627	NC_068995.1	42928002	42928988	LOC106880835	0	+
NC_068995.1	42928002	42928028	0.504631519317627	NC_068995.1	42928002	42928988	LOC106880835	0	+
NC_068995.1	42928002	42928028	0.504631519317627	NC_068995.1	42928002	42928988	LOC106880835	0	+
NC_068995.1	42928030	42928080	0.5072261691093445	NC_068995.1	42928002	42928988	LOC106880835	0	+
NC_068995.1	42928030	42928080	0.5072261691093445	NC_068995.1	42928002	42928988	LOC106880835	0	+
NC_068995.1	42928030	42928080	0.5072261691093445	NC_068995.1	42928002	42928988	LOC106880835	0	+
NC_068995.1	42928092	42928144	0.5552705526351929	NC_068995.1	42928002	42928988	LOC106880835	0	+
NC_068995.1	42928092	42928144	0.5552705526351929	NC_068995.1	42928002	42928988	LOC106880835	0	+
NC_068995.1	42928092	42928144	0.5552705526351929	NC_068995.1	42928002	42928988	LOC106880835	0	+
NC_068995.1	42928174	42928201	0.49451926350593567	NC_068995.1	42928002	42928988	LOC106880835	0	+
NC_068995.1	42928174	42928201	0.49451926350593567	NC_068995.1	42928002	42928988	LOC106880835	0	+
NC_068995.1	42928174	42928201	0.49451926350593567	NC_068995.1	42928002	42928988	LOC106880835	0	+
NC_068995.1	42928213	42928236	0.5303948521614075	NC_068995.1	42928002	42928988	LOC106880835	0	+
NC_068995.1	42928213	42928236	0.5303948521614075	NC_068995.1	42928002	42928988	LOC106880835	0	+
NC_068995.1	42928213	42928236	0.5303948521614075	NC_068995.1	42928002	42928988	LOC106880835	0	+
NC_068995.1	42928306	42928320	0.3421025276184082	NC_068995.1	42928002	42928988	LOC106880835	0	+
NC_068995.1	42928306	42928320	0.3421025276184082	NC_068995.1	42928002	42928988	LOC106880835	0	+
NC_068995.1	42928306	42928320	0.3421025276184082	NC_068995.1	42928002	42928988	LOC106880835	0	+
NC_068995.1	43571891	43571909	0.48300784826278687	NC_068995.1	43571539	43573181	LOC106879000	0	+
NC_068995.1	43571891	43571909	0.48300784826278687	NC_068995.1	43571539	43573181	LOC106879000	0	+
NC_068995.1	43571939	43571968	0.5315483808517456	NC_068995.1	43571539	43573181	LOC106879000	0	+
NC_068995.1	43571939	43571968	0.5315483808517456	NC_068995.1	43571539	43573181	LOC106879000	0	+
NC_068995.1	43572079	43572112	0.5131285786628723	NC_068995.1	43571539	43573181	LOC106879000	0	+
NC_068995.1	43572079	43572112	0.5131285786628723	NC_068995.1	43571539	43573181	LOC106879000	0	+
NC_068995.1	43572242	43572247	0.34933242201805115	NC_068995.1	43571539	43573181	LOC106879000	0	+
NC_068995.1	43572242	43572247	0.34933242201805115	NC_068995.1	43571539	43573181	LOC106879000	0	+
NC_068995.1	43572255	43572260	0.2885904908180237	NC_068995.1	43571539	43573181	LOC106879000	0	+
NC_068995.1	43572255	43572260	0.2885904908180237	NC_068995.1	43571539	43573181	LOC106879000	0	+
NC_068995.1	43572308	43572314	0.3210185170173645	NC_068995.1	43571539	43573181	LOC106879000	0	+
NC_068995.1	43572308	43572314	0.3210185170173645	NC_068995.1	43571539	43573181	LOC106879000	0	+
NC_068995.1	43572315	43572342	0.39721953868865967	NC_068995.1	43571539	43573181	LOC106879000	0	+
NC_068995.1	43572315	43572342	0.39721953868865967	NC_068995.1	43571539	43573181	LOC106879000	0	+
NC_068995.1	43572369	43572386	0.5943350791931152	NC_068995.1	43571539	43573181	LOC106879000	0	+
NC_068995.1	43572369	43572386	0.5943350791931152	NC_068995.1	43571539	43573181	LOC106879000	0	+
NC_068995.1	43572434	43572454	0.5194469094276428	NC_068995.1	43571539	43573181	LOC106879000	0	+
NC_068995.1	43572434	43572454	0.5194469094276428	NC_068995.1	43571539	43573181	LOC106879000	0	+
NC_068995.1	43572466	43572510	0.39188873767852783	NC_068995.1	43571539	43573181	LOC106879000	0	+
NC_068995.1	43572466	43572510	0.39188873767852783	NC_068995.1	43571539	43573181	LOC106879000	0	+
NC_068995.1	43572531	43572562	0.4112735986709595	NC_068995.1	43571539	43573181	LOC106879000	0	+
NC_068995.1	43572531	43572562	0.4112735986709595	NC_068995.1	43571539	43573181	LOC106879000	0	+
NC_068995.1	43572589	43572604	0.33200228214263916	NC_068995.1	43571539	43573181	LOC106879000	0	+
NC_068995.1	43572589	43572604	0.33200228214263916	NC_068995.1	43571539	43573181	LOC106879000	0	+
NC_068995.1	43572674	43572728	0.8404137492179871	NC_068995.1	43571539	43573181	LOC106879000	0	+
NC_068995.1	43572674	43572728	0.8404137492179871	NC_068995.1	43571539	43573181	LOC106879000	0	+
NC_068995.1	43572735	43572772	0.8384106755256653	NC_068995.1	43571539	43573181	LOC106879000	0	+
NC_068995.1	43572735	43572772	0.8384106755256653	NC_068995.1	43571539	43573181	LOC106879000	0	+
NC_068995.1	43572774	43572788	0.6353932619094849	NC_068995.1	43571539	43573181	LOC106879000	0	+
NC_068995.1	43572774	43572788	0.6353932619094849	NC_068995.1	43571539	43573181	LOC106879000	0	+
NC_068995.1	43572814	43572831	0.506871223449707	NC_068995.1	43571539	43573181	LOC106879000	0	+
NC_068995.1	43572814	43572831	0.506871223449707	NC_068995.1	43571539	43573181	LOC106879000	0	+
NC_068995.1	50089129	50089148	0.8092694878578186	NC_068995.1	50088987	50089166	LOC106870821	0	-
NC_068995.1	53384609	53384623	0.3866020143032074	NC_068995.1	53384414	53385929	LOC106878164	0	+
NC_068995.1	55727783	55727836	0.60591721534729	NC_068995.1	55727283	55728181	LOC106881481	0	-
NC_068996.1	7892297	7892309	0.4222731590270996	NC_068996.1	7892102	7892879	LOC106873044	0	-
NC_068996.1	12827937	12827942	0.3384968638420105	NC_068996.1	12827832	12827983	LOC106877249	0	-
NC_068996.1	12827937	12827942	0.3384968638420105	NC_068996.1	12827832	12827983	LOC106877249	0	-
NC_068996.1	16300199	16300215	0.9066184759140015	NC_068996.1	16300057	16300246	LOC106880485	0	-
NC_068996.1	17334704	17334716	0.25676026940345764	NC_068996.1	17334536	17334716	LOC106882458	0	-
NC_068996.1	23533291	23533309	0.8184618949890137	NC_068996.1	23533244	23533309	LOC106868885	0	-
NC_068996.1	24101065	24101077	0.514340341091156	NC_068996.1	24100703	24101917	LOC106875828	0	-
NC_068996.1	24101078	24101088	0.3535597324371338	NC_068996.1	24100703	24101917	LOC106875828	0	-
NC_068996.1	24101093	24101106	0.4381621778011322	NC_068996.1	24100703	24101917	LOC106875828	0	-
NC_068996.1	24101260	24101295	0.8828226923942566	NC_068996.1	24100703	24101917	LOC106875828	0	-
NC_068996.1	24101308	24101334	0.812448263168335	NC_068996.1	24100703	24101917	LOC106875828	0	-
NC_068996.1	26928929	26928944	0.5229997038841248	NC_068996.1	26928851	26929066	LOC106868339	0	-
NC_068996.1	28949085	28949103	0.8809871077537537	NC_068996.1	28949018	28949389	LOC106880631	0	-
NC_068996.1	38060043	38060064	0.43016287684440613	NC_068996.1	38059731	38060272	LOC106869512	0	-
NC_068996.1	38706946	38706951	0.3709185719490051	NC_068996.1	38706482	38707071	LOC106883596	0	+
NC_068996.1	49349674	49349694	0.8079368472099304	NC_068996.1	49349480	49349975	LOC106877586	0	+
NC_068996.1	49349674	49349694	0.8079368472099304	NC_068996.1	49349477	49349975	LOC106877586	0	+
NC_068996.1	49349674	49349694	0.8079368472099304	NC_068996.1	49349475	49349975	LOC106877586	0	+
NC_068996.1	49349674	49349694	0.8079368472099304	NC_068996.1	49349480	49349975	LOC106877586	0	+
NC_068996.1	49349708	49349725	0.8194413185119629	NC_068996.1	49349480	49349975	LOC106877586	0	+
NC_068996.1	49349708	49349725	0.8194413185119629	NC_068996.1	49349477	49349975	LOC106877586	0	+
NC_068996.1	49349708	49349725	0.8194413185119629	NC_068996.1	49349475	49349975	LOC106877586	0	+
NC_068996.1	49349708	49349725	0.8194413185119629	NC_068996.1	49349480	49349975	LOC106877586	0	+
NC_068996.1	49349794	49349809	0.4402860403060913	NC_068996.1	49349480	49349975	LOC106877586	0	+
NC_068996.1	49349794	49349809	0.4402860403060913	NC_068996.1	49349477	49349975	LOC106877586	0	+
NC_068996.1	49349794	49349809	0.4402860403060913	NC_068996.1	49349475	49349975	LOC106877586	0	+
NC_068996.1	49349794	49349809	0.4402860403060913	NC_068996.1	49349480	49349975	LOC106877586	0	+
NC_068997.1	6404848	6404902	0.25837230682373047	NC_068997.1	6404709	6404902	LOC106877392	0	-
NC_068997.1	8085098	8085110	0.3957138657569885	NC_068997.1	8084783	8085110	LOC106876910	0	-
NC_068997.1	9110937	9110952	0.6764332056045532	NC_068997.1	9110916	9111127	LOC106869581	0	+
NC_068997.1	9110937	9110952	0.6764332056045532	NC_068997.1	9110919	9111127	LOC106869581	0	+
NC_068997.1	9110937	9110952	0.6764332056045532	NC_068997.1	9110912	9111127	LOC106869581	0	+
NC_068997.1	9110937	9110952	0.6764332056045532	NC_068997.1	9110914	9111127	LOC106869581	0	+
NC_068997.1	9651803	9651827	0.5937532782554626	NC_068997.1	9651495	9651874	LOC106869579	0	-
NC_068997.1	16150648	16150678	0.5035727620124817	NC_068997.1	16150556	16150829	LOC106867583	0	+
NC_068997.1	19069557	19069572	0.4430474638938904	NC_068997.1	19069417	19069573	LOC128249671	0	-
NC_068997.1	19309283	19309292	0.3623109757900238	NC_068997.1	19309244	19309500	LOC106877883	0	-
NC_068997.1	19309283	19309292	0.3623109757900238	NC_068997.1	19309244	19309510	LOC106877883	0	-
NC_068997.1	27899052	27899058	0.28767117857933044	NC_068997.1	27898964	27899155	LOC106872655	0	+
NC_068997.1	28270499	28270512	0.6591540575027466	NC_068997.1	28270412	28270520	LOC106870691	0	-
NC_068997.1	29386138	29386154	0.5976923704147339	NC_068997.1	29386092	29386478	LOC106878388	0	+
NC_068997.1	37230326	37230364	0.8550412058830261	NC_068997.1	37229960	37230421	LOC106871424	0	+
NC_068997.1	37230326	37230364	0.8550412058830261	NC_068997.1	37229963	37230421	LOC106871424	0	+
NC_068997.1	37230326	37230364	0.8550412058830261	NC_068997.1	37229961	37230421	LOC106871424	0	+
NC_068997.1	37230326	37230364	0.8550412058830261	NC_068997.1	37229958	37230421	LOC106871424	0	+
NC_068997.1	37230326	37230364	0.8550412058830261	NC_068997.1	37229960	37230421	LOC106871424	0	+
NC_068997.1	37230326	37230364	0.8550412058830261	NC_068997.1	37229960	37230421	LOC106871424	0	+
NC_068997.1	37230326	37230364	0.8550412058830261	NC_068997.1	37229960	37230421	LOC106871424	0	+
NC_068997.1	37230326	37230364	0.8550412058830261	NC_068997.1	37229960	37230421	LOC106871424	0	+
NC_068997.1	37230326	37230364	0.8550412058830261	NC_068997.1	37229961	37230421	LOC106871424	0	+
NC_068997.1	37230326	37230364	0.8550412058830261	NC_068997.1	37229961	37230421	LOC106871424	0	+
NC_068997.1	37230326	37230364	0.8550412058830261	NC_068997.1	37229960	37230421	LOC106871424	0	+
NC_068997.1	37230326	37230364	0.8550412058830261	NC_068997.1	37229959	37230421	LOC106871424	0	+
NC_068997.1	40982992	40983056	0.8599812388420105	NC_068997.1	40982928	40983505	LOC106867422	0	+
NC_068997.1	40982992	40983056	0.8599812388420105	NC_068997.1	40982921	40983505	LOC106867422	0	+
NC_068997.1	40982992	40983056	0.8599812388420105	NC_068997.1	40982925	40983505	LOC106867422	0	+
NC_068997.1	40982992	40983056	0.8599812388420105	NC_068997.1	40982924	40983505	LOC106867422	0	+
NC_068997.1	40982992	40983056	0.8599812388420105	NC_068997.1	40982924	40983505	LOC106867422	0	+
NC_068997.1	40982992	40983056	0.8599812388420105	NC_068997.1	40982929	40983505	LOC106867422	0	+
NC_068997.1	40983342	40983359	0.7979522943496704	NC_068997.1	40982928	40983505	LOC106867422	0	+
NC_068997.1	40983342	40983359	0.7979522943496704	NC_068997.1	40982921	40983505	LOC106867422	0	+
NC_068997.1	40983342	40983359	0.7979522943496704	NC_068997.1	40982925	40983505	LOC106867422	0	+
NC_068997.1	40983342	40983359	0.7979522943496704	NC_068997.1	40982924	40983505	LOC106867422	0	+
NC_068997.1	40983342	40983359	0.7979522943496704	NC_068997.1	40982924	40983505	LOC106867422	0	+
NC_068997.1	40983342	40983359	0.7979522943496704	NC_068997.1	40982929	40983505	LOC106867422	0	+
NC_068997.1	40983386	40983402	0.7838584184646606	NC_068997.1	40982928	40983505	LOC106867422	0	+
NC_068997.1	40983386	40983402	0.7838584184646606	NC_068997.1	40982921	40983505	LOC106867422	0	+
NC_068997.1	40983386	40983402	0.7838584184646606	NC_068997.1	40982925	40983505	LOC106867422	0	+
NC_068997.1	40983386	40983402	0.7838584184646606	NC_068997.1	40982924	40983505	LOC106867422	0	+
NC_068997.1	40983386	40983402	0.7838584184646606	NC_068997.1	40982924	40983505	LOC106867422	0	+
NC_068997.1	40983386	40983402	0.7838584184646606	NC_068997.1	40982929	40983505	LOC106867422	0	+
NC_068997.1	40989650	40989668	0.5281625986099243	NC_068997.1	40989523	40989997	LOC106867422	0	+
NC_068997.1	48838761	48838769	0.3122605085372925	NC_068997.1	48838727	48838938	LOC106868213	0	+
NC_068997.1	48838777	48838810	0.3169291913509369	NC_068997.1	48838727	48838938	LOC106868213	0	+
NC_068997.1	52819371	52819396	0.5249181389808655	NC_068997.1	52819025	52819568	LOC106877277	0	+
NC_068998.1	205707	205725	0.8254364728927612	NC_068998.1	205707	205937	LOC106871672	0	+
NC_068998.1	305423	305431	0.3567339777946472	NC_068998.1	304955	305454	LOC106871672	0	+
NC_068998.1	2906609	2906625	0.38105788826942444	NC_068998.1	2905985	2907453	LOC106871392	0	-
NC_068998.1	9817629	9817655	0.4129009544849396	NC_068998.1	9817483	9818604	LOC106874611	0	+
NC_068998.1	9817874	9817888	0.46665534377098083	NC_068998.1	9817483	9818604	LOC106874611	0	+
NC_068998.1	9818131	9818153	0.7642995715141296	NC_068998.1	9817483	9818604	LOC106874611	0	+
NC_068998.1	9818208	9818271	0.9367129802703857	NC_068998.1	9817483	9818604	LOC106874611	0	+
NC_068998.1	9818334	9818376	0.8313104510307312	NC_068998.1	9817483	9818604	LOC106874611	0	+
NC_068998.1	13975500	13975515	0.3930116891860962	NC_068998.1	13975105	13975649	LOC106878545	0	-
NC_068998.1	13985830	13985880	0.8069943785667419	NC_068998.1	13985632	13986103	LOC106878545	0	-
NC_068998.1	14327626	14327633	0.4081264138221741	NC_068998.1	14327098	14327633	LOC106878984	0	-
NC_068998.1	14327626	14327633	0.4081264138221741	NC_068998.1	14327098	14327633	LOC106878984	0	-
NC_068998.1	16590667	16590689	0.7870733141899109	NC_068998.1	16590382	16590705	LOC106871196	0	-
NC_068998.1	19697135	19697149	0.6550794243812561	NC_068998.1	19697121	19697192	LOC106881050	0	-
NC_068998.1	20581675	20581686	0.7724758982658386	NC_068998.1	20581260	20581686	LOC106869927	0	-
NC_068998.1	46461324	46461342	0.6280670166015625	NC_068998.1	46460943	46461799	LOC106877380	0	-
NC_068998.1	46461357	46461375	0.3849567174911499	NC_068998.1	46460943	46461799	LOC106877380	0	-
NC_068998.1	46461381	46461392	0.3306405246257782	NC_068998.1	46460943	46461799	LOC106877380	0	-
NC_068998.1	47726110	47726115	0.4146389365196228	NC_068998.1	47725955	47726318	LOC106880090	0	-
NC_068998.1	47726176	47726181	0.4439714550971985	NC_068998.1	47725955	47726318	LOC106880090	0	-
NC_068998.1	48701274	48701291	0.8864598274230957	NC_068998.1	48701250	48702194	LOC106877878	0	+
NC_068998.1	48702365	48702375	0.7531256079673767	NC_068998.1	48702365	48702475	LOC106877878	0	+
NC_068998.1	48702365	48702375	0.7531256079673767	NC_068998.1	48702365	48702475	LOC106877878	0	+
NC_068998.1	48869886	48869921	0.7423216104507446	NC_068998.1	48869209	48870230	LOC106877776	0	+
NC_068998.1	48869940	48869992	0.7343542575836182	NC_068998.1	48869209	48870230	LOC106877776	0	+
NC_068998.1	49982420	49982425	0.35417839884757996	NC_068998.1	49982402	49982502	LOC128249868	0	-
NC_068998.1	52934476	52934491	0.4737754464149475	NC_068998.1	52933869	52935933	LOC106873581	0	-
NC_068998.1	52934476	52934491	0.4737754464149475	NC_068998.1	52933869	52935933	LOC106873581	0	-
NC_068998.1	54905513	54905518	0.4505869448184967	NC_068998.1	54904951	54905620	LOC106883074	0	+
NC_068998.1	54905513	54905518	0.4505869448184967	NC_068998.1	54904952	54905620	LOC106883074	0	+
NC_068998.1	54905513	54905518	0.4505869448184967	NC_068998.1	54904950	54905620	LOC106883074	0	+
NC_068999.1	2320968	2320991	0.7196223735809326	NC_068999.1	2320968	2321039	LOC106880375	0	+
NC_068999.1	2628595	2628611	0.7924109101295471	NC_068999.1	2628145	2628709	LOC106882692	0	+
NC_068999.1	2628595	2628611	0.7924109101295471	NC_068999.1	2628145	2628689	LOC106882692	0	+
NC_068999.1	3946187	3946229	0.405692994594574	NC_068999.1	3946075	3946229	LOC106884051	0	-
NC_068999.1	4764569	4764595	0.905232846736908	NC_068999.1	4763429	4764754	LOC106872700	0	-
NC_068999.1	4931185	4931204	0.5391069650650024	NC_068999.1	4931185	4931313	LOC106869432	0	+
NC_068999.1	4931185	4931204	0.5391069650650024	NC_068999.1	4931185	4931313	LOC106869432	0	+
NC_068999.1	5634030	5634032	0.7462061047554016	NC_068999.1	5634030	5634270	LOC106869569	0	+
NC_068999.1	7172204	7172259	0.7413296699523926	NC_068999.1	7172204	7172768	LOC106867241	0	+
NC_068999.1	22021430	22021441	0.9521673917770386	NC_068999.1	22021430	22021491	LOC106872941	0	+
NC_068999.1	24387978	24387983	0.5220626592636108	NC_068999.1	24387901	24388086	LOC106884107	0	+
NC_068999.1	24387984	24388000	0.368895024061203	NC_068999.1	24387901	24388086	LOC106884107	0	+
NC_068999.1	26595109	26595127	0.7252896428108215	NC_068999.1	26595078	26595214	LOC106877572	0	+
NC_068999.1	31385914	31385932	0.5742568969726562	NC_068999.1	31385763	31385995	LOC106867429	0	-
NC_068999.1	31385914	31385932	0.5742568969726562	NC_068999.1	31385758	31385994	LOC106867429	0	-
NC_068999.1	31385914	31385932	0.5742568969726562	NC_068999.1	31385758	31385997	LOC106867429	0	-
NC_068999.1	47837033	47837094	0.9239679574966431	NC_068999.1	47836069	47837121	LOC106877033	0	-
NC_068999.1	50296306	50296316	0.4125889241695404	NC_068999.1	50295844	50296489	LOC106882868	0	-
NC_068999.1	50296306	50296316	0.4125889241695404	NC_068999.1	50295844	50296489	LOC106882868	0	-
NC_068999.1	50296317	50296323	0.3021951913833618	NC_068999.1	50295844	50296489	LOC106882868	0	-
NC_068999.1	50296317	50296323	0.3021951913833618	NC_068999.1	50295844	50296489	LOC106882868	0	-
NC_068999.1	50296350	50296359	0.366630882024765	NC_068999.1	50295844	50296489	LOC106882868	0	-
NC_068999.1	50296350	50296359	0.366630882024765	NC_068999.1	50295844	50296489	LOC106882868	0	-
NC_068999.1	50335130	50335162	0.6014117002487183	NC_068999.1	50335023	50335779	LOC106882868	0	-
NC_068999.1	50335770	50335779	0.3098459541797638	NC_068999.1	50335023	50335779	LOC106882868	0	-
NC_068999.1	51710772	51710788	0.7131386995315552	NC_068999.1	51710590	51710811	LOC106879061	0	-
NC_068999.1	51710772	51710788	0.7131386995315552	NC_068999.1	51710590	51710811	LOC106879061	0	-
NC_068999.1	52190165	52190183	0.6549027562141418	NC_068999.1	52190106	52190435	LOC106878180	0	+
NC_068999.1	53681418	53681456	0.8994240164756775	NC_068999.1	53681029	53681470	LOC106875423	0	+
NC_068999.1	53681418	53681456	0.8994240164756775	NC_068999.1	53681028	53681470	LOC106875423	0	+
NC_068999.1	53681418	53681456	0.8994240164756775	NC_068999.1	53681028	53681470	LOC106875423	0	+
NC_068999.1	53681418	53681456	0.8994240164756775	NC_068999.1	53681032	53681470	LOC106875423	0	+
NC_068999.1	53681418	53681456	0.8994240164756775	NC_068999.1	53681029	53681470	LOC106875423	0	+
NC_068999.1	53681418	53681456	0.8994240164756775	NC_068999.1	53681032	53681470	LOC106875423	0	+
NC_068999.1	53738411	53738438	0.6847405433654785	NC_068999.1	53737773	53738526	LOC106875423	0	+
NC_068999.1	54054444	54054461	0.5265238285064697	NC_068999.1	54054323	54054512	LOC106875405	0	+
NC_068999.1	54054444	54054461	0.5265238285064697	NC_068999.1	54054323	54054512	LOC106875405	0	+
NC_068999.1	55017808	55017813	0.2905086874961853	NC_068999.1	55017722	55018088	LOC106875420	0	-
NC_069000.1	645899	645916	0.543954074382782	NC_069000.1	645511	646264	LOC106873259	0	-
NC_069000.1	743028	743033	0.25851520895957947	NC_069000.1	743028	743033	LOC106867612	0	-
NC_069000.1	990338	990352	0.40796950459480286	NC_069000.1	990045	990639	LOC106877552	0	+
NC_069000.1	990363	990374	0.3783322274684906	NC_069000.1	990355	990639	LOC106877552	0	+
NC_069000.1	990363	990374	0.3783322274684906	NC_069000.1	990045	990639	LOC106877552	0	+
NC_069000.1	1485529	1485554	0.6209048628807068	NC_069000.1	1485366	1485601	LOC106877543	0	-
NC_069000.1	1485529	1485554	0.6209048628807068	NC_069000.1	1485366	1485601	LOC106877543	0	-
NC_069000.1	1901369	1901426	0.6242586374282837	NC_069000.1	1901351	1903599	LOC106873090	0	-
NC_069000.1	1901451	1901492	0.8805138468742371	NC_069000.1	1901351	1903599	LOC106873090	0	-
NC_069000.1	1901508	1901574	0.8582201600074768	NC_069000.1	1901351	1903599	LOC106873090	0	-
NC_069000.1	6411365	6411377	0.36350885033607483	NC_069000.1	6411260	6411849	LOC106881087	0	-
NC_069000.1	6411385	6411390	0.2993512749671936	NC_069000.1	6411260	6411849	LOC106881087	0	-
NC_069000.1	6411514	6411539	0.4492206871509552	NC_069000.1	6411260	6411849	LOC106881087	0	-
NC_069000.1	6411606	6411642	0.5648010969161987	NC_069000.1	6411260	6411849	LOC106881087	0	-
NC_069000.1	6411681	6411696	0.6013328433036804	NC_069000.1	6411260	6411849	LOC106881087	0	-
NC_069000.1	6455536	6455552	0.3580188453197479	NC_069000.1	6454763	6455906	LOC106869208	0	-
NC_069000.1	6455536	6455552	0.3580188453197479	NC_069000.1	6454763	6455904	LOC106869208	0	-
NC_069000.1	7025520	7025534	0.8391731977462769	NC_069000.1	7025520	7025670	LOC106869195	0	+
NC_069000.1	7889102	7889113	0.4095211327075958	NC_069000.1	7888766	7889163	LOC106869843	0	-
NC_069000.1	7889114	7889125	0.3854996860027313	NC_069000.1	7888766	7889163	LOC106869843	0	-
NC_069000.1	9590066	9590103	0.6430174708366394	NC_069000.1	9590044	9590282	LOC106874755	0	+
NC_069000.1	9590105	9590127	0.6919124126434326	NC_069000.1	9590044	9590282	LOC106874755	0	+
NC_069000.1	9613613	9613648	0.8191824555397034	NC_069000.1	9613008	9614310	LOC106874755	0	+
NC_069000.1	10426919	10426936	0.7875196933746338	NC_069000.1	10426820	10426976	LOC106875384	0	-
NC_069000.1	10426919	10426936	0.7875196933746338	NC_069000.1	10426820	10426976	LOC106875384	0	-
NC_069000.1	10426919	10426936	0.7875196933746338	NC_069000.1	10426820	10426976	LOC106875384	0	-
NC_069000.1	10426919	10426936	0.7875196933746338	NC_069000.1	10426820	10426976	LOC106875384	0	-
NC_069000.1	10426919	10426936	0.7875196933746338	NC_069000.1	10426820	10426975	LOC106875384	0	-
NC_069000.1	14180762	14180777	0.45944395661354065	NC_069000.1	14180068	14180849	LOC106883426	0	-
NC_069000.1	17230060	17230083	0.6001015305519104	NC_069000.1	17229939	17230113	LOC106879801	0	-
NC_069000.1	18535321	18535353	0.709231436252594	NC_069000.1	18535240	18535447	LOC106876504	0	+
NC_069000.1	21237232	21237238	0.29552409052848816	NC_069000.1	21237101	21237244	LOC106874788	0	-
NC_069000.1	21237232	21237238	0.29552409052848816	NC_069000.1	21237101	21237244	LOC106874788	0	-
NC_069000.1	24129995	24130039	0.8744677305221558	NC_069000.1	24129871	24130039	LOC106879452	0	-
NC_069000.1	27180027	27180043	0.7172098755836487	NC_069000.1	27179924	27180067	LOC128250307	0	-
NC_069000.1	33898025	33898031	0.3034715950489044	NC_069000.1	33897576	33898269	LOC106879369	0	+
NC_069000.1	34229048	34229073	0.375033974647522	NC_069000.1	34229029	34230301	LOC106876102	0	+
NC_069000.1	34229048	34229073	0.375033974647522	NC_069000.1	34229026	34230301	LOC106876102	0	+
NC_069000.1	34229106	34229125	0.36399468779563904	NC_069000.1	34229029	34230301	LOC106876102	0	+
NC_069000.1	34229106	34229125	0.36399468779563904	NC_069000.1	34229026	34230301	LOC106876102	0	+
NC_069000.1	34229214	34229226	0.38202783465385437	NC_069000.1	34229029	34230301	LOC106876102	0	+
NC_069000.1	34229214	34229226	0.38202783465385437	NC_069000.1	34229026	34230301	LOC106876102	0	+
NC_069000.1	34229232	34229238	0.27292099595069885	NC_069000.1	34229029	34230301	LOC106876102	0	+
NC_069000.1	34229232	34229238	0.27292099595069885	NC_069000.1	34229026	34230301	LOC106876102	0	+
NC_069000.1	34229257	34229271	0.34111884236335754	NC_069000.1	34229029	34230301	LOC106876102	0	+
NC_069000.1	34229257	34229271	0.34111884236335754	NC_069000.1	34229026	34230301	LOC106876102	0	+
NC_069000.1	34229352	34229357	0.31660765409469604	NC_069000.1	34229029	34230301	LOC106876102	0	+
NC_069000.1	34229352	34229357	0.31660765409469604	NC_069000.1	34229026	34230301	LOC106876102	0	+
NC_069000.1	34229352	34229357	0.31660765409469604	NC_069000.1	34229343	34230301	LOC106876102	0	+
NC_069000.1	36111232	36111248	0.6748576164245605	NC_069000.1	36111022	36111647	LOC106868738	0	-
NC_069000.1	36115459	36115477	0.6316415667533875	NC_069000.1	36115197	36115669	LOC106868738	0	-
NC_069000.1	36459539	36459544	0.37190136313438416	NC_069000.1	36459380	36459605	LOC106882134	0	+
NC_069000.1	36459539	36459544	0.37190136313438416	NC_069000.1	36459381	36459605	LOC106882134	0	+
NC_069000.1	36459539	36459544	0.37190136313438416	NC_069000.1	36459381	36459605	LOC106882134	0	+
NC_069000.1	36459548	36459555	0.35387948155403137	NC_069000.1	36459380	36459605	LOC106882134	0	+
NC_069000.1	36459548	36459555	0.35387948155403137	NC_069000.1	36459381	36459605	LOC106882134	0	+
NC_069000.1	36459548	36459555	0.35387948155403137	NC_069000.1	36459381	36459605	LOC106882134	0	+
NC_069000.1	39041871	39041879	0.36532196402549744	NC_069000.1	39041399	39041926	LOC106873878	0	+
NC_069000.1	39041871	39041879	0.36532196402549744	NC_069000.1	39041399	39041926	LOC106873878	0	+
NC_069000.1	39041871	39041879	0.36532196402549744	NC_069000.1	39041399	39041926	LOC106873878	0	+
NC_069000.1	39041871	39041879	0.36532196402549744	NC_069000.1	39041399	39041926	LOC106873878	0	+
NC_069000.1	39041871	39041879	0.36532196402549744	NC_069000.1	39041399	39041926	LOC106873878	0	+
NC_069000.1	39041871	39041879	0.36532196402549744	NC_069000.1	39041399	39041926	LOC106873878	0	+
NC_069000.1	39041871	39041879	0.36532196402549744	NC_069000.1	39041399	39041926	LOC106873878	0	+
NC_069000.1	40591172	40591217	0.4946979880332947	NC_069000.1	40590630	40591464	LOC106878613	0	+
NC_069000.1	40605469	40605515	0.5004240274429321	NC_069000.1	40605446	40605591	LOC106878613	0	+
NC_069000.1	41665048	41665095	0.9348676800727844	NC_069000.1	41664910	41666290	LOC106875574	0	+
NC_069000.1	44056615	44056634	0.3703901767730713	NC_069000.1	44056063	44056791	LOC106870314	0	-
NC_069000.1	47158723	47158728	0.511978805065155	NC_069000.1	47158469	47159909	LOC106871286	0	+
NC_069000.1	47158739	47158744	0.33038732409477234	NC_069000.1	47158469	47159909	LOC106871286	0	+
NC_069000.1	47237845	47237867	0.8216564059257507	NC_069000.1	47237667	47238047	LOC106871290	0	-
NC_069000.1	47237950	47237966	0.7572720050811768	NC_069000.1	47237667	47238047	LOC106871290	0	-
NC_069000.1	47237967	47238023	0.9426345229148865	NC_069000.1	47237667	47238047	LOC106871290	0	-
NC_069000.1	47249502	47249509	0.2876158654689789	NC_069000.1	47249272	47249623	LOC106871290	0	-
NC_069000.1	47249540	47249552	0.35449567437171936	NC_069000.1	47249272	47249623	LOC106871290	0	-
NC_069000.1	47349112	47349119	0.27983003854751587	NC_069000.1	47348043	47349962	LOC106882899	0	-
NC_069000.1	47351640	47351649	0.41493460536003113	NC_069000.1	47351553	47351649	LOC106882899	0	-
NC_069000.1	47365943	47365957	0.441022664308548	NC_069000.1	47365855	47366092	LOC106882899	0	-
NC_069000.1	47365943	47365957	0.441022664308548	NC_069000.1	47365855	47366092	LOC106882899	0	-
NC_069000.1	47365971	47365985	0.3804733455181122	NC_069000.1	47365855	47366092	LOC106882899	0	-
NC_069000.1	47365971	47365985	0.3804733455181122	NC_069000.1	47365855	47366092	LOC106882899	0	-
NC_069001.1	1069914	1069929	0.7037132382392883	NC_069001.1	1069007	1071345	LOC106878660	0	-
NC_069001.1	1104589	1104621	0.7132821083068848	NC_069001.1	1104326	1105733	LOC106878662	0	-
NC_069001.1	1104755	1104789	0.4631436765193939	NC_069001.1	1104326	1105733	LOC106878662	0	-
NC_069001.1	1941344	1941372	0.2563589811325073	NC_069001.1	1941311	1941372	LOC106877785	0	-
NC_069001.1	2950324	2950335	0.39146050810813904	NC_069001.1	2950058	2950515	LOC106873489	0	-
NC_069001.1	2950355	2950360	0.27400630712509155	NC_069001.1	2950058	2950515	LOC106873489	0	-
NC_069001.1	2950363	2950368	0.2816982567310333	NC_069001.1	2950058	2950515	LOC106873489	0	-
NC_069001.1	2950377	2950394	0.4040311872959137	NC_069001.1	2950058	2950515	LOC106873489	0	-
NC_069001.1	8089801	8089817	0.7678965926170349	NC_069001.1	8089739	8090224	LOC106876937	0	+
NC_069001.1	8110550	8110555	0.38580572605133057	NC_069001.1	8110089	8112076	LOC106876940	0	+
NC_069001.1	8110550	8110555	0.38580572605133057	NC_069001.1	8110089	8112076	LOC106876940	0	+
NC_069001.1	8172248	8172265	0.4019603133201599	NC_069001.1	8172039	8173933	LOC128250443	0	-
NC_069001.1	8594198	8594223	0.4597594439983368	NC_069001.1	8594062	8594223	LOC106880066	0	-
NC_069001.1	13386101	13386131	0.7378371953964233	NC_069001.1	13385823	13386595	LOC106879838	0	-
NC_069001.1	13386526	13386544	0.7280153036117554	NC_069001.1	13385823	13386595	LOC106879838	0	-
NC_069001.1	16935337	16935341	0.8980771899223328	NC_069001.1	16935337	16935637	LOC106877431	0	+
NC_069001.1	16935474	16935530	0.9183229804039001	NC_069001.1	16935337	16935637	LOC106877431	0	+
NC_069001.1	32263816	32263830	0.8920408487319946	NC_069001.1	32263816	32264007	LOC128250433	0	+
NC_069001.1	32330955	32330969	0.5806978940963745	NC_069001.1	32330952	32331435	LOC106882008	0	+
NC_069001.1	32330955	32330969	0.5806978940963745	NC_069001.1	32330952	32331076	LOC106882008	0	+
NC_069001.1	32673851	32673874	0.5477624535560608	NC_069001.1	32673349	32674483	LOC106882020	0	+
NC_069001.1	33791616	33791632	0.7684911489486694	NC_069001.1	33791575	33791640	LOC106884500	0	-
NC_069001.1	33817337	33817353	0.9034221172332764	NC_069001.1	33816946	33817437	LOC106884503	0	-
NC_069001.1	37056564	37056569	0.4696088135242462	NC_069001.1	37056564	37056759	LOC128250461	0	+
NC_069001.1	37056581	37056602	0.5083920359611511	NC_069001.1	37056564	37056759	LOC128250461	0	+
NC_069001.1	37064999	37065016	0.8605052828788757	NC_069001.1	37064633	37065180	LOC106884112	0	-
NC_069001.1	37087408	37087412	0.44212254881858826	NC_069001.1	37087234	37087412	LOC128250457	0	-
NC_069001.1	37087462	37087486	0.49373316764831543	NC_069001.1	37087444	37088112	LOC106884110	0	+
NC_069001.1	37114023	37114043	0.888195812702179	NC_069001.1	37113367	37116606	LOC106884122	0	-
NC_069001.1	37114023	37114043	0.888195812702179	NC_069001.1	37113367	37116606	LOC106884122	0	-
NC_069001.1	37115670	37115680	0.5692750811576843	NC_069001.1	37114058	37116606	LOC106884122	0	-
NC_069001.1	37115670	37115680	0.5692750811576843	NC_069001.1	37113367	37116606	LOC106884122	0	-
NC_069001.1	37115670	37115680	0.5692750811576843	NC_069001.1	37113367	37116606	LOC106884122	0	-
NC_069001.1	37115670	37115680	0.5692750811576843	NC_069001.1	37114058	37116606	LOC106884122	0	-
NC_069001.1	37115714	37115734	0.7905935049057007	NC_069001.1	37114058	37116606	LOC106884122	0	-
NC_069001.1	37115714	37115734	0.7905935049057007	NC_069001.1	37113367	37116606	LOC106884122	0	-
NC_069001.1	37115714	37115734	0.7905935049057007	NC_069001.1	37113367	37116606	LOC106884122	0	-
NC_069001.1	37115714	37115734	0.7905935049057007	NC_069001.1	37114058	37116606	LOC106884122	0	-
NC_069001.1	37115778	37115801	0.7416802048683167	NC_069001.1	37114058	37116606	LOC106884122	0	-
NC_069001.1	37115778	37115801	0.7416802048683167	NC_069001.1	37113367	37116606	LOC106884122	0	-
NC_069001.1	37115778	37115801	0.7416802048683167	NC_069001.1	37113367	37116606	LOC106884122	0	-
NC_069001.1	37115778	37115801	0.7416802048683167	NC_069001.1	37114058	37116606	LOC106884122	0	-
NC_069001.1	37115886	37115907	0.6941829919815063	NC_069001.1	37114058	37116606	LOC106884122	0	-
NC_069001.1	37115886	37115907	0.6941829919815063	NC_069001.1	37113367	37116606	LOC106884122	0	-
NC_069001.1	37115886	37115907	0.6941829919815063	NC_069001.1	37113367	37116606	LOC106884122	0	-
NC_069001.1	37115886	37115907	0.6941829919815063	NC_069001.1	37114058	37116606	LOC106884122	0	-
NC_069001.1	37154864	37154918	0.2592674195766449	NC_069001.1	37152822	37154934	LOC106884125	0	-
NC_069001.1	37154919	37154934	0.26226362586021423	NC_069001.1	37152822	37154934	LOC106884125	0	-
NC_069001.1	37190523	37190536	0.39644578099250793	NC_069001.1	37190512	37190624	LOC106868788	0	+
NC_069001.1	37209329	37209335	0.37417468428611755	NC_069001.1	37208936	37209479	LOC106868819	0	-
NC_069001.1	37265007	37265020	0.47756707668304443	NC_069001.1	37263972	37267944	LOC106868795	0	+
NC_069001.1	37757219	37757242	0.8630477786064148	NC_069001.1	37756180	37757389	LOC106868804	0	+
NC_069001.1	37764214	37764240	0.8781245350837708	NC_069001.1	37764150	37764616	LOC106868804	0	+
NC_069001.1	37784039	37784053	0.36714568734169006	NC_069001.1	37783864	37784142	LOC106868802	0	+
NC_069001.1	37840630	37840658	0.7968606352806091	NC_069001.1	37839919	37840903	LOC106879518	0	-
NC_069001.1	37841500	37841530	0.66717928647995	NC_069001.1	37841072	37842176	LOC106879629	0	+
NC_069001.1	37841535	37841560	0.6900154948234558	NC_069001.1	37841072	37842176	LOC106879629	0	+
NC_069001.1	37841583	37841607	0.7431473135948181	NC_069001.1	37841072	37842176	LOC106879629	0	+
NC_069002.1	1635835	1635879	0.27063068747520447	NC_069002.1	1635835	1635879	LOC106879019	0	-
NC_069002.1	1897044	1897050	0.27829572558403015	NC_069002.1	1897021	1897429	LOC106879976	0	+
NC_069002.1	1897044	1897050	0.27829572558403015	NC_069002.1	1897021	1897429	LOC106879976	0	+
NC_069002.1	1897141	1897173	0.4857631325721741	NC_069002.1	1897021	1897429	LOC106879976	0	+
NC_069002.1	1897141	1897173	0.4857631325721741	NC_069002.1	1897021	1897429	LOC106879976	0	+
NC_069002.1	3262239	3262247	0.40585392713546753	NC_069002.1	3262191	3262311	LOC106870325	0	-
NC_069002.1	3262248	3262255	0.47477856278419495	NC_069002.1	3262191	3262311	LOC106870325	0	-
NC_069002.1	4425130	4425138	0.30697235465049744	NC_069002.1	4425117	4425225	LOC106879215	0	-
NC_069002.1	4668807	4668810	0.4527897834777832	NC_069002.1	4668807	4669998	LOC106868677	0	+
NC_069002.1	8107828	8107842	0.32625913619995117	NC_069002.1	8107826	8107972	LOC106869942	0	+
NC_069002.1	9210379	9210389	0.46872973442077637	NC_069002.1	9210361	9210566	LOC106874147	0	+
NC_069002.1	9210406	9210413	0.33361583948135376	NC_069002.1	9210361	9210566	LOC106874147	0	+
NC_069002.1	9210459	9210464	0.381824254989624	NC_069002.1	9210361	9210566	LOC106874147	0	+
NC_069002.1	9392554	9392559	0.48099011182785034	NC_069002.1	9391699	9392762	LOC106874151	0	+
NC_069002.1	9392569	9392576	0.3450232148170471	NC_069002.1	9391699	9392762	LOC106874151	0	+
NC_069002.1	9392577	9392587	0.3458085060119629	NC_069002.1	9391699	9392762	LOC106874151	0	+
NC_069002.1	9392595	9392600	0.44991666078567505	NC_069002.1	9391699	9392762	LOC106874151	0	+
NC_069002.1	9392603	9392616	0.4045715928077698	NC_069002.1	9391699	9392762	LOC106874151	0	+
NC_069002.1	9445814	9445824	0.6450768113136292	NC_069002.1	9445380	9445941	LOC106874143	0	+
NC_069002.1	9445825	9445906	0.9186237454414368	NC_069002.1	9445380	9445941	LOC106874143	0	+
NC_069002.1	10513839	10513844	0.321090966463089	NC_069002.1	10513204	10515093	LOC106867413	0	+
NC_069002.1	10514038	10514064	0.49290940165519714	NC_069002.1	10513204	10515093	LOC106867413	0	+
NC_069002.1	10514158	10514176	0.35638242959976196	NC_069002.1	10513204	10515093	LOC106867413	0	+
NC_069002.1	10514819	10514883	0.7636172771453857	NC_069002.1	10513204	10515093	LOC106867413	0	+
NC_069002.1	10514942	10514964	0.6737430095672607	NC_069002.1	10513204	10515093	LOC106867413	0	+
NC_069002.1	13673879	13673897	0.8088207840919495	NC_069002.1	13673823	13673912	LOC106869879	0	+
NC_069002.1	13673879	13673897	0.8088207840919495	NC_069002.1	13673823	13673912	LOC106869879	0	+
NC_069002.1	13673879	13673897	0.8088207840919495	NC_069002.1	13673823	13673912	LOC106869879	0	+
NC_069002.1	13752492	13752508	0.45049768686294556	NC_069002.1	13752121	13752540	LOC106874178	0	-
NC_069002.1	21194786	21194805	0.5699766278266907	NC_069002.1	21194627	21195778	LOC106870917	0	-
NC_069002.1	21194924	21194929	0.3306862711906433	NC_069002.1	21194627	21195778	LOC106870917	0	-
NC_069002.1	21195185	21195191	0.3595910966396332	NC_069002.1	21194627	21195778	LOC106870917	0	-
NC_069002.1	25179824	25179875	0.46145835518836975	NC_069002.1	25179815	25180164	LOC106873133	0	+
NC_069002.1	28306897	28306959	0.9248820543289185	NC_069002.1	28306737	28307276	LOC106878540	0	+
NC_069002.1	28306897	28306959	0.9248820543289185	NC_069002.1	28306731	28307276	LOC106878540	0	+
NC_069002.1	28306897	28306959	0.9248820543289185	NC_069002.1	28306731	28307276	LOC106878540	0	+
NC_069002.1	29182386	29182395	0.3323514461517334	NC_069002.1	29182324	29182598	LOC128250516	0	+
NC_069002.1	29182386	29182395	0.3323514461517334	NC_069002.1	29182334	29182598	LOC128250516	0	+
NC_069002.1	29182396	29182408	0.5184609889984131	NC_069002.1	29182324	29182598	LOC128250516	0	+
NC_069002.1	29182396	29182408	0.5184609889984131	NC_069002.1	29182334	29182598	LOC128250516	0	+
NC_069002.1	29243855	29243887	0.6291322112083435	NC_069002.1	29243688	29243899	LOC128250513	0	-
NC_069002.1	31220310	31220316	0.36126530170440674	NC_069002.1	31219925	31221093	LOC106872844	0	-
NC_069002.1	31220543	31220559	0.5412256121635437	NC_069002.1	31219925	31221093	LOC106872844	0	-
NC_069002.1	31220737	31220772	0.6252792477607727	NC_069002.1	31219925	31221093	LOC106872844	0	-
NC_069002.1	31220858	31220874	0.8203058242797852	NC_069002.1	31219925	31221093	LOC106872844	0	-
NC_069002.1	36791159	36791199	0.4129197597503662	NC_069002.1	36791116	36791394	LOC106874451	0	+
NC_069002.1	36791159	36791199	0.4129197597503662	NC_069002.1	36791127	36791394	LOC106874451	0	+
NC_069002.1	36791159	36791199	0.4129197597503662	NC_069002.1	36791141	36791394	LOC106874451	0	+
NC_069002.1	37071231	37071249	0.43577226996421814	NC_069002.1	37071003	37071394	LOC106877128	0	-
NC_069002.1	37405491	37405519	0.42032766342163086	NC_069002.1	37405070	37405999	LOC106880422	0	+
NC_069002.1	37405816	37405824	0.3369894027709961	NC_069002.1	37405070	37405999	LOC106880422	0	+
NC_069002.1	37405825	37405830	0.2646839916706085	NC_069002.1	37405070	37405999	LOC106880422	0	+
NC_069002.1	37496724	37496747	0.7431036233901978	NC_069002.1	37496588	37496844	LOC106877694	0	-
NC_069002.1	37505651	37505663	0.47043243050575256	NC_069002.1	37505567	37505729	LOC106877694	0	-
NC_069002.1	37506714	37506730	0.47624778747558594	NC_069002.1	37506712	37506791	LOC106877696	0	+
NC_069003.1	4073170	4073175	0.6747735142707825	NC_069003.1	4072059	4073175	LOC106870183	0	-
NC_069003.1	4183040	4183067	0.6572502255439758	NC_069003.1	4182857	4183239	LOC128250586	0	+
NC_069003.1	4183093	4183112	0.7132833003997803	NC_069003.1	4182857	4183239	LOC128250586	0	+
NC_069003.1	5337072	5337119	0.8390630483627319	NC_069003.1	5336953	5337254	LOC106871450	0	-
NC_069003.1	5337137	5337142	0.264667809009552	NC_069003.1	5336953	5337254	LOC106871450	0	-
NC_069003.1	5337143	5337148	0.266751766204834	NC_069003.1	5336953	5337254	LOC106871450	0	-
NC_069003.1	5337239	5337254	0.5083205699920654	NC_069003.1	5336953	5337254	LOC106871450	0	-
NC_069003.1	5528739	5528757	0.5574040412902832	NC_069003.1	5528473	5529150	LOC106871347	0	+
NC_069003.1	5528739	5528757	0.5574040412902832	NC_069003.1	5528473	5529150	LOC106871347	0	+
NC_069003.1	5528739	5528757	0.5574040412902832	NC_069003.1	5528473	5529150	LOC106871347	0	+
NC_069003.1	7050250	7050256	0.4563756287097931	NC_069003.1	7049886	7050300	LOC106873856	0	-
NC_069003.1	7145639	7145650	0.3393659293651581	NC_069003.1	7145520	7146245	LOC106873854	0	+
NC_069003.1	7145651	7145660	0.29659777879714966	NC_069003.1	7145520	7146245	LOC106873854	0	+
NC_069003.1	11488207	11488216	0.503157377243042	NC_069003.1	11488041	11488518	LOC106881279	0	+
NC_069003.1	11488221	11488232	0.4375704824924469	NC_069003.1	11488041	11488518	LOC106881279	0	+
NC_069003.1	11689825	11689856	0.37768009305000305	NC_069003.1	11688333	11690973	LOC106880355	0	+
NC_069003.1	11689890	11689907	0.5258116126060486	NC_069003.1	11688333	11690973	LOC106880355	0	+
NC_069003.1	17304822	17304839	0.391651451587677	NC_069003.1	17304700	17305110	LOC106875849	0	+
NC_069003.1	17304822	17304839	0.391651451587677	NC_069003.1	17304700	17305110	LOC106875849	0	+
NC_069003.1	20299463	20299481	0.6611872911453247	NC_069003.1	20298914	20300366	LOC106873787	0	+
NC_069003.1	20299731	20299736	0.37473589181900024	NC_069003.1	20298914	20300366	LOC106873787	0	+
NC_069003.1	23635897	23635912	0.6997339129447937	NC_069003.1	23635827	23636275	LOC106882909	0	-
NC_069003.1	23635973	23635997	0.4234984815120697	NC_069003.1	23635827	23636275	LOC106882909	0	-
NC_069003.1	23636000	23636017	0.36526376008987427	NC_069003.1	23635827	23636275	LOC106882909	0	-
NC_069003.1	23636068	23636090	0.36715129017829895	NC_069003.1	23635827	23636275	LOC106882909	0	-
NC_069003.1	29082958	29082974	0.6214370727539062	NC_069003.1	29082917	29083614	LOC106877242	0	+
NC_069003.1	29082958	29082974	0.6214370727539062	NC_069003.1	29082917	29083614	LOC106877242	0	+
NC_069003.1	29082958	29082974	0.6214370727539062	NC_069003.1	29082917	29083614	LOC106877242	0	+
NC_069003.1	29082979	29082998	0.7208312153816223	NC_069003.1	29082917	29083614	LOC106877242	0	+
NC_069003.1	29082979	29082998	0.7208312153816223	NC_069003.1	29082917	29083614	LOC106877242	0	+
NC_069003.1	29082979	29082998	0.7208312153816223	NC_069003.1	29082917	29083614	LOC106877242	0	+
NC_069003.1	33435601	33435616	0.742877721786499	NC_069003.1	33433844	33435736	LOC106875496	0	+
NC_069003.1	33454699	33454712	0.5775611996650696	NC_069003.1	33454616	33455095	LOC106875494	0	+
NC_069003.1	33591965	33592005	0.40820378065109253	NC_069003.1	33591382	33592351	LOC106868162	0	+
NC_069003.1	33591965	33592005	0.40820378065109253	NC_069003.1	33591372	33592351	LOC106868162	0	+
NC_069003.1	33591965	33592005	0.40820378065109253	NC_069003.1	33591382	33592351	LOC106868162	0	+
NC_069003.1	34076267	34076269	0.8413273096084595	NC_069003.1	34076152	34076269	LOC106873728	0	-
NC_069003.1	34076267	34076272	0.8413273096084595	NC_069003.1	34076152	34076272	LOC106873728	0	-
NC_069003.1	34251993	34252012	0.6841480135917664	NC_069003.1	34251050	34252153	LOC106871210	0	-
NC_069003.1	35139120	35139137	0.28502336144447327	NC_069003.1	35139051	35139137	LOC128250615	0	-
NC_069003.1	35139120	35139137	0.28502336144447327	NC_069003.1	35139051	35139137	LOC128250615	0	-
NC_069003.1	35142804	35142824	0.570309042930603	NC_069003.1	35142698	35142889	LOC128250615	0	-
NC_069003.1	35142804	35142824	0.570309042930603	NC_069003.1	35142698	35142889	LOC128250615	0	-
NC_069003.1	36700126	36700173	0.474954754114151	NC_069003.1	36700064	36700335	LOC106873976	0	-
NC_069003.1	37209406	37209424	0.41704562306404114	NC_069003.1	37209326	37209428	LOC106869010	0	-
NC_069003.1	37209406	37209424	0.41704562306404114	NC_069003.1	37209326	37209436	LOC106869010	0	-
NC_069004.1	1249435	1249443	0.8198421597480774	NC_069004.1	1249270	1249443	LOC106870767	0	-
NC_069004.1	1249435	1249443	0.8198421597480774	NC_069004.1	1249270	1249443	LOC106870767	0	-
NC_069004.1	1249435	1249443	0.8198421597480774	NC_069004.1	1249270	1249443	LOC106870767	0	-
NC_069004.1	1249435	1249443	0.8198421597480774	NC_069004.1	1249270	1249443	LOC106870767	0	-
NC_069004.1	1845875	1845890	0.7519845962524414	NC_069004.1	1845847	1845960	LOC106875900	0	+
NC_069004.1	2206210	2206237	0.6880099177360535	NC_069004.1	2205050	2206502	LOC106877533	0	+
NC_069004.1	2206270	2206290	0.8439452052116394	NC_069004.1	2205050	2206502	LOC106877533	0	+
NC_069004.1	2206361	2206386	0.7404899597167969	NC_069004.1	2205050	2206502	LOC106877533	0	+
NC_069004.1	2278950	2278973	0.8595991730690002	NC_069004.1	2277611	2279139	LOC106877532	0	-
NC_069004.1	2478512	2478546	0.2566867768764496	NC_069004.1	2477466	2478546	LOC106877528	0	-
NC_069004.1	2501666	2501681	0.6280493140220642	NC_069004.1	2501196	2503005	LOC106881434	0	-
NC_069004.1	2528701	2528748	0.819084882736206	NC_069004.1	2528697	2529589	LOC106881429	0	+
NC_069004.1	2528778	2528801	0.8502147793769836	NC_069004.1	2528697	2529589	LOC106881429	0	+
NC_069004.1	2602249	2602262	0.3380070924758911	NC_069004.1	2601745	2602402	LOC106868749	0	-
NC_069004.1	2602341	2602358	0.7694029211997986	NC_069004.1	2601745	2602402	LOC106868749	0	-
NC_069004.1	8447012	8447044	0.425213485956192	NC_069004.1	8446687	8447079	LOC106874605	0	-
NC_069004.1	8976044	8976053	0.2767248749732971	NC_069004.1	8975937	8976504	LOC106880251	0	+
NC_069004.1	8976044	8976053	0.2767248749732971	NC_069004.1	8975952	8976504	LOC106880251	0	+
NC_069004.1	8976044	8976053	0.2767248749732971	NC_069004.1	8975952	8976504	LOC106880251	0	+
NC_069004.1	8976044	8976053	0.2767248749732971	NC_069004.1	8975924	8976504	LOC106880251	0	+
NC_069004.1	8976044	8976053	0.2767248749732971	NC_069004.1	8975953	8976504	LOC106880251	0	+
NC_069004.1	9544058	9544094	0.7643718719482422	NC_069004.1	9544044	9544304	LOC106876234	0	+
NC_069004.1	9544058	9544094	0.7643718719482422	NC_069004.1	9544043	9544304	LOC106876234	0	+
NC_069004.1	9544099	9544119	0.6361080408096313	NC_069004.1	9544044	9544304	LOC106876234	0	+
NC_069004.1	9544099	9544119	0.6361080408096313	NC_069004.1	9544043	9544304	LOC106876234	0	+
NC_069004.1	9544167	9544189	0.4969199299812317	NC_069004.1	9544044	9544304	LOC106876234	0	+
NC_069004.1	9544167	9544189	0.4969199299812317	NC_069004.1	9544043	9544304	LOC106876234	0	+
NC_069004.1	15156018	15156036	0.8588113188743591	NC_069004.1	15155847	15156432	LOC106882398	0	-
NC_069004.1	16583257	16583264	0.5518521070480347	NC_069004.1	16583244	16583597	LOC106869828	0	+
NC_069004.1	17267811	17267823	0.4606199264526367	NC_069004.1	17267793	17268066	LOC106879130	0	+
NC_069004.1	17267811	17267823	0.4606199264526367	NC_069004.1	17267793	17268066	LOC106879130	0	+
NC_069004.1	17267811	17267823	0.4606199264526367	NC_069004.1	17267793	17268066	LOC106879130	0	+
NC_069004.1	17267811	17267823	0.4606199264526367	NC_069004.1	17267793	17268066	LOC106879130	0	+
NC_069004.1	17267842	17267852	0.31720468401908875	NC_069004.1	17267793	17268066	LOC106879130	0	+
NC_069004.1	17267842	17267852	0.31720468401908875	NC_069004.1	17267793	17268066	LOC106879130	0	+
NC_069004.1	17267842	17267852	0.31720468401908875	NC_069004.1	17267793	17268066	LOC106879130	0	+
NC_069004.1	17267842	17267852	0.31720468401908875	NC_069004.1	17267793	17268066	LOC106879130	0	+
NC_069004.1	23213644	23213672	0.5004886388778687	NC_069004.1	23213610	23213763	LOC106872918	0	-
NC_069004.1	24978911	24978943	0.34450116753578186	NC_069004.1	24978870	24979025	LOC106882974	0	-
NC_069004.1	24978957	24978974	0.3429836928844452	NC_069004.1	24978870	24979025	LOC106882974	0	-
NC_069004.1	24978998	24979017	0.36525776982307434	NC_069004.1	24978870	24979025	LOC106882974	0	-
NC_069004.1	29446273	29446291	0.427170068025589	NC_069004.1	29446000	29446736	LOC106884093	0	-
NC_069004.1	29446273	29446291	0.427170068025589	NC_069004.1	29446000	29446736	LOC106884093	0	-
NC_069004.1	29446326	29446342	0.4083535671234131	NC_069004.1	29446000	29446736	LOC106884093	0	-
NC_069004.1	29446326	29446342	0.4083535671234131	NC_069004.1	29446000	29446736	LOC106884093	0	-
NC_069004.1	29446374	29446396	0.41331949830055237	NC_069004.1	29446000	29446736	LOC106884093	0	-
NC_069004.1	29446374	29446396	0.41331949830055237	NC_069004.1	29446000	29446736	LOC106884093	0	-
NC_069004.1	29446506	29446522	0.352754145860672	NC_069004.1	29446000	29446736	LOC106884093	0	-
NC_069004.1	29446506	29446522	0.352754145860672	NC_069004.1	29446000	29446736	LOC106884093	0	-
NC_069004.1	29446676	29446688	0.4026013910770416	NC_069004.1	29446000	29446736	LOC106884093	0	-
NC_069004.1	29446676	29446688	0.4026013910770416	NC_069004.1	29446000	29446736	LOC106884093	0	-
NC_069004.1	31610652	31610657	0.31190329790115356	NC_069004.1	31610417	31610774	LOC106871073	0	-
NC_069004.1	31898491	31898508	0.5296560525894165	NC_069004.1	31898247	31899169	LOC106882839	0	+
NC_069004.1	31898491	31898508	0.5296560525894165	NC_069004.1	31898247	31899747	LOC106882839	0	+
NC_069004.1	31898491	31898508	0.5296560525894165	NC_069004.1	31898247	31899747	LOC106882839	0	+
NC_069004.1	31898491	31898508	0.5296560525894165	NC_069004.1	31898246	31899747	LOC106882839	0	+
NC_069004.1	33400401	33400406	0.3420553207397461	NC_069004.1	33400401	33400520	LOC106873784	0	+
NC_069005.1	216752	216763	0.46001386642456055	NC_069005.1	216751	217149	LOC106871701	0	-
NC_069005.1	216752	216763	0.46001386642456055	NC_069005.1	216751	217147	LOC106871701	0	-
NC_069005.1	217004	217019	0.40746816992759705	NC_069005.1	216751	217149	LOC106871701	0	-
NC_069005.1	217004	217019	0.40746816992759705	NC_069005.1	216751	217147	LOC106871701	0	-
NC_069005.1	217028	217045	0.3793056905269623	NC_069005.1	216751	217149	LOC106871701	0	-
NC_069005.1	217028	217045	0.3793056905269623	NC_069005.1	216751	217147	LOC106871701	0	-
NC_069005.1	217100	217127	0.4597291648387909	NC_069005.1	216751	217149	LOC106871701	0	-
NC_069005.1	217100	217127	0.4597291648387909	NC_069005.1	216751	217147	LOC106871701	0	-
NC_069005.1	217134	217149	0.4299575388431549	NC_069005.1	216751	217149	LOC106871701	0	-
NC_069005.1	217134	217147	0.4299575388431549	NC_069005.1	216751	217147	LOC106871701	0	-
NC_069005.1	458257	458287	0.7511103749275208	NC_069005.1	458103	458434	LOC106869561	0	-
NC_069005.1	466094	466141	0.9269036054611206	NC_069005.1	464878	466730	LOC106869561	0	-
NC_069005.1	1721673	1721683	0.40822529792785645	NC_069005.1	1721314	1721789	LOC106882833	0	-
NC_069005.1	1721768	1721789	0.45935916900634766	NC_069005.1	1721314	1721789	LOC106882833	0	-
NC_069005.1	6923144	6923217	0.792881429195404	NC_069005.1	6923144	6923416	LOC106875049	0	+
NC_069005.1	6923221	6923237	0.5089807510375977	NC_069005.1	6923144	6923416	LOC106875049	0	+
NC_069005.1	14796044	14796049	0.30241164565086365	NC_069005.1	14796038	14796883	LOC106871259	0	+
NC_069005.1	14796044	14796049	0.30241164565086365	NC_069005.1	14796038	14796883	LOC106871259	0	+
NC_069005.1	14796050	14796056	0.40946152806282043	NC_069005.1	14796038	14796883	LOC106871259	0	+
NC_069005.1	14796050	14796056	0.40946152806282043	NC_069005.1	14796038	14796883	LOC106871259	0	+
NC_069005.1	21316012	21316029	0.4765835404396057	NC_069005.1	21315791	21316172	LOC106878722	0	+
NC_069005.1	21316086	21316097	0.3883560299873352	NC_069005.1	21315791	21316172	LOC106878722	0	+
NC_069005.1	21316098	21316127	0.4055202305316925	NC_069005.1	21315791	21316172	LOC106878722	0	+
NC_069005.1	24146803	24146832	0.7213891744613647	NC_069005.1	24146007	24146947	LOC106882305	0	-
NC_069005.1	24146859	24146883	0.6224812865257263	NC_069005.1	24146007	24146947	LOC106882305	0	-
NC_069005.1	26645134	26645146	0.2755996584892273	NC_069005.1	26644875	26645213	LOC106877623	0	+
NC_069005.1	26645134	26645146	0.2755996584892273	NC_069005.1	26644876	26645213	LOC106877623	0	+
NC_069005.1	27666888	27666939	0.882610559463501	NC_069005.1	27666806	27668318	LOC106879040	0	-
NC_069005.1	27667023	27667044	0.5469404458999634	NC_069005.1	27666806	27668318	LOC106879040	0	-
NC_069005.1	27667428	27667434	0.3178522288799286	NC_069005.1	27666806	27668318	LOC106879040	0	-
NC_069005.1	27667848	27667860	0.35949936509132385	NC_069005.1	27666806	27668318	LOC106879040	0	-
NC_069005.1	27667897	27667987	0.8902543187141418	NC_069005.1	27666806	27668318	LOC106879040	0	-
NC_069005.1	27668016	27668055	0.8284539580345154	NC_069005.1	27666806	27668318	LOC106879040	0	-
NC_069005.1	27668178	27668194	0.42758965492248535	NC_069005.1	27666806	27668318	LOC106879040	0	-
NC_069005.1	28362631	28362649	0.7151474356651306	NC_069005.1	28362349	28362679	LOC106868694	0	-
NC_069005.1	28362664	28362679	0.5603764057159424	NC_069005.1	28362349	28362679	LOC106868694	0	-
NC_069005.1	28436176	28436178	0.2578825354576111	NC_069005.1	28436024	28436178	LOC106868692	0	-
NC_069005.1	28999937	28999983	0.9377023577690125	NC_069005.1	28999643	29000800	LOC106883896	0	+
NC_069005.1	28999988	29000045	0.9513947367668152	NC_069005.1	28999643	29000800	LOC106883896	0	+
NC_069005.1	31347960	31347973	0.5175148248672485	NC_069005.1	31347871	31348038	LOC106880688	0	+
NC_069005.1	31347960	31347973	0.5175148248672485	NC_069005.1	31347871	31348034	LOC106880688	0	+
NC_069005.1	32484528	32484548	0.37768110632896423	NC_069005.1	32484099	32484983	LOC106870667	0	-
NC_069005.1	32484665	32484690	0.7832587361335754	NC_069005.1	32484099	32484983	LOC106870667	0	-
NC_069005.1	34847506	34847521	0.6137367486953735	NC_069005.1	34847219	34847995	LOC106869064	0	-
NC_069005.1	34847506	34847521	0.6137367486953735	NC_069005.1	34847219	34847995	LOC106869064	0	-
NC_069005.1	34847573	34847595	0.651743471622467	NC_069005.1	34847219	34847995	LOC106869064	0	-
NC_069005.1	34847573	34847595	0.651743471622467	NC_069005.1	34847219	34847995	LOC106869064	0	-
NC_069005.1	34871341	34871360	0.9363168478012085	NC_069005.1	34870958	34871706	LOC106869064	0	-
NC_069005.1	34871341	34871360	0.9363168478012085	NC_069005.1	34870958	34871706	LOC106869064	0	-
NC_069005.1	35261416	35261418	0.8411732912063599	NC_069005.1	35261416	35261579	LOC106872871	0	+
NC_069005.1	35261416	35261418	0.8411732912063599	NC_069005.1	35261416	35261523	LOC106872871	0	+
NC_069005.1	35261416	35261418	0.8411732912063599	NC_069005.1	35261416	35261523	LOC106872871	0	+
NC_069006.1	890512	890529	0.732495903968811	NC_069006.1	890511	890611	LOC106871338	0	-
NC_069006.1	5708935	5708950	0.8734875321388245	NC_069006.1	5708716	5709117	LOC106872992	0	-
NC_069006.1	5709065	5709071	0.297334223985672	NC_069006.1	5708716	5709117	LOC106872992	0	-
NC_069006.1	5709079	5709085	0.4125570058822632	NC_069006.1	5708716	5709117	LOC106872992	0	-
NC_069006.1	7494073	7494082	0.3399182856082916	NC_069006.1	7493983	7494452	LOC106874643	0	-
NC_069006.1	19075974	19075986	0.47966107726097107	NC_069006.1	19075921	19077495	LOC106870348	0	+
NC_069006.1	19075974	19075986	0.47966107726097107	NC_069006.1	19075915	19077495	LOC106870348	0	+
NC_069006.1	19075974	19075986	0.47966107726097107	NC_069006.1	19075918	19077495	LOC106870348	0	+
NC_069006.1	19075974	19075986	0.47966107726097107	NC_069006.1	19075917	19077495	LOC106870348	0	+
NC_069006.1	19075974	19075986	0.47966107726097107	NC_069006.1	19075914	19077495	LOC106870348	0	+
NC_069006.1	19076321	19076326	0.3220342695713043	NC_069006.1	19075921	19077495	LOC106870348	0	+
NC_069006.1	19076321	19076326	0.3220342695713043	NC_069006.1	19075915	19077495	LOC106870348	0	+
NC_069006.1	19076321	19076326	0.3220342695713043	NC_069006.1	19075918	19077495	LOC106870348	0	+
NC_069006.1	19076321	19076326	0.3220342695713043	NC_069006.1	19075917	19077495	LOC106870348	0	+
NC_069006.1	19076321	19076326	0.3220342695713043	NC_069006.1	19075914	19077495	LOC106870348	0	+
NC_069006.1	19077702	19077717	0.3708046078681946	NC_069006.1	19077540	19078419	LOC106870348	0	+
NC_069006.1	19077944	19077982	0.895341694355011	NC_069006.1	19077540	19078419	LOC106870348	0	+
NC_069006.1	19078030	19078049	0.8811048269271851	NC_069006.1	19077540	19078419	LOC106870348	0	+
NC_069006.1	19078069	19078088	0.8530270457267761	NC_069006.1	19077540	19078419	LOC106870348	0	+
NC_069006.1	19078169	19078176	0.4116184413433075	NC_069006.1	19077540	19078419	LOC106870348	0	+
NC_069006.1	19078179	19078188	0.3874542713165283	NC_069006.1	19077540	19078419	LOC106870348	0	+
NC_069006.1	19648458	19648473	0.9236837029457092	NC_069006.1	19648458	19649827	LOC106872381	0	+
NC_069006.1	20445616	20445634	0.3350640535354614	NC_069006.1	20445411	20446394	LOC106869026	0	-
NC_069006.1	20454670	20454677	0.38074803352355957	NC_069006.1	20454601	20454857	LOC106869026	0	-
NC_069006.1	22595835	22595851	0.8412497043609619	NC_069006.1	22595112	22596315	LOC106876519	0	-
NC_069006.1	22596030	22596053	0.8840446472167969	NC_069006.1	22595112	22596315	LOC106876519	0	-
NC_069006.1	22703338	22703354	0.5752573609352112	NC_069006.1	22703330	22703549	LOC106876518	0	+
NC_069006.1	25472914	25472936	0.6008496880531311	NC_069006.1	25472726	25472946	LOC106871850	0	-
NC_069006.1	26262969	26263006	0.7473276853561401	NC_069006.1	26262969	26263165	LOC106882123	0	+
NC_069006.1	26262971	26263006	0.7473276853561401	NC_069006.1	26262971	26263177	LOC106882123	0	+
NC_069006.1	26328176	26328191	0.42591002583503723	NC_069006.1	26328154	26328236	LOC106882124	0	-
NC_069007.1	10057	10075	0.630687415599823	NC_069007.1	9946	10496	LOC106881295	0	-
NC_069007.1	20657	20688	0.5757074952125549	NC_069007.1	20079	21433	LOC106881298	0	-
NC_069007.1	63192	63213	0.7347747087478638	NC_069007.1	63045	63242	LOC106881296	0	-
NC_069007.1	3632376	3632412	0.5442528128623962	NC_069007.1	3630470	3632723	LOC106883377	0	-
NC_069007.1	4008661	4008669	0.2876378893852234	NC_069007.1	4008633	4008760	LOC106879168	0	+
NC_069007.1	6949717	6949732	0.465914249420166	NC_069007.1	6949474	6949794	LOC106882779	0	-
NC_069007.1	6949717	6949732	0.465914249420166	NC_069007.1	6949320	6949794	LOC106882779	0	-
NC_069007.1	6949717	6949732	0.465914249420166	NC_069007.1	6949320	6949796	LOC106882779	0	-
NC_069007.1	6949717	6949732	0.465914249420166	NC_069007.1	6949320	6949796	LOC106882779	0	-
NC_069007.1	6949717	6949732	0.465914249420166	NC_069007.1	6949474	6949796	LOC106882779	0	-
NC_069007.1	7026130	7026158	0.7309693694114685	NC_069007.1	7024627	7026410	LOC106868984	0	+
NC_069007.1	7026175	7026209	0.8039000630378723	NC_069007.1	7024627	7026410	LOC106868984	0	+
NC_069007.1	7026233	7026260	0.7372772097587585	NC_069007.1	7024627	7026410	LOC106868984	0	+
NC_069007.1	7411536	7411567	0.8379297852516174	NC_069007.1	7410833	7411748	LOC106881898	0	-
NC_069007.1	7842273	7842292	0.43449610471725464	NC_069007.1	7842145	7842292	LOC106881252	0	-
NC_069007.1	10125806	10125812	0.2814507484436035	NC_069007.1	10125374	10125907	LOC106874775	0	-
NC_069007.1	13054105	13054113	0.8971792459487915	NC_069007.1	13054105	13054575	LOC106867683	0	+
NC_069007.1	13054107	13054113	0.8971792459487915	NC_069007.1	13054107	13054575	LOC106867683	0	+
NC_069007.1	13054165	13054190	0.9262421131134033	NC_069007.1	13054105	13054575	LOC106867683	0	+
NC_069007.1	13054165	13054190	0.9262421131134033	NC_069007.1	13054107	13054575	LOC106867683	0	+
NC_069007.1	14182870	14182876	0.30693933367729187	NC_069007.1	14182298	14182880	LOC106877416	0	-
NC_069007.1	14182877	14182880	0.36173754930496216	NC_069007.1	14182298	14182880	LOC106877416	0	-
NC_069007.1	14328729	14328743	0.42423364520072937	NC_069007.1	14327311	14329374	LOC106878772	0	+
NC_069007.1	14328910	14328929	0.6180164217948914	NC_069007.1	14327311	14329374	LOC106878772	0	+
NC_069007.1	16432255	16432274	0.6026241779327393	NC_069007.1	16432012	16432469	LOC106883444	0	-
NC_069007.1	16841986	16842016	0.9033411145210266	NC_069007.1	16841701	16842792	LOC106881978	0	+
NC_069007.1	18525107	18525130	0.44045549631118774	NC_069007.1	18525107	18525248	LOC106883794	0	+
NC_069007.1	18525107	18525130	0.44045549631118774	NC_069007.1	18525107	18525300	LOC106883794	0	+
NC_069007.1	20404422	20404431	0.35832512378692627	NC_069007.1	20403395	20405148	LOC106867727	0	-
NC_069007.1	20858711	20858717	0.4273277819156647	NC_069007.1	20858074	20858787	LOC128246991	0	+
NC_069007.1	20991876	20991881	0.28779336810112	NC_069007.1	20991868	20992225	LOC106870986	0	+
NC_069007.1	20992223	20992225	0.3908979892730713	NC_069007.1	20991868	20992225	LOC106870986	0	+
NC_069007.1	21157328	21157351	0.5715221166610718	NC_069007.1	21157320	21157698	LOC128251005	0	-
NC_069007.1	21388524	21388541	0.6032662391662598	NC_069007.1	21388132	21388700	LOC106867800	0	-
NC_069007.1	21388524	21388541	0.6032662391662598	NC_069007.1	21388132	21388699	LOC106867800	0	-
NC_069007.1	21393193	21393199	0.3388001620769501	NC_069007.1	21392441	21393622	LOC106867801	0	+
NC_069007.1	21988125	21988144	0.5882331132888794	NC_069007.1	21987967	21988212	LOC106870514	0	-
NC_069007.1	21988125	21988144	0.5882331132888794	NC_069007.1	21987967	21988212	LOC106870514	0	-
NC_069007.1	21988169	21988185	0.48638778924942017	NC_069007.1	21987967	21988212	LOC106870514	0	-
NC_069007.1	21988169	21988185	0.48638778924942017	NC_069007.1	21987967	21988212	LOC106870514	0	-
NC_069008.1	1585243	1585261	0.8787117600440979	NC_069008.1	1585128	1585748	LOC128251087	0	+
NC_069008.1	1585243	1585261	0.8787117600440979	NC_069008.1	1585128	1585748	LOC128251087	0	+
NC_069008.1	1585632	1585646	0.42856234312057495	NC_069008.1	1585128	1585748	LOC128251087	0	+
NC_069008.1	1585632	1585646	0.42856234312057495	NC_069008.1	1585128	1585748	LOC128251087	0	+
NC_069008.1	2000067	2000091	0.8518983721733093	NC_069008.1	1999738	2000114	LOC128251054	0	-
NC_069008.1	2091102	2091121	0.928814709186554	NC_069008.1	2091005	2091169	LOC106878326	0	-
NC_069008.1	2091136	2091169	0.2579161822795868	NC_069008.1	2091005	2091169	LOC106878326	0	-
NC_069008.1	2146133	2146150	0.810617983341217	NC_069008.1	2146081	2146268	LOC106878339	0	+
NC_069008.1	2186967	2186983	0.8535336852073669	NC_069008.1	2186867	2187016	LOC106878344	0	-
NC_069008.1	2189344	2189360	0.25632354617118835	NC_069008.1	2188990	2189360	LOC106878344	0	-
NC_069008.1	2192557	2192572	0.8669872283935547	NC_069008.1	2191721	2194093	LOC106878344	0	-
NC_069008.1	2192557	2192572	0.8669872283935547	NC_069008.1	2191721	2194093	LOC106878344	0	-
NC_069008.1	2227842	2227846	0.500879168510437	NC_069008.1	2227687	2227846	LOC106878343	0	-
NC_069008.1	4073298	4073337	0.7692084312438965	NC_069008.1	4072849	4073337	LOC106873791	0	-
NC_069008.1	5662779	5662797	0.375987708568573	NC_069008.1	5662635	5662962	LOC128251040	0	-
NC_069008.1	5706155	5706175	0.683549702167511	NC_069008.1	5706032	5706274	LOC106880991	0	-
NC_069008.1	5756893	5756912	0.9104199409484863	NC_069008.1	5756744	5757096	LOC106880980	0	-
NC_069008.1	5756980	5756997	0.8848668932914734	NC_069008.1	5756744	5757096	LOC106880980	0	-
NC_069008.1	5757050	5757067	0.8403524160385132	NC_069008.1	5756744	5757096	LOC106880980	0	-
NC_069008.1	5767128	5767149	0.687728762626648	NC_069008.1	5767003	5767236	LOC106880980	0	-
NC_069008.1	5778727	5778738	0.4511590600013733	NC_069008.1	5778727	5778877	LOC106871782	0	+
NC_069008.1	5842584	5842593	0.3273541033267975	NC_069008.1	5842437	5842887	LOC106871794	0	-
NC_069008.1	5842584	5842593	0.3273541033267975	NC_069008.1	5842437	5842886	LOC106871794	0	-
NC_069008.1	5865357	5865374	0.4737570285797119	NC_069008.1	5865218	5865450	LOC106871785	0	-
NC_069008.1	7417175	7417184	0.5346250534057617	NC_069008.1	7417022	7417364	LOC106872547	0	+
NC_069008.1	7992912	7992928	0.5517727732658386	NC_069008.1	7992676	7993424	LOC106879244	0	-
NC_069008.1	7992912	7992928	0.5517727732658386	NC_069008.1	7992676	7993422	LOC106879244	0	-
NC_069008.1	7992912	7992928	0.5517727732658386	NC_069008.1	7992676	7993417	LOC106879244	0	-
NC_069008.1	8565840	8565883	0.6096569299697876	NC_069008.1	8565824	8566207	LOC128251187	0	+
NC_069008.1	11680332	11680352	0.6884087920188904	NC_069008.1	11678924	11680523	LOC106868858	0	-
NC_069008.1	11912310	11912317	0.312136173248291	NC_069008.1	11912137	11912421	LOC106873531	0	+
NC_069008.1	11965746	11965764	0.704400897026062	NC_069008.1	11965497	11966791	LOC106873529	0	+
NC_069008.1	11965824	11965841	0.6982606053352356	NC_069008.1	11965497	11966791	LOC106873529	0	+
NC_069008.1	11965905	11965932	0.7437103986740112	NC_069008.1	11965497	11966791	LOC106873529	0	+
NC_069008.1	12135258	12135275	0.3800363540649414	NC_069008.1	12135113	12136422	LOC106882948	0	-
NC_069008.1	12231369	12231374	0.5152639150619507	NC_069008.1	12231369	12231482	LOC106868404	0	+
NC_069008.1	12513715	12513739	0.5131551623344421	NC_069008.1	12513131	12513840	LOC106870871	0	-
NC_069008.1	12665735	12665748	0.80589359998703	NC_069008.1	12665649	12666417	LOC106881501	0	-
NC_069008.1	12666121	12666135	0.5083910822868347	NC_069008.1	12665649	12666417	LOC106881501	0	-
NC_069008.1	13103316	13103340	0.7413950562477112	NC_069008.1	13102264	13103624	LOC128251175	0	+
NC_069008.1	15035782	15035796	0.4209834635257721	NC_069008.1	15034470	15036677	LOC106873065	0	+
NC_069008.1	15184601	15184612	0.36463725566864014	NC_069008.1	15184189	15185514	LOC106873073	0	+
NC_069008.1	15184613	15184625	0.379656583070755	NC_069008.1	15184189	15185514	LOC106873073	0	+
NC_069008.1	15185331	15185336	0.3221604824066162	NC_069008.1	15184189	15185514	LOC106873073	0	+
NC_069008.1	15245765	15245771	0.42478880286216736	NC_069008.1	15245666	15245862	LOC106873072	0	-
NC_069008.1	15313457	15313476	0.5872963070869446	NC_069008.1	15313117	15313671	LOC106873058	0	+
NC_069008.1	15453878	15453898	0.5921088457107544	NC_069008.1	15453315	15454076	LOC106872079	0	+
NC_069008.1	15484792	15484815	0.8706544637680054	NC_069008.1	15484755	15484901	LOC128251079	0	+
NC_069008.1	15484837	15484853	0.9184563755989075	NC_069008.1	15484755	15484901	LOC128251079	0	+
NC_069008.1	15508006	15508013	0.3500995337963104	NC_069008.1	15507076	15508169	LOC106872079	0	+
NC_069008.1	15572414	15572430	0.4203665852546692	NC_069008.1	15572260	15572711	LOC106873840	0	-
NC_069008.1	15573108	15573126	0.7058654427528381	NC_069008.1	15572738	15573280	LOC128251075	0	+
NC_069008.1	15605202	15605207	0.35598140954971313	NC_069008.1	15604976	15605250	LOC128251069	0	-
NC_069008.1	15661789	15661811	0.5133005976676941	NC_069008.1	15661327	15661965	LOC106877433	0	-
NC_069008.1	15671026	15671035	0.308671236038208	NC_069008.1	15670775	15671116	LOC106883531	0	-
NC_069008.1	15945096	15945101	0.2838001251220703	NC_069008.1	15945092	15945283	LOC106883567	0	+
NC_069008.1	16133016	16133032	0.8039581775665283	NC_069008.1	16131844	16134167	LOC106868503	0	+
NC_069008.1	16133073	16133097	0.8842474818229675	NC_069008.1	16131844	16134167	LOC106868503	0	+
NC_069008.1	16264156	16264172	0.8536447882652283	NC_069008.1	16263844	16264849	LOC106868518	0	-
NC_069008.1	16264156	16264172	0.8536447882652283	NC_069008.1	16263844	16264849	LOC106868518	0	-
NC_069008.1	16264156	16264172	0.8536447882652283	NC_069008.1	16263795	16264849	LOC106868518	0	-
NC_069008.1	16264181	16264205	0.8884227871894836	NC_069008.1	16263844	16264849	LOC106868518	0	-
NC_069008.1	16264181	16264205	0.8884227871894836	NC_069008.1	16263844	16264849	LOC106868518	0	-
NC_069008.1	16264181	16264205	0.8884227871894836	NC_069008.1	16263795	16264849	LOC106868518	0	-
NC_069008.1	16513709	16513717	0.3922511339187622	NC_069008.1	16513709	16514047	LOC128251121	0	+
NC_069008.1	16513709	16513717	0.3922511339187622	NC_069008.1	16513709	16514117	LOC128251121	0	+
NC_069008.1	16513729	16513752	0.3736688494682312	NC_069008.1	16513709	16514047	LOC128251121	0	+
NC_069008.1	16513729	16513752	0.3736688494682312	NC_069008.1	16513709	16514117	LOC128251121	0	+
NC_069008.1	16533664	16533678	0.2544836699962616	NC_069008.1	16532719	16533678	LOC128251111	0	-
NC_069008.1	16575508	16575520	0.3980233371257782	NC_069008.1	16574907	16576180	LOC106883481	0	+
NC_069008.1	17349517	17349533	0.8880744576454163	NC_069008.1	17349385	17349594	LOC106867523	0	-
NC_069008.1	17965294	17965304	0.3577410876750946	NC_069008.1	17964430	17965332	LOC106872276	0	-
NC_069008.1	17966772	17966780	0.3619486689567566	NC_069008.1	17966493	17966874	LOC106872276	0	-
NC_069008.1	17966781	17966786	0.28814631700515747	NC_069008.1	17966493	17966874	LOC106872276	0	-
NC_069009.1	414290	414300	0.44260042905807495	NC_069009.1	413656	414476	LOC106882146	0	-
NC_069009.1	425154	425167	0.4270564317703247	NC_069009.1	424071	425215	LOC106882146	0	-
NC_069009.1	425154	425167	0.4270564317703247	NC_069009.1	424071	425215	LOC106882146	0	-
NC_069009.1	425154	425167	0.4270564317703247	NC_069009.1	424071	425216	LOC106882146	0	-
NC_069009.1	425154	425167	0.4270564317703247	NC_069009.1	424071	425216	LOC106882146	0	-
NC_069009.1	550020	550051	0.8901086449623108	NC_069009.1	549747	550535	LOC128251256	0	+
NC_069009.1	809438	809461	0.5209223031997681	NC_069009.1	809352	809461	LOC128251244	0	-
NC_069009.1	826184	826190	0.36412951350212097	NC_069009.1	825468	826330	LOC106873851	0	-
NC_069009.1	1044971	1044975	0.5470193028450012	NC_069009.1	1044971	1045275	LOC106867743	0	+
NC_069009.1	1044971	1044975	0.5470193028450012	NC_069009.1	1044971	1045275	LOC106867743	0	+
NC_069009.1	1144060	1144082	0.7351224422454834	NC_069009.1	1143813	1144382	LOC106867742	0	+
NC_069009.1	1144288	1144307	0.8118069767951965	NC_069009.1	1143813	1144382	LOC106867742	0	+
NC_069009.1	1289996	1290021	0.920329749584198	NC_069009.1	1289789	1290282	LOC106879013	0	-
NC_069009.1	1318876	1318891	0.5429525375366211	NC_069009.1	1318700	1319036	LOC106873425	0	+
NC_069009.1	1380314	1380330	0.7749183177947998	NC_069009.1	1379900	1380353	LOC106873435	0	+
NC_069009.1	1652429	1652452	0.4789911210536957	NC_069009.1	1651964	1652867	LOC106878082	0	+
NC_069009.1	1717025	1717044	0.6975568532943726	NC_069009.1	1716756	1717436	LOC106884131	0	+
NC_069009.1	1717118	1717137	0.8037057518959045	NC_069009.1	1716756	1717436	LOC106884131	0	+
NC_069009.1	1717145	1717152	0.7646898627281189	NC_069009.1	1716756	1717436	LOC106884131	0	+
NC_069009.1	3171685	3171726	0.48091572523117065	NC_069009.1	3171479	3172380	LOC106871537	0	+
NC_069009.1	4160295	4160313	0.8458078503608704	NC_069009.1	4159916	4161394	LOC106878260	0	+
NC_069009.1	8673007	8673016	0.3305170238018036	NC_069009.1	8672701	8673184	LOC106868303	0	+
NC_069009.1	9558349	9558362	0.6818735003471375	NC_069009.1	9558349	9558529	LOC106878784	0	+
NC_069009.1	9674963	9674976	0.8942145109176636	NC_069009.1	9674892	9675176	LOC106872528	0	-
NC_069009.1	9674963	9674976	0.8942145109176636	NC_069009.1	9674892	9675176	LOC106872528	0	-
NC_069009.1	10189680	10189689	0.6950615644454956	NC_069009.1	10189610	10189689	LOC128251221	0	-
NC_069010.1	1403680	1403691	0.3866783380508423	NC_069010.1	1403644	1403933	LOC106873635	0	-
NC_069010.1	3034698	3034715	0.6390669941902161	NC_069010.1	3034698	3035080	LOC106883927	0	+
NC_069010.1	3034697	3034715	0.6390669941902161	NC_069010.1	3034697	3035080	LOC106883927	0	+
NC_069010.1	4519968	4519973	0.647708535194397	NC_069010.1	4519766	4520072	LOC128251305	0	-
NC_069010.1	4519990	4519997	0.425614595413208	NC_069010.1	4519766	4520072	LOC128251305	0	-
NC_069010.1	4521818	4521838	0.7693578004837036	NC_069010.1	4521600	4522302	LOC128251305	0	-
NC_069010.1	4521818	4521838	0.7693578004837036	NC_069010.1	4521600	4522302	LOC128251305	0	-
NC_069010.1	4521915	4521939	0.6238164901733398	NC_069010.1	4521600	4522302	LOC128251305	0	-
NC_069010.1	4521915	4521939	0.6238164901733398	NC_069010.1	4521600	4522302	LOC128251305	0	-
NC_069010.1	4521975	4521999	0.4896712005138397	NC_069010.1	4521600	4522302	LOC128251305	0	-
NC_069010.1	4521975	4521999	0.4896712005138397	NC_069010.1	4521600	4522302	LOC128251305	0	-
NC_069010.1	6504105	6504111	0.6139642000198364	NC_069010.1	6504105	6504207	LOC106877142	0	+
NC_069010.1	7444351	7444365	0.5028463006019592	NC_069010.1	7442993	7445487	LOC106874992	0	+
NC_069010.1	7444484	7444502	0.8578855991363525	NC_069010.1	7442993	7445487	LOC106874992	0	+
NC_069010.1	9021778	9021785	0.3603598475456238	NC_069010.1	9021080	9021900	LOC106879204	0	+
NC_069010.1	9021778	9021785	0.3603598475456238	NC_069010.1	9021081	9022215	LOC106879204	0	+
NC_069010.1	9400579	9400588	0.45817831158638	NC_069010.1	9400295	9401022	LOC106882469	0	+
NC_069010.1	9400637	9400644	0.4444372355937958	NC_069010.1	9400295	9401022	LOC106882469	0	+
NW_026305254.1	72452	72466	0.3236975371837616	NW_026305254.1	72347	72467	LOC106873054	0	-
NW_026305254.1	72452	72466	0.3236975371837616	NW_026305254.1	72347	72467	LOC106873054	0	-
NW_026315910.1	19447	19454	0.3474779427051544	NW_026315910.1	19270	20148	LOC106875647	0	+
NW_026315910.1	19464	19481	0.37070852518081665	NW_026315910.1	19270	20148	LOC106875647	0	+
NW_026315910.1	19937	19942	0.29279157519340515	NW_026315910.1	19270	20148	LOC106875647	0	+
NW_026365845.1	30671	30692	0.9001368284225464	NW_026365845.1	29963	31486	LOC106878974	0	+
NW_026365845.1	31318	31333	0.7267618179321289	NW_026365845.1	29963	31486	LOC106878974	0	+
NW_026412878.1	7347	7372	0.8175966143608093	NW_026412878.1	7194	7506	LOC128251530	0	-
NW_026412878.1	7383	7408	0.8397950530052185	NW_026412878.1	7194	7506	LOC128251530	0	-
NW_026412878.1	7419	7451	0.6681540012359619	NW_026412878.1	7194	7506	LOC128251530	0	-
NW_026412878.1	7456	7462	0.2518194317817688	NW_026412878.1	7194	7506	LOC128251530	0	-
NW_026412878.1	7469	7477	0.2519621253013611	NW_026412878.1	7194	7506	LOC128251530	0	-
NW_026412878.1	7479	7489	0.2520606219768524	NW_026412878.1	7194	7506	LOC128251530	0	-
NW_026412878.1	7495	7500	0.25209423899650574	NW_026412878.1	7194	7506	LOC128251530	0	-
NW_026412878.1	7501	7506	0.25428342819213867	NW_026412878.1	7194	7506	LOC128251530	0	-
NW_026430925.1	19560	19579	0.8487594723701477	NW_026430925.1	19368	19614	LOC106879904	0	+
NW_026439423.1	13804	13825	0.8769475817680359	NW_026439423.1	13786	13955	LOC106881960	0	+
NW_026439423.1	13804	13825	0.8769475817680359	NW_026439423.1	13779	13955	LOC106881960	0	+
NW_026439423.1	13888	13896	0.4964873790740967	NW_026439423.1	13786	13955	LOC106881960	0	+
NW_026439423.1	13888	13896	0.4964873790740967	NW_026439423.1	13779	13955	LOC106881960	0	+
